SailName,Timestamp(s),DistEarth(Km),DistSun(Km),Velocity(Km/s),TotalForce(N),SolarPressure(Pa),IncidenceAngle(deg),ActivePhotons
SolarSail_5,0.008,42157.00,0.9997,0.0000,0.0000e+00,0.0000e+00,90.00,0
SolarSail_5,0.166,42157.00,0.9997,0.0000,0.0000e+00,0.0000e+00,90.00,0
SolarSail_5,0.198,42157.00,0.9997,0.0000,0.0000e+00,0.0000e+00,90.00,0
SolarSail_5,0.223,42157.00,0.9997,0.0000,0.0000e+00,4.5429e-06,90.00,100
SolarSail_5,0.248,42157.00,0.9997,0.0000,0.0000e+00,4.5429e-06,90.00,100
SolarSail_5,0.272,42157.00,0.9997,0.0000,0.0000e+00,4.5429e-06,90.00,100
SolarSail_5,0.297,42157.00,0.9997,0.0000,0.0000e+00,4.5429e-06,90.00,100
SolarSail_5,0.321,42157.00,0.9997,0.0000,0.0000e+00,4.5429e-06,90.00,100
SolarSail_5,0.347,42157.00,0.9997,0.0000,0.0000e+00,4.5429e-06,90.00,100
SolarSail_5,0.370,42157.00,0.9997,0.0000,0.0000e+00,4.5429e-06,90.00,100
SolarSail_5,0.394,42157.00,0.9997,0.0000,0.0000e+00,4.5429e-06,90.00,100
SolarSail_5,0.402,42157.00,0.9997,0.0000,0.0000e+00,4.5429e-06,90.00,100
SolarSail_5,0.411,42157.00,0.9997,0.0000,0.0000e+00,4.5429e-06,90.00,100
SolarSail_5,0.419,42157.00,0.9997,0.0000,0.0000e+00,4.5429e-06,90.00,100
SolarSail_5,0.427,42157.00,0.9997,0.0000,0.0000e+00,4.5429e-06,90.00,100
SolarSail_5,0.436,42157.00,0.9997,0.0000,0.0000e+00,4.5429e-06,90.00,100
SolarSail_5,0.444,42157.00,0.9997,0.0000,0.0000e+00,4.5429e-06,90.00,100
SolarSail_5,0.453,42157.00,0.9997,0.0000,0.0000e+00,4.5429e-06,90.00,100
SolarSail_5,0.462,42157.00,0.9997,0.0000,0.0000e+00,4.5429e-06,90.00,100
SolarSail_5,0.471,42157.00,0.9997,0.0000,0.0000e+00,4.5429e-06,90.00,100
SolarSail_5,0.479,42157.00,0.9997,0.0000,0.0000e+00,4.5429e-06,90.00,100
SolarSail_5,0.487,42157.00,0.9997,0.0000,0.0000e+00,4.5429e-06,90.00,100
SolarSail_5,0.496,42157.00,0.9997,0.0000,0.0000e+00,4.5429e-06,90.00,100
SolarSail_5,0.504,42157.00,0.9997,0.0000,0.0000e+00,4.5429e-06,90.00,100
SolarSail_5,0.512,42157.00,0.9997,0.0000,0.0000e+00,4.5429e-06,90.00,100
SolarSail_5,0.521,42157.00,0.9997,0.0000,0.0000e+00,4.5429e-06,90.00,100
SolarSail_5,0.530,42157.00,0.9997,0.0000,0.0000e+00,4.5429e-06,90.00,100
SolarSail_5,0.538,42157.00,0.9997,0.0000,0.0000e+00,4.5429e-06,90.00,100
SolarSail_5,0.546,42157.00,0.9997,0.0000,0.0000e+00,4.5429e-06,90.00,100
SolarSail_5,0.555,42157.00,0.9997,0.0000,0.0000e+00,4.5429e-06,90.00,100
SolarSail_5,0.563,42157.00,0.9997,0.0000,0.0000e+00,4.5429e-06,90.00,100
SolarSail_5,0.571,42157.00,0.9997,0.0000,0.0000e+00,4.5429e-06,90.00,100
SolarSail_5,0.580,42157.00,0.9997,0.0000,0.0000e+00,4.5429e-06,90.00,100
SolarSail_5,0.588,42157.00,0.9997,0.0000,0.0000e+00,4.5429e-06,90.00,100
SolarSail_5,0.596,42157.00,0.9997,0.0000,0.0000e+00,4.5429e-06,90.00,100
SolarSail_5,0.606,42157.00,0.9997,0.0000,0.0000e+00,4.5429e-06,90.00,100
SolarSail_5,0.614,42157.00,0.9997,0.0000,0.0000e+00,4.5429e-06,90.00,100
SolarSail_5,0.624,42157.00,0.9997,0.0000,0.0000e+00,4.5429e-06,90.00,100
SolarSail_5,0.633,42157.00,0.9997,0.0000,0.0000e+00,4.5429e-06,90.00,100
SolarSail_5,0.641,42157.00,0.9997,0.0000,0.0000e+00,4.5429e-06,90.00,100
SolarSail_5,0.649,42157.00,0.9997,0.0000,0.0000e+00,4.5429e-06,90.00,100
SolarSail_5,0.658,42157.00,0.9997,0.0000,0.0000e+00,4.5429e-06,90.00,100
SolarSail_5,0.666,42157.00,0.9997,0.0000,0.0000e+00,4.5429e-06,90.00,100
SolarSail_5,0.674,42157.00,0.9997,0.0000,0.0000e+00,4.5429e-06,90.00,100
SolarSail_5,0.683,42157.00,0.9997,0.0000,0.0000e+00,4.5429e-06,90.00,100
SolarSail_5,0.691,42157.00,0.9997,0.0000,0.0000e+00,4.5429e-06,90.00,100
SolarSail_5,0.700,42157.00,0.9997,0.0000,0.0000e+00,4.5429e-06,90.00,100
SolarSail_5,0.709,42157.00,0.9997,0.0000,0.0000e+00,4.5429e-06,90.00,100
SolarSail_5,0.718,42157.00,0.9997,0.0000,0.0000e+00,4.5429e-06,90.00,100
SolarSail_5,0.727,42157.00,0.9997,0.0000,0.0000e+00,4.5429e-06,90.00,100
SolarSail_5,0.736,42157.00,0.9997,0.0000,0.0000e+00,4.5429e-06,90.00,100
SolarSail_5,0.746,42157.00,0.9997,0.0000,0.0000e+00,4.5429e-06,90.00,100
SolarSail_5,0.755,42157.00,0.9997,0.0000,0.0000e+00,4.5429e-06,90.00,100
SolarSail_5,0.764,42157.00,0.9997,0.0000,0.0000e+00,4.5429e-06,90.00,100
SolarSail_5,0.773,42157.00,0.9997,0.0000,0.0000e+00,4.5429e-06,90.00,100
SolarSail_5,0.782,42157.00,0.9997,0.0000,0.0000e+00,4.5429e-06,90.00,100
SolarSail_5,0.790,42157.00,0.9997,0.0000,0.0000e+00,4.5429e-06,90.00,100
SolarSail_5,0.798,42157.00,0.9997,0.0000,0.0000e+00,4.5429e-06,90.00,100
SolarSail_5,0.807,42157.00,0.9997,0.0000,0.0000e+00,4.5429e-06,90.00,100
SolarSail_5,0.816,42157.00,0.9997,0.0000,0.0000e+00,4.5429e-06,90.00,100
SolarSail_5,0.824,42157.00,0.9997,0.0000,0.0000e+00,4.5429e-06,90.00,100
SolarSail_5,0.832,42157.00,0.9997,0.0000,0.0000e+00,4.5429e-06,90.00,100
SolarSail_5,0.841,42157.00,0.9997,0.0000,0.0000e+00,4.5429e-06,90.00,100
SolarSail_5,0.849,42157.00,0.9997,0.0000,0.0000e+00,4.5429e-06,90.00,100
SolarSail_5,0.857,42157.00,0.9997,0.0000,0.0000e+00,4.5429e-06,90.00,100
SolarSail_5,0.866,42157.00,0.9997,0.0000,0.0000e+00,4.5429e-06,90.00,100
SolarSail_5,0.874,42157.00,0.9997,0.0000,0.0000e+00,4.5429e-06,90.00,100
SolarSail_5,0.882,42157.00,0.9997,0.0000,0.0000e+00,4.5429e-06,90.00,100
SolarSail_5,0.891,42157.00,0.9997,0.0000,0.0000e+00,4.5429e-06,90.00,100
SolarSail_5,0.899,42157.00,0.9997,0.0000,0.0000e+00,4.5429e-06,90.00,100
SolarSail_5,0.907,42157.00,0.9997,0.0000,0.0000e+00,4.5429e-06,90.00,100
SolarSail_5,0.916,42157.00,0.9997,0.0000,0.0000e+00,4.5429e-06,90.00,100
SolarSail_5,0.924,42157.00,0.9997,0.0000,0.0000e+00,4.5429e-06,90.00,100
SolarSail_5,0.932,42157.00,0.9997,0.0000,0.0000e+00,4.5429e-06,90.00,100
SolarSail_5,0.942,42157.00,0.9997,0.0000,0.0000e+00,4.5429e-06,90.00,100
SolarSail_5,0.950,42157.00,0.9997,0.0000,0.0000e+00,4.5429e-06,90.00,100
SolarSail_5,0.958,42157.00,0.9997,0.0000,0.0000e+00,4.5429e-06,90.00,100
SolarSail_5,0.967,42157.00,0.9997,0.0000,0.0000e+00,4.5429e-06,90.00,100
SolarSail_5,0.976,42157.00,0.9997,0.0000,0.0000e+00,4.5429e-06,90.00,100
SolarSail_5,0.985,42157.00,0.9997,0.0000,0.0000e+00,4.5429e-06,90.00,100
SolarSail_5,0.993,42157.00,0.9997,0.0000,0.0000e+00,4.5429e-06,90.00,100
SolarSail_5,1.001,42157.00,0.9997,0.0000,0.0000e+00,4.5429e-06,90.00,100
SolarSail_5,1.016,42157.00,0.9997,0.0000,0.0000e+00,4.5429e-06,90.00,100
SolarSail_5,1.024,42157.00,0.9997,0.0000,0.0000e+00,4.5429e-06,90.00,100
SolarSail_5,1.033,42157.00,0.9997,0.0000,0.0000e+00,4.5429e-06,90.00,100
SolarSail_5,1.041,42157.00,0.9997,0.0000,0.0000e+00,4.5429e-06,90.00,100
SolarSail_5,1.049,42157.00,0.9997,0.0000,0.0000e+00,4.5429e-06,90.00,100
SolarSail_5,1.058,42157.00,0.9997,0.0000,0.0000e+00,4.5429e-06,90.00,100
SolarSail_5,1.066,42157.00,0.9997,0.0000,0.0000e+00,4.5429e-06,90.00,100
SolarSail_5,1.074,42157.00,0.9997,0.0000,0.0000e+00,4.5429e-06,90.00,100
SolarSail_5,1.083,42157.00,0.9997,0.0000,0.0000e+00,4.5429e-06,90.00,100
SolarSail_5,1.091,42157.00,0.9997,0.0000,0.0000e+00,4.5429e-06,90.00,100
SolarSail_5,1.100,42157.00,0.9997,0.0000,0.0000e+00,4.5429e-06,90.00,100
SolarSail_5,1.108,42157.00,0.9997,0.0000,0.0000e+00,4.5429e-06,90.00,100
SolarSail_5,1.116,42157.00,0.9997,0.0000,0.0000e+00,4.5429e-06,90.00,100
SolarSail_5,1.125,42157.00,0.9997,0.0000,0.0000e+00,4.5429e-06,90.00,100
SolarSail_5,1.151,42157.00,0.9997,0.0000,0.0000e+00,4.5429e-06,90.00,100
SolarSail_5,1.176,42157.00,0.9997,0.0000,0.0000e+00,4.5429e-06,90.00,100
SolarSail_5,1.200,42157.00,0.9997,0.0000,0.0000e+00,4.5429e-06,90.00,100
SolarSail_5,1.224,42157.00,0.9997,0.0000,0.0000e+00,4.5429e-06,90.00,100
SolarSail_5,1.235,42157.00,0.9997,0.0000,0.0000e+00,4.5429e-06,90.00,100
SolarSail_5,1.243,42157.00,0.9997,0.0000,0.0000e+00,4.5429e-06,90.00,100
SolarSail_5,1.252,42157.00,0.9997,0.0000,0.0000e+00,4.5429e-06,90.00,100
SolarSail_5,1.260,42157.00,0.9997,0.0000,0.0000e+00,4.5429e-06,90.00,100
SolarSail_5,1.268,42157.00,0.9997,0.0000,0.0000e+00,4.5429e-06,90.00,100
SolarSail_5,1.277,42157.00,0.9997,0.0000,0.0000e+00,4.5429e-06,90.00,100
SolarSail_5,1.286,42157.00,0.9997,0.0000,0.0000e+00,4.5429e-06,90.00,100
SolarSail_5,1.294,42157.00,0.9997,0.0000,0.0000e+00,4.5429e-06,90.00,100
SolarSail_5,1.302,42157.00,0.9997,0.0000,0.0000e+00,4.5429e-06,90.00,100
SolarSail_5,1.312,42157.00,0.9997,0.0000,0.0000e+00,4.5429e-06,90.00,100
SolarSail_5,1.320,42157.00,0.9997,0.0000,0.0000e+00,4.5429e-06,90.00,100
SolarSail_5,1.329,42157.00,0.9997,0.0000,0.0000e+00,4.5429e-06,90.00,100
SolarSail_5,1.338,42157.00,0.9997,0.0000,0.0000e+00,4.5429e-06,90.00,100
SolarSail_5,1.348,42157.00,0.9997,0.0000,0.0000e+00,4.5429e-06,90.00,100
SolarSail_5,1.356,42157.00,0.9997,0.0000,0.0000e+00,4.5429e-06,90.00,100
SolarSail_5,1.365,42157.00,0.9997,0.0000,0.0000e+00,4.5429e-06,90.00,100
SolarSail_5,1.375,42157.00,0.9997,0.0000,0.0000e+00,4.5429e-06,90.00,100
SolarSail_5,1.383,42157.00,0.9997,0.0000,0.0000e+00,4.5429e-06,90.00,100
SolarSail_5,1.392,42157.00,0.9997,0.0000,0.0000e+00,4.5429e-06,90.00,100
SolarSail_5,1.400,42157.00,0.9997,0.0000,0.0000e+00,4.5429e-06,90.00,100
SolarSail_5,1.409,42157.00,0.9997,0.0000,0.0000e+00,4.5429e-06,90.00,100
SolarSail_5,1.419,42157.00,0.9997,0.0000,0.0000e+00,4.5429e-06,90.00,100
SolarSail_5,1.427,42157.00,0.9997,0.0000,0.0000e+00,4.5429e-06,90.00,100
SolarSail_5,1.436,42157.00,0.9997,0.0000,0.0000e+00,4.5429e-06,90.00,100
SolarSail_5,1.444,42157.00,0.9997,0.0000,0.0000e+00,4.5429e-06,90.00,100
SolarSail_5,1.453,42157.00,0.9997,0.0000,0.0000e+00,4.5429e-06,90.00,100
SolarSail_5,1.461,42157.00,0.9997,0.0000,0.0000e+00,4.5429e-06,90.00,100
SolarSail_5,1.469,42157.00,0.9997,0.0000,0.0000e+00,4.5429e-06,90.00,100
SolarSail_5,1.478,42157.00,0.9997,0.0000,0.0000e+00,4.5429e-06,90.00,100
SolarSail_5,1.487,42157.00,0.9997,0.0000,0.0000e+00,4.5429e-06,90.00,100
SolarSail_5,1.496,42157.00,0.9997,0.0000,0.0000e+00,4.5429e-06,90.00,100
SolarSail_5,1.504,42157.00,0.9997,0.0000,0.0000e+00,4.5429e-06,90.00,100
SolarSail_5,1.512,42157.00,0.9997,0.0000,0.0000e+00,4.5429e-06,90.00,100
SolarSail_5,1.521,42157.00,0.9997,0.0000,0.0000e+00,4.5429e-06,90.00,100
SolarSail_5,1.529,42157.00,0.9997,0.0000,0.0000e+00,4.5429e-06,90.00,100
SolarSail_5,1.538,42157.00,0.9997,0.0000,0.0000e+00,4.5429e-06,90.00,100
SolarSail_5,1.546,42157.00,0.9997,0.0000,0.0000e+00,4.5429e-06,90.00,100
SolarSail_5,1.556,42157.00,0.9997,0.0000,0.0000e+00,4.5429e-06,90.00,100
SolarSail_5,1.565,42157.00,0.9997,0.0000,0.0000e+00,4.5429e-06,90.00,100
SolarSail_5,1.574,42157.00,0.9997,0.0000,0.0000e+00,4.5429e-06,90.00,100
SolarSail_5,1.582,42157.00,0.9997,0.0000,0.0000e+00,4.5429e-06,90.00,100
SolarSail_5,1.590,42157.00,0.9997,0.0000,0.0000e+00,4.5429e-06,90.00,100
SolarSail_5,1.599,42157.00,0.9997,0.0000,0.0000e+00,4.5429e-06,90.00,100
SolarSail_5,1.607,42157.00,0.9997,0.0000,0.0000e+00,4.5429e-06,90.00,100
SolarSail_5,1.616,42157.00,0.9997,0.0000,0.0000e+00,4.5429e-06,90.00,100
SolarSail_5,1.626,42157.00,0.9997,0.0000,0.0000e+00,4.5429e-06,90.00,100
SolarSail_5,1.634,42157.00,0.9997,0.0000,0.0000e+00,4.5429e-06,90.00,100
SolarSail_5,1.644,42157.00,0.9997,0.0000,0.0000e+00,4.5429e-06,90.00,100
SolarSail_5,1.653,42157.00,0.9997,0.0000,0.0000e+00,4.5429e-06,90.00,100
SolarSail_5,1.662,42157.00,0.9997,0.0000,0.0000e+00,4.5429e-06,90.00,100
SolarSail_5,1.670,42157.00,0.9997,0.0000,0.0000e+00,4.5429e-06,90.00,100
SolarSail_5,1.678,42157.00,0.9997,0.0000,0.0000e+00,4.5429e-06,90.00,100
SolarSail_5,1.688,42157.00,0.9997,0.0000,0.0000e+00,4.5429e-06,90.00,100
SolarSail_5,1.696,42157.00,0.9997,0.0000,0.0000e+00,4.5429e-06,90.00,100
SolarSail_5,1.705,42157.00,0.9997,0.0000,0.0000e+00,4.5429e-06,90.00,100
SolarSail_5,1.714,42157.00,0.9997,0.0000,0.0000e+00,4.5429e-06,90.00,100
SolarSail_5,1.722,42157.00,0.9997,0.0000,0.0000e+00,4.5429e-06,90.00,100
SolarSail_5,1.730,42157.00,0.9997,0.0000,0.0000e+00,4.5429e-06,90.00,100
SolarSail_5,1.739,42157.00,0.9997,0.0000,0.0000e+00,4.5429e-06,90.00,100
SolarSail_5,1.747,42157.00,0.9997,0.0000,0.0000e+00,4.5429e-06,90.00,100
SolarSail_5,1.757,42157.00,0.9997,0.0000,0.0000e+00,4.5429e-06,90.00,100
SolarSail_5,1.767,42157.00,0.9997,0.0000,0.0000e+00,4.5429e-06,90.00,100
SolarSail_5,1.776,42157.00,0.9997,0.0000,0.0000e+00,4.5429e-06,90.00,100
SolarSail_5,1.784,42157.00,0.9997,0.0000,0.0000e+00,4.5429e-06,90.00,100
SolarSail_5,1.793,42157.00,0.9997,0.0000,0.0000e+00,4.5429e-06,90.00,100
SolarSail_5,1.801,42157.00,0.9997,0.0000,0.0000e+00,4.5429e-06,90.00,100
SolarSail_5,1.810,42157.00,0.9997,0.0000,0.0000e+00,4.5429e-06,90.00,100
SolarSail_5,1.819,42157.00,0.9997,0.0000,0.0000e+00,4.5429e-06,90.00,100
SolarSail_5,1.827,42157.00,0.9997,0.0000,0.0000e+00,4.5429e-06,90.00,100
SolarSail_5,1.835,42157.00,0.9997,0.0000,0.0000e+00,4.5429e-06,90.00,100
SolarSail_5,1.844,42157.00,0.9997,0.0000,0.0000e+00,4.5429e-06,90.00,100
SolarSail_5,1.852,42157.00,0.9997,0.0000,0.0000e+00,4.5429e-06,90.00,100
SolarSail_5,1.861,42157.00,0.9997,0.0000,0.0000e+00,4.5429e-06,90.00,100
SolarSail_5,1.869,42157.00,0.9997,0.0000,0.0000e+00,4.5429e-06,90.00,100
SolarSail_5,1.878,42157.00,0.9997,0.0000,0.0000e+00,4.5429e-06,90.00,100
SolarSail_5,1.886,42157.00,0.9997,0.0000,0.0000e+00,4.5429e-06,90.00,100
SolarSail_5,1.894,42157.00,0.9997,0.0000,0.0000e+00,4.5429e-06,90.00,100
SolarSail_5,1.903,42157.00,0.9997,0.0000,0.0000e+00,4.5429e-06,90.00,100
SolarSail_5,1.911,42157.00,0.9997,0.0000,0.0000e+00,4.5429e-06,90.00,100
SolarSail_5,1.919,42157.00,0.9997,0.0000,0.0000e+00,4.5429e-06,90.00,100
SolarSail_5,1.929,42157.00,0.9997,0.0000,0.0000e+00,4.5429e-06,90.00,100
SolarSail_5,1.937,42157.00,0.9997,0.0000,0.0000e+00,4.5429e-06,90.00,100
SolarSail_5,1.945,42157.00,0.9997,0.0000,0.0000e+00,4.5429e-06,90.00,100
SolarSail_5,1.954,42157.00,0.9997,0.0000,0.0000e+00,4.5429e-06,90.00,100
SolarSail_5,1.964,42157.00,0.9997,0.0000,0.0000e+00,4.5429e-06,90.00,100
SolarSail_5,1.974,42157.00,0.9997,0.0000,0.0000e+00,4.5429e-06,90.00,100
SolarSail_5,1.982,42157.00,0.9997,0.0000,0.0000e+00,4.5429e-06,90.00,100
SolarSail_5,1.991,42157.00,0.9997,0.0000,0.0000e+00,4.5429e-06,90.00,100
SolarSail_5,1.999,42157.00,0.9997,0.0000,0.0000e+00,4.5429e-06,90.00,100
SolarSail_5,2.008,42157.00,0.9997,0.0000,0.0000e+00,4.5429e-06,90.00,100
SolarSail_5,2.018,42157.00,0.9997,0.0000,0.0000e+00,4.5429e-06,90.00,100
SolarSail_5,2.026,42157.00,0.9997,0.0000,0.0000e+00,4.5429e-06,90.00,100
SolarSail_5,2.035,42157.00,0.9997,0.0000,0.0000e+00,4.5429e-06,90.00,100
SolarSail_5,2.043,42157.00,0.9997,0.0000,0.0000e+00,4.5429e-06,90.00,100
SolarSail_5,2.051,42157.00,0.9997,0.0000,0.0000e+00,4.5429e-06,90.00,100
SolarSail_5,2.060,42157.00,0.9997,0.0000,0.0000e+00,4.5429e-06,90.00,100
SolarSail_5,2.068,42157.00,0.9997,0.0000,0.0000e+00,4.5429e-06,90.00,100
SolarSail_5,2.077,42157.00,0.9997,0.0000,0.0000e+00,4.5429e-06,90.00,100
SolarSail_5,2.087,42157.00,0.9997,0.0000,0.0000e+00,4.5429e-06,90.00,100
SolarSail_5,2.097,42157.00,0.9997,0.0000,0.0000e+00,4.5429e-06,90.00,100
SolarSail_5,2.105,42157.00,0.9997,0.0000,0.0000e+00,4.5429e-06,90.00,100
SolarSail_5,2.114,42157.00,0.9997,0.0000,0.0000e+00,4.5429e-06,90.00,100
SolarSail_5,2.123,42157.00,0.9997,0.0000,0.0000e+00,4.5429e-06,90.00,100
SolarSail_5,2.131,42157.00,0.9997,0.0000,0.0000e+00,4.5429e-06,90.00,100
SolarSail_5,2.139,42157.00,0.9997,0.0000,0.0000e+00,4.5429e-06,90.00,100
SolarSail_5,2.148,42157.00,0.9997,0.0000,0.0000e+00,4.5429e-06,90.00,100
SolarSail_5,2.156,42157.00,0.9997,0.0000,0.0000e+00,4.5429e-06,90.00,100
SolarSail_5,2.164,42157.00,0.9997,0.0000,0.0000e+00,4.5429e-06,90.00,100
SolarSail_5,2.173,42157.00,0.9997,0.0000,0.0000e+00,4.5429e-06,90.00,100
SolarSail_5,2.182,42157.00,0.9997,0.0000,0.0000e+00,4.5429e-06,90.00,100
SolarSail_5,2.191,42157.00,0.9997,0.0000,0.0000e+00,4.5429e-06,90.00,100
SolarSail_5,2.200,42157.00,0.9997,0.0000,0.0000e+00,4.5429e-06,90.00,100
SolarSail_5,2.209,42157.00,0.9997,0.0000,0.0000e+00,4.5429e-06,90.00,100
SolarSail_5,2.218,42157.00,0.9997,0.0000,0.0000e+00,4.5429e-06,90.00,100
SolarSail_5,2.226,42157.00,0.9997,0.0000,0.0000e+00,4.5429e-06,90.00,100
SolarSail_5,2.235,42157.00,0.9997,0.0000,0.0000e+00,4.5429e-06,90.00,100
SolarSail_5,2.243,42157.00,0.9997,0.0000,0.0000e+00,4.5429e-06,90.00,100
SolarSail_5,2.252,42157.00,0.9997,0.0000,0.0000e+00,4.5429e-06,90.00,100
SolarSail_5,2.262,42157.00,0.9997,0.0000,0.0000e+00,4.5429e-06,90.00,100
SolarSail_5,2.270,42157.00,0.9997,0.0000,0.0000e+00,4.5429e-06,90.00,100
SolarSail_5,2.279,42157.00,0.9997,0.0000,0.0000e+00,4.5429e-06,90.00,100
SolarSail_5,2.288,42157.00,0.9997,0.0000,0.0000e+00,4.5429e-06,90.00,100
SolarSail_5,2.296,42157.00,0.9997,0.0000,0.0000e+00,4.5429e-06,90.00,100
SolarSail_5,2.305,42157.00,0.9997,0.0000,0.0000e+00,4.5429e-06,90.00,100
SolarSail_5,2.313,42157.00,0.9997,0.0000,0.0000e+00,4.5429e-06,90.00,100
SolarSail_5,2.322,42157.00,0.9997,0.0000,0.0000e+00,4.5429e-06,90.00,100
SolarSail_5,2.331,42157.00,0.9997,0.0000,0.0000e+00,4.5429e-06,90.00,100
SolarSail_5,2.339,42157.00,0.9997,0.0000,0.0000e+00,4.5429e-06,90.00,100
SolarSail_5,2.347,42157.00,0.9997,0.0000,0.0000e+00,4.5429e-06,90.00,100
SolarSail_5,2.356,42157.00,0.9997,0.0000,0.0000e+00,4.5429e-06,90.00,100
SolarSail_5,2.364,42157.00,0.9997,0.0000,0.0000e+00,4.5429e-06,90.00,100
SolarSail_5,2.373,42157.00,0.9997,0.0000,0.0000e+00,4.5429e-06,90.00,100
SolarSail_5,2.383,42157.00,0.9997,0.0000,0.0000e+00,4.5429e-06,90.00,100
SolarSail_5,2.391,42157.00,0.9997,0.0000,0.0000e+00,4.5429e-06,90.00,100
SolarSail_5,2.400,42157.00,0.9997,0.0000,0.0000e+00,4.5429e-06,90.00,100
SolarSail_5,2.409,42157.00,0.9997,0.0000,0.0000e+00,4.5429e-06,90.00,100
SolarSail_5,2.417,42157.00,0.9997,0.0000,0.0000e+00,4.5429e-06,90.00,100
SolarSail_5,2.427,42157.00,0.9997,0.0000,0.0000e+00,4.5429e-06,90.00,100
SolarSail_5,2.435,42157.00,0.9997,0.0000,0.0000e+00,4.5429e-06,90.00,100
SolarSail_5,2.444,42157.00,0.9997,0.0000,0.0000e+00,4.5429e-06,90.00,100
SolarSail_5,2.452,42157.00,0.9997,0.0000,0.0000e+00,4.5429e-06,90.00,100
SolarSail_5,2.460,42157.00,0.9997,0.0000,0.0000e+00,4.5429e-06,90.00,100
SolarSail_5,2.470,42157.00,0.9997,0.0000,0.0000e+00,4.5429e-06,90.00,100
SolarSail_5,2.479,42157.00,0.9997,0.0000,0.0000e+00,4.5429e-06,90.00,100
SolarSail_5,2.488,42157.00,0.9997,0.0000,0.0000e+00,4.5429e-06,90.00,100
SolarSail_5,2.496,42157.00,0.9997,0.0000,0.0000e+00,4.5429e-06,90.00,100
SolarSail_5,2.504,42157.00,0.9997,0.0000,0.0000e+00,4.5429e-06,90.00,100
SolarSail_5,2.513,42157.00,0.9997,0.0000,0.0000e+00,4.5429e-06,90.00,100
SolarSail_5,2.521,42157.00,0.9997,0.0000,0.0000e+00,4.5429e-06,90.00,100
SolarSail_5,2.530,42157.00,0.9997,0.0000,0.0000e+00,4.5429e-06,90.00,100
SolarSail_5,2.538,42157.00,0.9997,0.0000,0.0000e+00,4.5429e-06,90.00,100
SolarSail_5,2.546,42157.00,0.9997,0.0000,0.0000e+00,4.5429e-06,90.00,100
SolarSail_5,2.555,42157.00,0.9997,0.0000,0.0000e+00,4.5429e-06,90.00,100
SolarSail_5,2.563,42157.00,0.9997,0.0000,0.0000e+00,4.5429e-06,90.00,100
SolarSail_5,2.572,42157.00,0.9997,0.0000,0.0000e+00,4.5429e-06,90.00,100
SolarSail_5,2.580,42157.00,0.9997,0.0000,0.0000e+00,4.5429e-06,90.00,100
SolarSail_5,2.589,42157.00,0.9997,0.0000,0.0000e+00,4.5429e-06,90.00,100
SolarSail_5,2.597,42157.00,0.9997,0.0000,0.0000e+00,4.5429e-06,90.00,100
SolarSail_5,2.607,42157.00,0.9997,0.0000,0.0000e+00,4.5429e-06,90.00,100
SolarSail_5,2.616,42157.00,0.9997,0.0000,0.0000e+00,4.5429e-06,90.00,100
SolarSail_5,2.625,42157.00,0.9997,0.0000,0.0000e+00,4.5429e-06,90.00,100
SolarSail_5,2.634,42157.00,0.9997,0.0000,0.0000e+00,4.5429e-06,90.00,100
SolarSail_5,2.642,42157.00,0.9997,0.0000,0.0000e+00,4.5429e-06,90.00,100
SolarSail_5,2.651,42157.00,0.9997,0.0000,0.0000e+00,4.5429e-06,90.00,100
SolarSail_5,2.659,42157.00,0.9997,0.0000,0.0000e+00,4.5429e-06,90.00,100
SolarSail_5,2.667,42157.00,0.9997,0.0000,0.0000e+00,4.5429e-06,90.00,100
SolarSail_5,2.676,42157.00,0.9997,0.0000,0.0000e+00,4.5429e-06,90.00,100
SolarSail_5,2.684,42157.00,0.9997,0.0000,0.0000e+00,4.5429e-06,90.00,100
SolarSail_5,2.694,42157.00,0.9997,0.0000,0.0000e+00,4.5429e-06,90.00,100
SolarSail_5,2.703,42157.00,0.9997,0.0000,0.0000e+00,4.5429e-06,90.00,100
SolarSail_5,2.711,42157.00,0.9997,0.0000,0.0000e+00,4.5429e-06,90.00,100
SolarSail_5,2.720,42157.00,0.9997,0.0000,0.0000e+00,4.5429e-06,90.00,100
SolarSail_5,2.728,42157.00,0.9997,0.0000,0.0000e+00,4.5429e-06,90.00,100
SolarSail_5,2.737,42157.00,0.9997,0.0000,0.0000e+00,4.5429e-06,90.00,100
SolarSail_5,2.745,42157.00,0.9997,0.0000,0.0000e+00,4.5429e-06,90.00,100
SolarSail_5,2.754,42157.00,0.9997,0.0000,0.0000e+00,4.5429e-06,90.00,100
SolarSail_5,2.762,42157.00,0.9997,0.0000,0.0000e+00,4.5429e-06,90.00,100
SolarSail_5,2.771,42157.00,0.9997,0.0000,0.0000e+00,4.5429e-06,90.00,100
SolarSail_5,2.780,42157.00,0.9997,0.0000,0.0000e+00,4.5429e-06,90.00,100
SolarSail_5,2.789,42157.00,0.9997,0.0000,0.0000e+00,4.5429e-06,90.00,100
SolarSail_5,2.797,42157.00,0.9997,0.0000,0.0000e+00,4.5429e-06,90.00,100
SolarSail_5,2.805,42157.00,0.9997,0.0000,0.0000e+00,4.5429e-06,90.00,100
SolarSail_5,2.814,42157.00,0.9997,0.0000,0.0000e+00,4.5429e-06,90.00,100
SolarSail_5,2.822,42157.00,0.9997,0.0000,0.0000e+00,4.5429e-06,90.00,100
SolarSail_5,2.831,42157.00,0.9997,0.0000,0.0000e+00,4.5429e-06,90.00,100
SolarSail_5,2.840,42157.00,0.9997,0.0000,0.0000e+00,4.5429e-06,90.00,100
SolarSail_5,2.850,42157.00,0.9997,0.0000,0.0000e+00,4.5429e-06,90.00,100
SolarSail_5,2.858,42157.00,0.9997,0.0000,0.0000e+00,4.5429e-06,90.00,100
SolarSail_5,2.867,42157.00,0.9997,0.0000,0.0000e+00,4.5429e-06,90.00,100
SolarSail_5,2.876,42157.00,0.9997,0.0000,0.0000e+00,4.5429e-06,90.00,100
SolarSail_5,2.884,42157.00,0.9997,0.0000,0.0000e+00,4.5429e-06,90.00,100
SolarSail_5,2.893,42157.00,0.9997,0.0000,0.0000e+00,4.5429e-06,90.00,100
SolarSail_5,2.901,42157.00,0.9997,0.0000,0.0000e+00,4.5429e-06,90.00,100
SolarSail_5,2.909,42157.00,0.9997,0.0000,0.0000e+00,4.5429e-06,90.00,100
SolarSail_5,2.918,42157.00,0.9997,0.0000,0.0000e+00,4.5429e-06,90.00,100
SolarSail_5,2.926,42157.00,0.9997,0.0000,0.0000e+00,4.5429e-06,90.00,100
SolarSail_5,2.935,42157.00,0.9997,0.0000,0.0000e+00,4.5429e-06,90.00,100
SolarSail_5,2.943,42157.00,0.9997,0.0000,0.0000e+00,4.5429e-06,90.00,100
SolarSail_5,2.952,42157.00,0.9997,0.0000,0.0000e+00,4.5429e-06,90.00,100
SolarSail_5,2.960,42157.00,0.9997,0.0000,0.0000e+00,4.5429e-06,90.00,100
SolarSail_5,2.968,42157.00,0.9997,0.0000,0.0000e+00,4.5429e-06,90.00,100
SolarSail_5,2.977,42157.00,0.9997,0.0000,0.0000e+00,4.5429e-06,90.00,100
SolarSail_5,2.986,42157.00,0.9997,0.0000,0.0000e+00,4.5429e-06,90.00,100
SolarSail_5,2.994,42157.00,0.9997,0.0000,0.0000e+00,4.5429e-06,90.00,100
SolarSail_5,3.003,42157.00,0.9997,0.0000,0.0000e+00,4.5429e-06,90.00,100
SolarSail_5,3.011,42157.00,0.9997,0.0000,0.0000e+00,4.5429e-06,90.00,100
SolarSail_5,3.022,42157.00,0.9997,0.0000,0.0000e+00,4.5429e-06,90.00,100
SolarSail_5,3.030,42157.00,0.9997,0.0000,0.0000e+00,4.5429e-06,90.00,100
SolarSail_5,3.038,42157.00,0.9997,0.0000,0.0000e+00,4.5429e-06,90.00,100
SolarSail_5,3.047,42157.00,0.9997,0.0000,0.0000e+00,4.5429e-06,90.00,100
SolarSail_5,3.055,42157.00,0.9997,0.0000,0.0000e+00,4.5429e-06,90.00,100
SolarSail_5,3.063,42157.00,0.9997,0.0000,0.0000e+00,4.5429e-06,90.00,100
SolarSail_5,3.072,42157.00,0.9997,0.0000,0.0000e+00,4.5429e-06,90.00,100
SolarSail_5,3.080,42157.00,0.9997,0.0000,0.0000e+00,4.5429e-06,90.00,100
SolarSail_5,3.088,42157.00,0.9997,0.0000,0.0000e+00,4.5429e-06,90.00,100
SolarSail_5,3.098,42157.00,0.9997,0.0000,0.0000e+00,4.5429e-06,90.00,100
SolarSail_5,3.106,42157.00,0.9997,0.0000,0.0000e+00,4.5429e-06,90.00,100
SolarSail_5,3.115,42157.00,0.9997,0.0000,0.0000e+00,4.5429e-06,90.00,100
SolarSail_5,3.123,42157.00,0.9997,0.0000,0.0000e+00,4.5429e-06,90.00,100
SolarSail_5,3.131,42157.00,0.9997,0.0000,0.0000e+00,4.5429e-06,90.00,100
SolarSail_5,3.140,42157.00,0.9997,0.0000,0.0000e+00,4.5429e-06,90.00,100
SolarSail_5,3.149,42157.00,0.9997,0.0000,0.0000e+00,4.5429e-06,90.00,100
SolarSail_5,3.158,42157.00,0.9997,0.0000,0.0000e+00,4.5429e-06,90.00,100
SolarSail_5,3.167,42157.00,0.9997,0.0000,0.0000e+00,4.5429e-06,90.00,100
SolarSail_5,3.177,42157.00,0.9997,0.0000,0.0000e+00,4.5429e-06,90.00,100
SolarSail_5,3.186,42157.00,0.9997,0.0000,0.0000e+00,4.5429e-06,90.00,100
SolarSail_5,3.195,42157.00,0.9997,0.0000,0.0000e+00,4.5429e-06,90.00,100
SolarSail_5,3.203,42157.00,0.9997,0.0000,0.0000e+00,4.5429e-06,90.00,100
SolarSail_5,3.211,42157.00,0.9997,0.0000,0.0000e+00,4.5429e-06,90.00,100
SolarSail_5,3.220,42157.00,0.9997,0.0000,0.0000e+00,4.5429e-06,90.00,100
SolarSail_5,3.228,42157.00,0.9997,0.0000,0.0000e+00,4.5429e-06,90.00,100
SolarSail_5,3.237,42157.00,0.9997,0.0000,0.0000e+00,4.5429e-06,90.00,100
SolarSail_5,3.247,42157.00,0.9997,0.0000,0.0000e+00,4.5429e-06,90.00,100
SolarSail_5,3.255,42157.00,0.9997,0.0000,0.0000e+00,4.5429e-06,90.00,100
SolarSail_5,3.264,42157.00,0.9997,0.0000,0.0000e+00,4.5429e-06,90.00,100
SolarSail_5,3.273,42157.00,0.9997,0.0000,0.0000e+00,4.5429e-06,90.00,100
SolarSail_5,3.283,42157.00,0.9997,0.0000,0.0000e+00,4.5429e-06,90.00,100
SolarSail_5,3.291,42157.00,0.9997,0.0000,0.0000e+00,4.5429e-06,90.00,100
SolarSail_5,3.300,42157.00,0.9997,0.0000,0.0000e+00,4.5429e-06,90.00,100
SolarSail_5,3.309,42157.00,0.9997,0.0000,0.0000e+00,4.5429e-06,90.00,100
SolarSail_5,3.317,42157.00,0.9997,0.0000,0.0000e+00,4.5429e-06,90.00,100
SolarSail_5,3.326,42157.00,0.9997,0.0000,0.0000e+00,4.5429e-06,90.00,100
SolarSail_5,3.334,42157.00,0.9997,0.0000,0.0000e+00,4.5429e-06,90.00,100
SolarSail_5,3.343,42157.00,0.9997,0.0000,0.0000e+00,4.5429e-06,90.00,100
SolarSail_5,3.351,42157.00,0.9997,0.0000,0.0000e+00,4.5429e-06,90.00,100
SolarSail_5,3.359,42157.00,0.9997,0.0000,0.0000e+00,4.5429e-06,90.00,100
SolarSail_5,3.368,42157.00,0.9997,0.0000,0.0000e+00,4.5429e-06,90.00,100
SolarSail_5,3.378,42157.00,0.9997,0.0000,0.0000e+00,4.5429e-06,90.00,100
SolarSail_5,3.387,42157.00,0.9997,0.0000,0.0000e+00,4.5429e-06,90.00,100
SolarSail_5,3.396,42157.00,0.9997,0.0000,0.0000e+00,4.5429e-06,90.00,100
SolarSail_5,3.405,42157.00,0.9997,0.0000,0.0000e+00,4.5429e-06,90.00,100
SolarSail_5,3.413,42157.00,0.9997,0.0000,0.0000e+00,4.5429e-06,90.00,100
SolarSail_5,3.421,42157.00,0.9997,0.0000,0.0000e+00,4.5429e-06,90.00,100
SolarSail_5,3.430,42157.00,0.9997,0.0000,0.0000e+00,4.5429e-06,90.00,100
SolarSail_5,3.438,42157.00,0.9997,0.0000,0.0000e+00,4.5429e-06,90.00,100
SolarSail_5,3.447,42157.00,0.9997,0.0000,0.0000e+00,4.5429e-06,90.00,100
SolarSail_5,3.456,42157.00,0.9997,0.0000,0.0000e+00,4.5429e-06,90.00,100
SolarSail_5,3.465,42157.00,0.9997,0.0000,0.0000e+00,4.5429e-06,90.00,100
SolarSail_5,3.473,42157.00,0.9997,0.0000,0.0000e+00,4.5429e-06,90.00,100
SolarSail_5,3.481,42157.00,0.9997,0.0000,0.0000e+00,4.5429e-06,90.00,100
SolarSail_5,3.490,42157.00,0.9997,0.0000,0.0000e+00,4.5429e-06,90.00,100
SolarSail_5,3.498,42157.00,0.9997,0.0000,0.0000e+00,4.5429e-06,90.00,100
SolarSail_5,3.507,42157.00,0.9997,0.0000,0.0000e+00,4.5429e-06,90.00,100
SolarSail_5,3.517,42157.00,0.9997,0.0000,0.0000e+00,4.5429e-06,90.00,100
SolarSail_5,3.526,42157.00,0.9997,0.0000,0.0000e+00,4.5429e-06,90.00,100
SolarSail_5,3.534,42157.00,0.9997,0.0000,0.0000e+00,4.5429e-06,90.00,100
SolarSail_5,3.543,42157.00,0.9997,0.0000,0.0000e+00,4.5429e-06,90.00,100
SolarSail_5,3.551,42157.00,0.9997,0.0000,0.0000e+00,4.5429e-06,90.00,100
SolarSail_5,3.559,42157.00,0.9997,0.0000,0.0000e+00,4.5429e-06,90.00,100
SolarSail_5,3.569,42157.00,0.9997,0.0000,0.0000e+00,4.5429e-06,90.00,100
SolarSail_5,3.578,42157.00,0.9997,0.0000,0.0000e+00,4.5429e-06,90.00,100
SolarSail_5,3.586,42157.00,0.9997,0.0000,0.0000e+00,4.5429e-06,90.00,100
SolarSail_5,3.594,42157.00,0.9997,0.0000,0.0000e+00,4.5429e-06,90.00,100
SolarSail_5,3.603,42157.00,0.9997,0.0000,0.0000e+00,4.5429e-06,90.00,100
SolarSail_5,3.611,42157.00,0.9997,0.0000,0.0000e+00,4.5429e-06,90.00,100
SolarSail_5,3.619,42157.00,0.9997,0.0000,0.0000e+00,4.5429e-06,90.00,100
SolarSail_5,3.628,42157.00,0.9997,0.0000,0.0000e+00,4.5429e-06,90.00,100
SolarSail_5,3.636,42157.00,0.9997,0.0000,0.0000e+00,4.5429e-06,90.00,100
SolarSail_5,3.644,42157.00,0.9997,0.0000,0.0000e+00,4.5429e-06,90.00,100
SolarSail_5,3.653,42157.00,0.9997,0.0000,0.0000e+00,4.5429e-06,90.00,100
SolarSail_5,3.661,42157.00,0.9997,0.0000,0.0000e+00,4.5429e-06,90.00,100
SolarSail_5,3.670,42157.00,0.9997,0.0000,0.0000e+00,4.5429e-06,90.00,100
SolarSail_5,3.678,42157.00,0.9997,0.0000,0.0000e+00,4.5429e-06,90.00,100
SolarSail_5,3.687,42157.00,0.9997,0.0000,0.0000e+00,4.5429e-06,90.00,100
SolarSail_5,3.721,42157.00,0.9997,0.0000,0.0000e+00,4.5429e-06,90.00,100
SolarSail_5,3.745,42157.00,0.9997,0.0000,0.0000e+00,4.5429e-06,90.00,100
SolarSail_5,3.768,42157.00,0.9997,0.0000,0.0000e+00,4.5429e-06,90.00,100
SolarSail_5,3.792,42157.00,0.9997,0.0000,0.0000e+00,4.5429e-06,90.00,100
SolarSail_5,3.816,42157.00,0.9997,0.0000,0.0000e+00,4.5429e-06,90.00,100
SolarSail_5,3.839,42157.00,0.9997,0.0000,0.0000e+00,4.5429e-06,90.00,100
SolarSail_5,3.863,42157.00,0.9997,0.0000,0.0000e+00,4.5429e-06,90.00,100
SolarSail_5,3.888,42157.00,0.9997,0.0000,0.0000e+00,4.5429e-06,90.00,100
SolarSail_5,3.912,42157.00,0.9997,0.0000,0.0000e+00,4.5429e-06,90.00,100
SolarSail_5,3.937,42157.00,0.9997,0.0000,0.0000e+00,4.5429e-06,90.00,100
SolarSail_5,3.960,42157.00,0.9997,0.0000,0.0000e+00,4.5429e-06,90.00,100
SolarSail_5,3.969,42157.00,0.9997,0.0000,0.0000e+00,4.5429e-06,90.00,100
SolarSail_5,3.979,42157.00,0.9997,0.0000,0.0000e+00,4.5429e-06,90.00,100
SolarSail_5,3.988,42157.00,0.9997,0.0000,0.0000e+00,4.5429e-06,90.00,100
SolarSail_5,3.997,42157.00,0.9997,0.0000,0.0000e+00,4.5429e-06,90.00,100
SolarSail_5,4.008,42157.00,0.9997,0.0000,0.0000e+00,4.5429e-06,90.00,100
SolarSail_5,4.016,42157.00,0.9997,0.0000,0.0000e+00,4.5429e-06,90.00,100
SolarSail_5,4.029,42157.00,0.9997,0.0000,0.0000e+00,4.5429e-06,90.00,100
SolarSail_5,4.037,42157.00,0.9997,0.0000,0.0000e+00,4.5429e-06,90.00,100
SolarSail_5,4.045,42157.00,0.9997,0.0000,0.0000e+00,4.5429e-06,90.00,100
SolarSail_5,4.054,42157.00,0.9997,0.0000,0.0000e+00,4.5429e-06,90.00,100
SolarSail_5,4.062,42157.00,0.9997,0.0000,0.0000e+00,4.5429e-06,90.00,100
SolarSail_5,4.070,42157.00,0.9997,0.0000,0.0000e+00,4.5429e-06,90.00,100
SolarSail_5,4.079,42157.00,0.9997,0.0000,0.0000e+00,4.5429e-06,90.00,100
SolarSail_5,4.087,42157.00,0.9997,0.0000,0.0000e+00,4.5429e-06,90.00,100
SolarSail_5,4.096,42157.00,0.9997,0.0000,0.0000e+00,4.5429e-06,90.00,100
SolarSail_5,4.107,42157.00,0.9997,0.0000,0.0000e+00,4.5429e-06,90.00,100
SolarSail_5,4.117,42157.00,0.9997,0.0000,0.0000e+00,4.5429e-06,90.00,100
SolarSail_5,4.126,42157.00,0.9997,0.0000,0.0000e+00,4.5429e-06,90.00,100
SolarSail_5,4.135,42157.00,0.9997,0.0000,0.0000e+00,4.5429e-06,90.00,100
SolarSail_5,4.143,42157.00,0.9997,0.0000,0.0000e+00,4.5429e-06,90.00,100
SolarSail_5,4.153,42157.00,0.9997,0.0000,0.0000e+00,4.5429e-06,90.00,100
SolarSail_5,4.164,42157.00,0.9997,0.0000,0.0000e+00,4.5429e-06,90.00,100
SolarSail_5,4.173,42157.00,0.9997,0.0000,0.0000e+00,4.5429e-06,90.00,100
SolarSail_5,4.182,42157.00,0.9997,0.0000,0.0000e+00,4.5429e-06,90.00,100
SolarSail_5,4.190,42157.00,0.9997,0.0000,0.0000e+00,4.5429e-06,90.00,100
SolarSail_5,4.199,42157.00,0.9997,0.0000,0.0000e+00,4.5429e-06,90.00,100
SolarSail_5,4.209,42157.00,0.9997,0.0000,0.0000e+00,4.5429e-06,90.00,100
SolarSail_5,4.218,42157.00,0.9997,0.0000,0.0000e+00,4.5429e-06,90.00,100
SolarSail_5,4.226,42157.00,0.9997,0.0000,0.0000e+00,4.5429e-06,90.00,100
SolarSail_5,4.235,42157.00,0.9997,0.0000,0.0000e+00,4.5429e-06,90.00,100
SolarSail_5,4.244,42157.00,0.9997,0.0000,0.0000e+00,4.5429e-06,90.00,100
SolarSail_5,4.253,42157.00,0.9997,0.0000,0.0000e+00,4.5429e-06,90.00,100
SolarSail_5,4.261,42157.00,0.9997,0.0000,0.0000e+00,4.5429e-06,90.00,100
SolarSail_5,4.271,42157.00,0.9997,0.0000,0.0000e+00,4.5429e-06,90.00,100
SolarSail_5,4.281,42157.00,0.9997,0.0000,0.0000e+00,4.5429e-06,90.00,100
SolarSail_5,4.289,42157.00,0.9997,0.0000,0.0000e+00,4.5429e-06,90.00,100
SolarSail_5,4.298,42157.00,0.9997,0.0000,0.0000e+00,4.5429e-06,90.00,100
SolarSail_5,4.309,42157.00,0.9997,0.0000,0.0000e+00,4.5429e-06,90.00,100
SolarSail_5,4.320,42157.00,0.9997,0.0000,0.0000e+00,4.5429e-06,90.00,100
SolarSail_5,4.329,42157.00,0.9997,0.0000,0.0000e+00,4.5429e-06,90.00,100
SolarSail_5,4.337,42157.00,0.9997,0.0000,0.0000e+00,4.5429e-06,90.00,100
SolarSail_5,4.346,42157.00,0.9997,0.0000,0.0000e+00,4.5429e-06,90.00,100
SolarSail_5,4.355,42157.00,0.9997,0.0000,0.0000e+00,4.5429e-06,90.00,100
SolarSail_5,4.364,42157.00,0.9997,0.0000,0.0000e+00,4.5429e-06,90.00,100
SolarSail_5,4.373,42157.00,0.9997,0.0000,0.0000e+00,4.5429e-06,90.00,100
SolarSail_5,4.382,42157.00,0.9997,0.0000,0.0000e+00,4.5429e-06,90.00,100
SolarSail_5,4.390,42157.00,0.9997,0.0000,0.0000e+00,4.5429e-06,90.00,100
SolarSail_5,4.399,42157.00,0.9997,0.0000,0.0000e+00,4.5429e-06,90.00,100
SolarSail_5,4.409,42157.00,0.9997,0.0000,0.0000e+00,4.5429e-06,90.00,100
SolarSail_5,4.417,42157.00,0.9997,0.0000,0.0000e+00,4.5429e-06,90.00,100
SolarSail_5,4.426,42157.00,0.9997,0.0000,0.0000e+00,4.5429e-06,90.00,100
SolarSail_5,4.436,42157.00,0.9997,0.0000,0.0000e+00,4.5429e-06,90.00,100
SolarSail_5,4.445,42157.00,0.9997,0.0000,0.0000e+00,4.5429e-06,90.00,100
SolarSail_5,4.454,42157.00,0.9997,0.0000,0.0000e+00,4.5429e-06,90.00,100
SolarSail_5,4.462,42157.00,0.9997,0.0000,0.0000e+00,4.5429e-06,90.00,100
SolarSail_5,4.471,42157.00,0.9997,0.0000,0.0000e+00,4.5429e-06,90.00,100
SolarSail_5,4.481,42157.00,0.9997,0.0000,0.0000e+00,4.5429e-06,90.00,100
SolarSail_5,4.490,42157.00,0.9997,0.0000,0.0000e+00,4.5429e-06,90.00,100
SolarSail_5,4.499,42157.00,0.9997,0.0000,0.0000e+00,4.5429e-06,90.00,100
SolarSail_5,4.508,42157.00,0.9997,0.0000,0.0000e+00,4.5429e-06,90.00,100
SolarSail_5,4.518,42157.00,0.9997,0.0000,0.0000e+00,4.5429e-06,90.00,100
SolarSail_5,4.527,42157.00,0.9997,0.0000,0.0000e+00,4.5429e-06,90.00,100
SolarSail_5,4.536,42157.00,0.9997,0.0000,0.0000e+00,4.5429e-06,90.00,100
SolarSail_5,4.545,42157.00,0.9997,0.0000,0.0000e+00,4.5429e-06,90.00,100
SolarSail_5,4.553,42157.00,0.9997,0.0000,0.0000e+00,4.5429e-06,90.00,100
SolarSail_5,4.562,42157.00,0.9997,0.0000,0.0000e+00,4.5429e-06,90.00,100
SolarSail_5,4.571,42157.00,0.9997,0.0000,0.0000e+00,4.5429e-06,90.00,100
SolarSail_5,4.579,42157.00,0.9997,0.0000,0.0000e+00,4.5429e-06,90.00,100
SolarSail_5,4.587,42157.00,0.9997,0.0000,0.0000e+00,4.5429e-06,90.00,100
SolarSail_5,4.597,42157.00,0.9997,0.0000,0.0000e+00,4.5429e-06,90.00,100
SolarSail_5,4.606,42157.00,0.9997,0.0000,0.0000e+00,4.5429e-06,90.00,100
SolarSail_5,4.614,42157.00,0.9997,0.0000,0.0000e+00,4.5429e-06,90.00,100
SolarSail_5,4.623,42157.00,0.9997,0.0000,0.0000e+00,4.5429e-06,90.00,100
SolarSail_5,4.631,42157.00,0.9997,0.0000,0.0000e+00,4.5429e-06,90.00,100
SolarSail_5,4.640,42157.00,0.9997,0.0000,0.0000e+00,4.5429e-06,90.00,100
SolarSail_5,4.648,42157.00,0.9997,0.0000,0.0000e+00,4.5429e-06,90.00,100
SolarSail_5,4.658,42157.00,0.9997,0.0000,0.0000e+00,4.5429e-06,90.00,100
SolarSail_5,4.667,42157.00,0.9997,0.0000,0.0000e+00,4.5429e-06,90.00,100
SolarSail_5,4.675,42157.00,0.9997,0.0000,0.0000e+00,4.5429e-06,90.00,100
SolarSail_5,4.684,42157.00,0.9997,0.0000,0.0000e+00,4.5429e-06,90.00,100
SolarSail_5,4.704,42157.00,0.9997,0.0000,0.0000e+00,4.5429e-06,90.00,100
SolarSail_5,4.714,42157.00,0.9997,0.0000,0.0000e+00,4.5429e-06,90.00,100
SolarSail_5,4.724,42157.00,0.9997,0.0000,0.0000e+00,4.5429e-06,90.00,100
SolarSail_5,4.733,42157.00,0.9997,0.0000,0.0000e+00,4.5429e-06,90.00,100
SolarSail_5,4.741,42157.00,0.9997,0.0000,0.0000e+00,4.5429e-06,90.00,100
SolarSail_5,4.750,42157.00,0.9997,0.0000,0.0000e+00,4.5429e-06,90.00,100
SolarSail_5,4.758,42157.00,0.9997,0.0000,0.0000e+00,4.5429e-06,90.00,100
SolarSail_5,4.767,42157.00,0.9997,0.0000,0.0000e+00,4.5429e-06,90.00,100
SolarSail_5,4.776,42157.00,0.9997,0.0000,0.0000e+00,4.5429e-06,90.00,100
SolarSail_5,4.784,42157.00,0.9997,0.0000,0.0000e+00,4.5429e-06,90.00,100
SolarSail_5,4.792,42157.00,0.9997,0.0000,0.0000e+00,4.5429e-06,90.00,100
SolarSail_5,4.802,42157.00,0.9997,0.0000,0.0000e+00,4.5429e-06,90.00,100
SolarSail_5,4.811,42157.00,0.9997,0.0000,0.0000e+00,4.5429e-06,90.00,100
SolarSail_5,4.820,42157.00,0.9997,0.0000,0.0000e+00,4.5429e-06,90.00,100
SolarSail_5,4.828,42157.00,0.9997,0.0000,0.0000e+00,4.5429e-06,90.00,100
SolarSail_5,4.836,42157.00,0.9997,0.0000,0.0000e+00,4.5429e-06,90.00,100
SolarSail_5,4.846,42157.00,0.9997,0.0000,0.0000e+00,4.5429e-06,90.00,100
SolarSail_5,4.855,42157.00,0.9997,0.0000,0.0000e+00,4.5429e-06,90.00,100
SolarSail_5,4.864,42157.00,0.9997,0.0000,0.0000e+00,4.5429e-06,90.00,100
SolarSail_5,4.873,42157.00,0.9997,0.0000,0.0000e+00,4.5429e-06,90.00,100
SolarSail_5,4.883,42157.00,0.9997,0.0000,0.0000e+00,4.5429e-06,90.00,100
SolarSail_5,4.892,42157.00,0.9997,0.0000,0.0000e+00,4.5429e-06,90.00,100
SolarSail_5,4.902,42157.00,0.9997,0.0000,0.0000e+00,4.5429e-06,90.00,100
SolarSail_5,4.911,42157.00,0.9997,0.0000,0.0000e+00,4.5429e-06,90.00,100
SolarSail_5,4.920,42157.00,0.9997,0.0000,0.0000e+00,4.5429e-06,90.00,100
SolarSail_5,4.929,42157.00,0.9997,0.0000,0.0000e+00,4.5429e-06,90.00,100
SolarSail_5,4.937,42157.00,0.9997,0.0000,0.0000e+00,4.5429e-06,90.00,100
SolarSail_5,4.946,42157.00,0.9997,0.0000,0.0000e+00,4.5429e-06,90.00,100
SolarSail_5,4.954,42157.00,0.9997,0.0000,0.0000e+00,4.5429e-06,90.00,100
SolarSail_5,4.962,42157.00,0.9997,0.0000,0.0000e+00,4.5429e-06,90.00,100
SolarSail_5,4.971,42157.00,0.9997,0.0000,0.0000e+00,4.5429e-06,90.00,100
SolarSail_5,4.980,42157.00,0.9997,0.0000,0.0000e+00,4.5429e-06,90.00,100
SolarSail_5,4.989,42157.00,0.9997,0.0000,0.0000e+00,4.5429e-06,90.00,100
SolarSail_5,4.997,42157.00,0.9997,0.0000,0.0000e+00,4.5429e-06,90.00,100
SolarSail_5,5.006,42157.00,0.9997,0.0000,0.0000e+00,4.5429e-06,90.00,100
SolarSail_5,5.014,42157.00,0.9997,0.0000,0.0000e+00,4.5429e-06,90.00,100
SolarSail_5,5.022,42157.00,0.9997,0.0000,0.0000e+00,4.5429e-06,90.00,100
SolarSail_5,5.033,42157.00,0.9997,0.0000,0.0000e+00,4.5429e-06,90.00,100
SolarSail_5,5.111,42157.00,0.9997,0.0000,0.0000e+00,4.5429e-06,90.00,100
SolarSail_5,5.122,42157.00,0.9997,0.0000,0.0000e+00,4.5429e-06,90.00,100
SolarSail_5,5.144,42157.00,0.9997,0.0000,0.0000e+00,4.5429e-06,90.00,100
SolarSail_5,5.153,42157.00,0.9997,0.0000,0.0000e+00,4.5429e-06,90.00,100
SolarSail_5,5.162,42157.00,0.9997,0.0000,0.0000e+00,4.5429e-06,90.00,100
SolarSail_5,5.170,42157.00,0.9997,0.0000,0.0000e+00,4.5429e-06,90.00,100
SolarSail_5,5.181,42157.00,0.9997,0.0000,0.0000e+00,4.5429e-06,90.00,100
SolarSail_5,5.198,42157.00,0.9997,0.0000,0.0000e+00,4.5429e-06,90.00,100
SolarSail_5,5.209,42157.00,0.9997,0.0000,0.0000e+00,4.5429e-06,90.00,100
SolarSail_5,5.218,42157.00,0.9997,0.0000,0.0000e+00,4.5429e-06,90.00,100
SolarSail_5,5.226,42157.00,0.9997,0.0000,0.0000e+00,4.5429e-06,90.00,100
SolarSail_5,5.235,42157.00,0.9997,0.0000,0.0000e+00,4.5429e-06,90.00,100
SolarSail_5,5.244,42157.00,0.9997,0.0000,0.0000e+00,4.5429e-06,90.00,100
SolarSail_5,5.254,42157.00,0.9997,0.0000,0.0000e+00,4.5429e-06,90.00,100
SolarSail_5,5.274,42157.00,0.9997,0.0000,0.0000e+00,4.5429e-06,90.00,100
SolarSail_5,5.284,42157.00,0.9997,0.0000,0.0000e+00,4.5429e-06,90.00,100
SolarSail_5,5.293,42157.00,0.9997,0.0000,0.0000e+00,4.5429e-06,90.00,100
SolarSail_5,5.303,42157.00,0.9997,0.0000,0.0000e+00,4.5429e-06,90.00,100
SolarSail_5,5.311,42157.00,0.9997,0.0000,0.0000e+00,4.5429e-06,90.00,100
SolarSail_5,5.322,42157.00,0.9997,0.0000,0.0000e+00,4.5429e-06,90.00,100
SolarSail_5,5.331,42157.00,0.9997,0.0000,0.0000e+00,4.5429e-06,90.00,100
SolarSail_5,5.339,42157.00,0.9997,0.0000,0.0000e+00,4.5429e-06,90.00,100
SolarSail_5,5.349,42157.00,0.9997,0.0000,0.0000e+00,4.5429e-06,90.00,100
SolarSail_5,5.358,42157.00,0.9997,0.0000,0.0000e+00,4.5429e-06,90.00,100
SolarSail_5,5.369,42157.00,0.9997,0.0000,0.0000e+00,4.5429e-06,90.00,100
SolarSail_5,5.379,42157.00,0.9997,0.0000,0.0000e+00,4.5429e-06,90.00,100
SolarSail_5,5.391,42157.00,0.9997,0.0000,0.0000e+00,4.5429e-06,90.00,100
SolarSail_5,5.400,42157.00,0.9997,0.0000,0.0000e+00,4.5429e-06,90.00,100
SolarSail_5,5.409,42157.00,0.9997,0.0000,0.0000e+00,4.5429e-06,90.00,100
SolarSail_5,5.417,42157.00,0.9997,0.0000,0.0000e+00,4.5429e-06,90.00,100
SolarSail_5,5.496,42157.00,0.9997,0.0000,0.0000e+00,4.5429e-06,90.00,100
SolarSail_5,5.509,42157.00,0.9997,0.0000,0.0000e+00,4.5429e-06,90.00,100
SolarSail_5,5.518,42157.00,0.9997,0.0000,0.0000e+00,4.5429e-06,90.00,100
SolarSail_5,5.529,42157.00,0.9997,0.0000,0.0000e+00,4.5429e-06,90.00,100
SolarSail_5,5.549,42157.00,0.9997,0.0000,0.0000e+00,4.5429e-06,90.00,100
SolarSail_5,5.560,42157.00,0.9997,0.0000,0.0000e+00,4.5429e-06,90.00,100
SolarSail_5,5.569,42157.00,0.9997,0.0000,0.0000e+00,4.5429e-06,90.00,100
SolarSail_5,5.579,42157.00,0.9997,0.0000,0.0000e+00,4.5429e-06,90.00,100
SolarSail_5,5.588,42157.00,0.9997,0.0000,0.0000e+00,4.5429e-06,90.00,100
SolarSail_5,5.597,42157.00,0.9997,0.0000,0.0000e+00,4.5429e-06,90.00,100
SolarSail_5,5.607,42157.00,0.9997,0.0000,0.0000e+00,4.5429e-06,90.00,100
SolarSail_5,5.616,42157.00,0.9997,0.0000,0.0000e+00,4.5429e-06,90.00,100
SolarSail_5,5.626,42157.00,0.9997,0.0000,0.0000e+00,4.5429e-06,90.00,100
SolarSail_5,5.636,42157.00,0.9997,0.0000,0.0000e+00,4.5429e-06,90.00,100
SolarSail_5,5.654,42157.00,0.9997,0.0000,0.0000e+00,4.5429e-06,90.00,100
SolarSail_5,5.665,42157.00,0.9997,0.0000,0.0000e+00,4.5429e-06,90.00,100
SolarSail_5,5.674,42157.00,0.9997,0.0000,0.0000e+00,4.5429e-06,90.00,100
SolarSail_5,5.684,42157.00,0.9997,0.0000,0.0000e+00,4.5429e-06,90.00,100
SolarSail_5,5.695,42157.00,0.9997,0.0000,0.0000e+00,4.5429e-06,90.00,100
SolarSail_5,5.706,42157.00,0.9997,0.0000,0.0000e+00,4.5429e-06,90.00,100
SolarSail_5,5.717,42157.00,0.9997,0.0000,0.0000e+00,4.5429e-06,90.00,100
SolarSail_5,5.727,42157.00,0.9997,0.0000,0.0000e+00,4.5429e-06,90.00,100
SolarSail_5,5.736,42157.00,0.9997,0.0000,0.0000e+00,4.5429e-06,90.00,100
SolarSail_5,5.746,42157.00,0.9997,0.0000,0.0000e+00,4.5429e-06,90.00,100
SolarSail_5,5.756,42157.00,0.9997,0.0000,0.0000e+00,4.5429e-06,90.00,100
SolarSail_5,5.765,42157.00,0.9997,0.0000,0.0000e+00,4.5429e-06,90.00,100
SolarSail_5,5.775,42157.00,0.9997,0.0000,0.0000e+00,4.5429e-06,90.00,100
SolarSail_5,5.784,42157.00,0.9997,0.0000,0.0000e+00,4.5429e-06,90.00,100
SolarSail_5,5.792,42157.00,0.9997,0.0000,0.0000e+00,4.5429e-06,90.00,100
SolarSail_5,5.802,42157.00,0.9997,0.0000,0.0000e+00,4.5429e-06,90.00,100
SolarSail_5,5.811,42157.00,0.9997,0.0000,0.0000e+00,4.5429e-06,90.00,100
SolarSail_5,5.821,42157.00,0.9997,0.0000,0.0000e+00,4.5429e-06,90.00,100
SolarSail_5,5.829,42157.00,0.9997,0.0000,0.0000e+00,4.5429e-06,90.00,100
SolarSail_5,5.839,42157.00,0.9997,0.0000,0.0000e+00,4.5429e-06,90.00,100
SolarSail_5,5.849,42157.00,0.9997,0.0000,0.0000e+00,4.5429e-06,90.00,100
SolarSail_5,5.858,42157.00,0.9997,0.0000,0.0000e+00,4.5429e-06,90.00,100
SolarSail_5,5.867,42157.00,0.9997,0.0000,0.0000e+00,4.5429e-06,90.00,100
SolarSail_5,5.876,42157.00,0.9997,0.0000,0.0000e+00,4.5429e-06,90.00,100
SolarSail_5,5.885,42157.00,0.9997,0.0000,0.0000e+00,4.5429e-06,90.00,100
SolarSail_5,5.893,42157.00,0.9997,0.0000,0.0000e+00,4.5429e-06,90.00,100
SolarSail_5,5.903,42157.00,0.9997,0.0000,0.0000e+00,4.5429e-06,90.00,100
SolarSail_5,5.913,42157.00,0.9997,0.0000,0.0000e+00,4.5429e-06,90.00,100
SolarSail_5,5.923,42157.00,0.9997,0.0000,0.0000e+00,4.5429e-06,90.00,100
SolarSail_5,5.933,42157.00,0.9997,0.0000,0.0000e+00,4.5429e-06,90.00,100
SolarSail_5,5.942,42157.00,0.9997,0.0000,0.0000e+00,4.5429e-06,90.00,100
SolarSail_5,5.951,42157.00,0.9997,0.0000,0.0000e+00,4.5429e-06,90.00,100
SolarSail_5,5.960,42157.00,0.9997,0.0000,0.0000e+00,4.5429e-06,90.00,100
SolarSail_5,5.969,42157.00,0.9997,0.0000,0.0000e+00,4.5429e-06,90.00,100
SolarSail_5,5.978,42157.00,0.9997,0.0000,0.0000e+00,4.5429e-06,90.00,100
SolarSail_5,5.987,42157.00,0.9997,0.0000,0.0000e+00,4.5429e-06,90.00,100
SolarSail_5,5.996,42157.00,0.9997,0.0000,0.0000e+00,4.5429e-06,90.00,100
SolarSail_5,6.006,42157.00,0.9997,0.0000,0.0000e+00,4.5429e-06,90.00,100
SolarSail_5,6.015,42157.00,0.9997,0.0000,0.0000e+00,4.5429e-06,90.00,100
SolarSail_5,6.024,42157.00,0.9997,0.0000,0.0000e+00,4.5429e-06,90.00,100
SolarSail_5,6.036,42157.00,0.9997,0.0000,0.0000e+00,4.5429e-06,90.00,100
SolarSail_5,6.047,42157.00,0.9997,0.0000,0.0000e+00,4.5429e-06,90.00,100
SolarSail_5,6.056,42157.00,0.9997,0.0000,0.0000e+00,4.5429e-06,90.00,100
SolarSail_5,6.066,42157.00,0.9997,0.0000,0.0000e+00,4.5429e-06,90.00,100
SolarSail_5,6.075,42157.00,0.9997,0.0000,0.0000e+00,4.5429e-06,90.00,100
SolarSail_5,6.084,42157.00,0.9997,0.0000,0.0000e+00,4.5429e-06,90.00,100
SolarSail_5,6.093,42157.00,0.9997,0.0000,0.0000e+00,4.5429e-06,90.00,100
SolarSail_5,6.102,42157.00,0.9997,0.0000,0.0000e+00,4.5429e-06,90.00,100
SolarSail_5,6.112,42157.00,0.9997,0.0000,0.0000e+00,4.5429e-06,90.00,100
SolarSail_5,6.121,42157.00,0.9997,0.0000,0.0000e+00,4.5429e-06,90.00,100
SolarSail_5,6.129,42157.00,0.9997,0.0000,0.0000e+00,4.5429e-06,90.00,100
SolarSail_5,6.140,42157.00,0.9997,0.0000,0.0000e+00,4.5429e-06,90.00,100
SolarSail_5,6.149,42157.00,0.9997,0.0000,0.0000e+00,4.5429e-06,90.00,100
SolarSail_5,6.157,42157.00,0.9997,0.0000,0.0000e+00,4.5429e-06,90.00,100
SolarSail_5,6.166,42157.00,0.9997,0.0000,0.0000e+00,4.5429e-06,90.00,100
SolarSail_5,6.175,42157.00,0.9997,0.0000,0.0000e+00,4.5429e-06,90.00,100
SolarSail_5,6.184,42157.00,0.9997,0.0000,0.0000e+00,4.5429e-06,90.00,100
SolarSail_5,6.193,42157.00,0.9997,0.0000,0.0000e+00,4.5429e-06,90.00,100
SolarSail_5,6.202,42157.00,0.9997,0.0000,0.0000e+00,4.5429e-06,90.00,100
SolarSail_5,6.211,42157.00,0.9997,0.0000,0.0000e+00,4.5429e-06,90.00,100
SolarSail_5,6.219,42157.00,0.9997,0.0000,0.0000e+00,4.5429e-06,90.00,100
SolarSail_5,6.228,42157.00,0.9997,0.0000,0.0000e+00,4.5429e-06,90.00,100
SolarSail_5,6.238,42157.00,0.9997,0.0000,0.0000e+00,4.5429e-06,90.00,100
SolarSail_5,6.246,42157.00,0.9997,0.0000,0.0000e+00,4.5429e-06,90.00,100
SolarSail_5,6.255,42157.00,0.9997,0.0000,0.0000e+00,4.5429e-06,90.00,100
SolarSail_5,6.264,42157.00,0.9997,0.0000,0.0000e+00,4.5429e-06,90.00,100
SolarSail_5,6.272,42157.00,0.9997,0.0000,0.0000e+00,4.5429e-06,90.00,100
SolarSail_5,6.280,42157.00,0.9997,0.0000,0.0000e+00,4.5429e-06,90.00,100
SolarSail_5,6.289,42157.00,0.9997,0.0000,0.0000e+00,4.5429e-06,90.00,100
SolarSail_5,6.298,42157.00,0.9997,0.0000,0.0000e+00,4.5429e-06,90.00,100
SolarSail_5,6.309,42157.00,0.9997,0.0000,0.0000e+00,4.5429e-06,90.00,100
SolarSail_5,6.318,42157.00,0.9997,0.0000,0.0000e+00,4.5429e-06,90.00,100
SolarSail_5,6.327,42157.00,0.9997,0.0000,0.0000e+00,4.5429e-06,90.00,100
SolarSail_5,6.335,42157.00,0.9997,0.0000,0.0000e+00,4.5429e-06,90.00,100
SolarSail_5,6.344,42157.00,0.9997,0.0000,0.0000e+00,4.5429e-06,90.00,100
SolarSail_5,6.353,42157.00,0.9997,0.0000,0.0000e+00,4.5429e-06,90.00,100
SolarSail_5,6.362,42157.00,0.9997,0.0000,0.0000e+00,4.5429e-06,90.00,100
SolarSail_5,6.370,42157.00,0.9997,0.0000,0.0000e+00,4.5429e-06,90.00,100
SolarSail_5,6.382,42157.00,0.9997,0.0000,0.0000e+00,4.5429e-06,90.00,100
SolarSail_5,6.393,42157.00,0.9997,0.0000,0.0000e+00,4.5429e-06,90.00,100
SolarSail_5,6.402,42157.00,0.9997,0.0000,0.0000e+00,4.5429e-06,90.00,100
SolarSail_5,6.412,42157.00,0.9997,0.0000,0.0000e+00,4.5429e-06,90.00,100
SolarSail_5,6.422,42157.00,0.9997,0.0000,0.0000e+00,4.5429e-06,90.00,100
SolarSail_5,6.431,42157.00,0.9997,0.0000,0.0000e+00,4.5429e-06,90.00,100
SolarSail_5,6.441,42157.00,0.9997,0.0000,0.0000e+00,4.5429e-06,90.00,100
SolarSail_5,6.450,42157.00,0.9997,0.0000,0.0000e+00,4.5429e-06,90.00,100
SolarSail_5,6.459,42157.00,0.9997,0.0000,0.0000e+00,4.5429e-06,90.00,100
SolarSail_5,6.469,42157.00,0.9997,0.0000,0.0000e+00,4.5429e-06,90.00,100
SolarSail_5,6.478,42157.00,0.9997,0.0000,0.0000e+00,4.5429e-06,90.00,100
SolarSail_5,6.487,42157.00,0.9997,0.0000,0.0000e+00,4.5429e-06,90.00,100
SolarSail_5,6.496,42157.00,0.9997,0.0000,0.0000e+00,4.5429e-06,90.00,100
SolarSail_5,6.506,42157.00,0.9997,0.0000,0.0000e+00,4.5429e-06,90.00,100
SolarSail_5,6.515,42157.00,0.9997,0.0000,0.0000e+00,4.5429e-06,90.00,100
SolarSail_5,6.526,42157.00,0.9997,0.0000,0.0000e+00,4.5429e-06,90.00,100
SolarSail_5,6.536,42157.00,0.9997,0.0000,0.0000e+00,4.5429e-06,90.00,100
SolarSail_5,6.548,42157.00,0.9997,0.0000,0.0000e+00,4.5429e-06,90.00,100
SolarSail_5,6.557,42157.00,0.9997,0.0000,0.0000e+00,4.5429e-06,90.00,100
SolarSail_5,6.567,42157.00,0.9997,0.0000,0.0000e+00,4.5429e-06,90.00,100
SolarSail_5,6.577,42157.00,0.9997,0.0000,0.0000e+00,4.5429e-06,90.00,100
SolarSail_5,6.587,42157.00,0.9997,0.0000,0.0000e+00,4.5429e-06,90.00,100
SolarSail_5,6.597,42157.00,0.9997,0.0000,0.0000e+00,4.5429e-06,90.00,100
SolarSail_5,6.607,42157.00,0.9997,0.0000,0.0000e+00,4.5429e-06,90.00,100
SolarSail_5,6.616,42157.00,0.9997,0.0000,0.0000e+00,4.5429e-06,90.00,100
SolarSail_5,6.627,42157.00,0.9997,0.0000,0.0000e+00,4.5429e-06,90.00,100
SolarSail_5,6.637,42157.00,0.9997,0.0000,0.0000e+00,4.5429e-06,90.00,100
SolarSail_5,6.646,42157.00,0.9997,0.0000,0.0000e+00,4.5429e-06,90.00,100
SolarSail_5,6.656,42157.00,0.9997,0.0000,0.0000e+00,4.5429e-06,90.00,100
SolarSail_5,6.665,42157.00,0.9997,0.0000,0.0000e+00,4.5429e-06,90.00,100
SolarSail_5,6.676,42157.00,0.9997,0.0000,0.0000e+00,4.5429e-06,90.00,100
SolarSail_5,6.686,42157.00,0.9997,0.0000,0.0000e+00,4.5429e-06,90.00,100
SolarSail_5,6.695,42157.00,0.9997,0.0000,0.0000e+00,4.5429e-06,90.00,100
SolarSail_5,6.706,42157.00,0.9997,0.0000,0.0000e+00,4.5429e-06,90.00,100
SolarSail_5,6.715,42157.00,0.9997,0.0000,0.0000e+00,4.5429e-06,90.00,100
SolarSail_5,6.724,42157.00,0.9997,0.0000,0.0000e+00,4.5429e-06,90.00,100
SolarSail_5,6.732,42157.00,0.9997,0.0000,0.0000e+00,4.5429e-06,90.00,100
SolarSail_5,6.742,42157.00,0.9997,0.0000,0.0000e+00,4.5429e-06,90.00,100
SolarSail_5,6.751,42157.00,0.9997,0.0000,0.0000e+00,4.5429e-06,90.00,100
SolarSail_5,6.762,42157.00,0.9997,0.0000,0.0000e+00,4.5429e-06,90.00,100
SolarSail_5,6.771,42157.00,0.9997,0.0000,0.0000e+00,4.5429e-06,90.00,100
SolarSail_5,6.780,42157.00,0.9997,0.0000,0.0000e+00,4.5429e-06,90.00,100
SolarSail_5,6.789,42157.00,0.9997,0.0000,0.0000e+00,4.5429e-06,90.00,100
SolarSail_5,6.799,42157.00,0.9997,0.0000,0.0000e+00,4.5429e-06,90.00,100
SolarSail_5,6.808,42157.00,0.9997,0.0000,0.0000e+00,4.5429e-06,90.00,100
SolarSail_5,6.821,42157.00,0.9997,0.0000,0.0000e+00,4.5429e-06,90.00,100
SolarSail_5,6.831,42157.00,0.9997,0.0000,0.0000e+00,4.5429e-06,90.00,100
SolarSail_5,6.841,42157.00,0.9997,0.0000,0.0000e+00,4.5429e-06,90.00,100
SolarSail_5,6.853,42157.00,0.9997,0.0000,0.0000e+00,4.5429e-06,90.00,100
SolarSail_5,6.862,42157.00,0.9997,0.0000,0.0000e+00,4.5429e-06,90.00,100
SolarSail_5,6.870,42157.00,0.9997,0.0000,0.0000e+00,4.5429e-06,90.00,100
SolarSail_5,6.881,42157.00,0.9997,0.0000,0.0000e+00,4.5429e-06,90.00,100
SolarSail_5,6.891,42157.00,0.9997,0.0000,0.0000e+00,4.5429e-06,90.00,100
SolarSail_5,6.900,42157.00,0.9997,0.0000,0.0000e+00,4.5429e-06,90.00,100
SolarSail_5,6.909,42157.00,0.9997,0.0000,0.0000e+00,4.5429e-06,90.00,100
SolarSail_5,6.918,42157.00,0.9997,0.0000,0.0000e+00,4.5429e-06,90.00,100
SolarSail_5,6.927,42157.00,0.9997,0.0000,0.0000e+00,4.5429e-06,90.00,100
SolarSail_5,6.936,42157.00,0.9997,0.0000,0.0000e+00,4.5429e-06,90.00,100
SolarSail_5,6.946,42157.00,0.9997,0.0000,0.0000e+00,4.5429e-06,90.00,100
SolarSail_5,6.954,42157.00,0.9997,0.0000,0.0000e+00,4.5429e-06,90.00,100
SolarSail_5,6.963,42157.00,0.9997,0.0000,0.0000e+00,4.5429e-06,90.00,100
SolarSail_5,6.973,42157.00,0.9997,0.0000,0.0000e+00,4.5429e-06,90.00,100
SolarSail_5,6.982,42157.00,0.9997,0.0000,0.0000e+00,4.5429e-06,90.00,100
SolarSail_5,6.990,42157.00,0.9997,0.0000,0.0000e+00,4.5429e-06,90.00,100
SolarSail_5,6.999,42157.00,0.9997,0.0000,0.0000e+00,4.5429e-06,90.00,100
SolarSail_5,7.008,42157.00,0.9997,0.0000,0.0000e+00,4.5429e-06,90.00,100
SolarSail_5,7.017,42157.00,0.9997,0.0000,0.0000e+00,4.5429e-06,90.00,100
SolarSail_5,7.026,42157.00,0.9997,0.0000,0.0000e+00,4.5429e-06,90.00,100
SolarSail_5,7.036,42157.00,0.9997,0.0000,0.0000e+00,4.5429e-06,90.00,100
SolarSail_5,7.044,42157.00,0.9997,0.0000,0.0000e+00,4.5429e-06,90.00,100
SolarSail_5,7.053,42157.00,0.9997,0.0000,0.0000e+00,4.5429e-06,90.00,100
SolarSail_5,7.062,42157.00,0.9997,0.0000,0.0000e+00,4.5429e-06,90.00,100
SolarSail_5,7.071,42157.00,0.9997,0.0000,0.0000e+00,4.5429e-06,90.00,100
SolarSail_5,7.080,42157.00,0.9997,0.0000,0.0000e+00,4.5429e-06,90.00,100
SolarSail_5,7.089,42157.00,0.9997,0.0000,0.0000e+00,4.5429e-06,90.00,100
SolarSail_5,7.098,42157.00,0.9997,0.0000,0.0000e+00,4.5429e-06,90.00,100
SolarSail_5,7.108,42157.00,0.9997,0.0000,0.0000e+00,4.5429e-06,90.00,100
SolarSail_5,7.116,42157.00,0.9997,0.0000,0.0000e+00,4.5429e-06,90.00,100
SolarSail_5,7.126,42157.00,0.9997,0.0000,0.0000e+00,4.5429e-06,90.00,100
SolarSail_5,7.135,42157.00,0.9997,0.0000,0.0000e+00,4.5429e-06,90.00,100
SolarSail_5,7.146,42157.00,0.9997,0.0000,0.0000e+00,4.5429e-06,90.00,100
SolarSail_5,7.156,42157.00,0.9997,0.0000,0.0000e+00,4.5429e-06,90.00,100
SolarSail_5,7.164,42157.00,0.9997,0.0000,0.0000e+00,4.5429e-06,90.00,100
SolarSail_5,7.173,42157.00,0.9997,0.0000,0.0000e+00,4.5429e-06,90.00,100
SolarSail_5,7.182,42157.00,0.9997,0.0000,0.0000e+00,4.5429e-06,90.00,100
SolarSail_5,7.193,42157.00,0.9997,0.0000,0.0000e+00,4.5429e-06,90.00,100
SolarSail_5,7.201,42157.00,0.9997,0.0000,0.0000e+00,4.5429e-06,90.00,100
SolarSail_5,7.211,42157.00,0.9997,0.0000,0.0000e+00,4.5429e-06,90.00,100
SolarSail_5,7.221,42157.00,0.9997,0.0000,0.0000e+00,4.5429e-06,90.00,100
SolarSail_5,7.230,42157.00,0.9997,0.0000,0.0000e+00,4.5429e-06,90.00,100
SolarSail_5,7.240,42157.00,0.9997,0.0000,0.0000e+00,4.5429e-06,90.00,100
SolarSail_5,7.257,42157.00,0.9997,0.0000,0.0000e+00,4.5429e-06,90.00,100
SolarSail_5,7.269,42157.00,0.9997,0.0000,0.0000e+00,4.5429e-06,90.00,100
SolarSail_5,7.285,42157.00,0.9997,0.0000,0.0000e+00,4.5429e-06,90.00,100
SolarSail_5,7.295,42157.00,0.9997,0.0000,0.0000e+00,4.5429e-06,90.00,100
SolarSail_5,7.315,42157.00,0.9997,0.0000,0.0000e+00,4.5429e-06,90.00,100
SolarSail_5,7.324,42157.00,0.9997,0.0000,0.0000e+00,4.5429e-06,90.00,100
SolarSail_5,7.333,42157.00,0.9997,0.0000,0.0000e+00,4.5429e-06,90.00,100
SolarSail_5,7.342,42157.00,0.9997,0.0000,0.0000e+00,4.5429e-06,90.00,100
SolarSail_5,7.351,42157.00,0.9997,0.0000,0.0000e+00,4.5429e-06,90.00,100
SolarSail_5,7.360,42157.00,0.9997,0.0000,0.0000e+00,4.5429e-06,90.00,100
SolarSail_5,7.370,42157.00,0.9997,0.0000,0.0000e+00,4.5429e-06,90.00,100
SolarSail_5,7.380,42157.00,0.9997,0.0000,0.0000e+00,4.5429e-06,90.00,100
SolarSail_5,7.391,42157.00,0.9997,0.0000,0.0000e+00,4.5429e-06,90.00,100
SolarSail_5,7.401,42157.00,0.9997,0.0000,0.0000e+00,4.5429e-06,90.00,100
SolarSail_5,7.410,42157.00,0.9997,0.0000,0.0000e+00,4.5429e-06,90.00,100
SolarSail_5,7.420,42157.00,0.9997,0.0000,0.0000e+00,4.5429e-06,90.00,100
SolarSail_5,7.431,42157.00,0.9997,0.0000,0.0000e+00,4.5429e-06,90.00,100
SolarSail_5,7.441,42157.00,0.9997,0.0000,0.0000e+00,4.5429e-06,90.00,100
SolarSail_5,7.451,42157.00,0.9997,0.0000,0.0000e+00,4.5429e-06,90.00,100
SolarSail_5,7.464,42157.00,0.9997,0.0000,0.0000e+00,4.5429e-06,90.00,100
SolarSail_5,7.476,42157.00,0.9997,0.0000,0.0000e+00,4.5429e-06,90.00,100
SolarSail_5,7.487,42157.00,0.9997,0.0000,0.0000e+00,4.5429e-06,90.00,100
SolarSail_5,7.497,42157.00,0.9997,0.0000,0.0000e+00,4.5429e-06,90.00,100
SolarSail_5,7.508,42157.00,0.9997,0.0000,0.0000e+00,4.5429e-06,90.00,100
SolarSail_5,7.519,42157.00,0.9997,0.0000,0.0000e+00,4.5429e-06,90.00,100
SolarSail_5,7.531,42157.00,0.9997,0.0000,0.0000e+00,4.5429e-06,90.00,100
SolarSail_5,7.542,42157.00,0.9997,0.0000,0.0000e+00,4.5429e-06,90.00,100
SolarSail_5,7.557,42157.00,0.9997,0.0000,0.0000e+00,4.5429e-06,90.00,100
SolarSail_5,7.573,42157.00,0.9997,0.0000,0.0000e+00,4.5429e-06,90.00,100
SolarSail_5,7.585,42157.00,0.9997,0.0000,0.0000e+00,4.5429e-06,90.00,100
SolarSail_5,7.597,42157.00,0.9997,0.0000,0.0000e+00,4.5429e-06,90.00,100
SolarSail_5,7.606,42157.00,0.9997,0.0000,0.0000e+00,4.5429e-06,90.00,100
SolarSail_5,7.616,42157.00,0.9997,0.0000,0.0000e+00,4.5429e-06,90.00,100
SolarSail_5,7.625,42157.00,0.9997,0.0000,0.0000e+00,4.5429e-06,90.00,100
SolarSail_5,7.635,42157.00,0.9997,0.0000,0.0000e+00,4.5429e-06,90.00,100
SolarSail_5,7.645,42157.00,0.9997,0.0000,0.0000e+00,4.5429e-06,90.00,100
SolarSail_5,7.655,42157.00,0.9997,0.0000,0.0000e+00,4.5429e-06,90.00,100
SolarSail_5,7.665,42157.00,0.9997,0.0000,0.0000e+00,4.5429e-06,90.00,100
SolarSail_5,7.676,42157.00,0.9997,0.0000,0.0000e+00,4.5429e-06,90.00,100
SolarSail_5,7.687,42157.00,0.9997,0.0000,0.0000e+00,4.5429e-06,90.00,100
SolarSail_5,7.697,42157.00,0.9997,0.0000,0.0000e+00,4.5429e-06,90.00,100
SolarSail_5,7.707,42157.00,0.9997,0.0000,0.0000e+00,4.5429e-06,90.00,100
SolarSail_5,7.717,42157.00,0.9997,0.0000,0.0000e+00,4.5429e-06,90.00,100
SolarSail_5,7.726,42157.00,0.9997,0.0000,0.0000e+00,4.5429e-06,90.00,100
SolarSail_5,7.736,42157.00,0.9997,0.0000,0.0000e+00,4.5429e-06,90.00,100
SolarSail_5,7.745,42157.00,0.9997,0.0000,0.0000e+00,4.5429e-06,90.00,100
SolarSail_5,7.754,42157.00,0.9997,0.0000,0.0000e+00,4.5429e-06,90.00,100
SolarSail_5,7.764,42157.00,0.9997,0.0000,0.0000e+00,4.5429e-06,90.00,100
SolarSail_5,7.774,42157.00,0.9997,0.0000,0.0000e+00,4.5429e-06,90.00,100
SolarSail_5,7.783,42157.00,0.9997,0.0000,0.0000e+00,4.5429e-06,90.00,100
SolarSail_5,7.792,42157.00,0.9997,0.0000,0.0000e+00,4.5429e-06,90.00,100
SolarSail_5,7.804,42157.00,0.9997,0.0000,0.0000e+00,4.5429e-06,90.00,100
SolarSail_5,7.813,42157.00,0.9997,0.0000,0.0000e+00,4.5429e-06,90.00,100
SolarSail_5,7.822,42157.00,0.9997,0.0000,0.0000e+00,4.5429e-06,90.00,100
SolarSail_5,7.831,42157.00,0.9997,0.0000,0.0000e+00,4.5429e-06,90.00,100
SolarSail_5,7.841,42157.00,0.9997,0.0000,0.0000e+00,4.5429e-06,90.00,100
SolarSail_5,7.851,42157.00,0.9997,0.0000,0.0000e+00,4.5429e-06,90.00,100
SolarSail_5,7.860,42157.00,0.9997,0.0000,0.0000e+00,4.5429e-06,90.00,100
SolarSail_5,7.871,42157.00,0.9997,0.0000,0.0000e+00,4.5429e-06,90.00,100
SolarSail_5,7.880,42157.00,0.9997,0.0000,0.0000e+00,4.5429e-06,90.00,100
SolarSail_5,7.890,42157.00,0.9997,0.0000,0.0000e+00,4.5429e-06,90.00,100
SolarSail_5,7.900,42157.00,0.9997,0.0000,0.0000e+00,4.5429e-06,90.00,100
SolarSail_5,7.910,42157.00,0.9997,0.0000,0.0000e+00,4.5429e-06,90.00,100
SolarSail_5,7.920,42157.00,0.9997,0.0000,0.0000e+00,4.5429e-06,90.00,100
SolarSail_5,7.928,42157.00,0.9997,0.0000,0.0000e+00,4.5429e-06,90.00,100
SolarSail_5,7.937,42157.00,0.9997,0.0000,0.0000e+00,4.5429e-06,90.00,100
SolarSail_5,7.946,42157.00,0.9997,0.0000,0.0000e+00,4.5429e-06,90.00,100
SolarSail_5,7.955,42157.00,0.9997,0.0000,0.0000e+00,4.5429e-06,90.00,100
SolarSail_5,7.964,42157.00,0.9997,0.0000,0.0000e+00,4.5429e-06,90.00,100
SolarSail_5,7.974,42157.00,0.9997,0.0000,0.0000e+00,4.5429e-06,90.00,100
SolarSail_5,7.983,42157.00,0.9997,0.0000,0.0000e+00,4.5429e-06,90.00,100
SolarSail_5,7.992,42157.00,0.9997,0.0000,0.0000e+00,4.5429e-06,90.00,100
SolarSail_5,8.002,42157.00,0.9997,0.0000,0.0000e+00,4.5429e-06,90.00,100
SolarSail_5,8.011,42157.00,0.9997,0.0000,0.0000e+00,4.5429e-06,90.00,100
SolarSail_5,8.020,42157.00,0.9997,0.0000,0.0000e+00,4.5429e-06,90.00,100
SolarSail_5,8.029,42157.00,0.9997,0.0000,0.0000e+00,4.5429e-06,90.00,100
SolarSail_5,8.040,42157.00,0.9997,0.0000,0.0000e+00,4.5429e-06,90.00,100
SolarSail_5,8.049,42157.00,0.9997,0.0000,0.0000e+00,4.5429e-06,90.00,100
SolarSail_5,8.065,42157.00,0.9997,0.0000,0.0000e+00,4.5429e-06,90.00,100
SolarSail_5,8.075,42157.00,0.9997,0.0000,0.0000e+00,4.5429e-06,90.00,100
SolarSail_5,8.084,42157.00,0.9997,0.0000,0.0000e+00,4.5429e-06,90.00,100
SolarSail_5,8.093,42157.00,0.9997,0.0000,0.0000e+00,4.5429e-06,90.00,100
SolarSail_5,8.102,42157.00,0.9997,0.0000,0.0000e+00,4.5429e-06,90.00,100
SolarSail_5,8.112,42157.00,0.9997,0.0000,0.0000e+00,4.5429e-06,90.00,100
SolarSail_5,8.122,42157.00,0.9997,0.0000,0.0000e+00,4.5429e-06,90.00,100
SolarSail_5,8.134,42157.00,0.9997,0.0000,0.0000e+00,4.5429e-06,90.00,100
SolarSail_5,8.144,42157.00,0.9997,0.0000,0.0000e+00,4.5429e-06,90.00,100
SolarSail_5,8.154,42157.00,0.9997,0.0000,0.0000e+00,4.5429e-06,90.00,100
SolarSail_5,8.162,42157.00,0.9997,0.0000,0.0000e+00,4.5429e-06,90.00,100
SolarSail_5,8.171,42157.00,0.9997,0.0000,0.0000e+00,4.5429e-06,90.00,100
SolarSail_5,8.181,42157.00,0.9997,0.0000,0.0000e+00,4.5429e-06,90.00,100
SolarSail_5,8.192,42157.00,0.9997,0.0000,0.0000e+00,4.5429e-06,90.00,100
SolarSail_5,8.202,42157.00,0.9997,0.0000,0.0000e+00,4.5429e-06,90.00,100
SolarSail_5,8.213,42157.00,0.9997,0.0000,0.0000e+00,4.5429e-06,90.00,100
SolarSail_5,8.223,42157.00,0.9997,0.0000,0.0000e+00,4.5429e-06,90.00,100
SolarSail_5,8.234,42157.00,0.9997,0.0000,0.0000e+00,4.5429e-06,90.00,100
SolarSail_5,8.244,42157.00,0.9997,0.0000,0.0000e+00,4.5429e-06,90.00,100
SolarSail_5,8.254,42157.00,0.9997,0.0000,0.0000e+00,4.5429e-06,90.00,100
SolarSail_5,8.264,42157.00,0.9997,0.0000,0.0000e+00,4.5429e-06,90.00,100
SolarSail_5,8.274,42157.00,0.9997,0.0000,0.0000e+00,4.5429e-06,90.00,100
SolarSail_5,8.284,42157.00,0.9997,0.0000,0.0000e+00,4.5429e-06,90.00,100
SolarSail_5,8.294,42157.00,0.9997,0.0000,0.0000e+00,4.5429e-06,90.00,100
SolarSail_5,8.304,42157.00,0.9997,0.0000,0.0000e+00,4.5429e-06,90.00,100
SolarSail_5,8.316,42157.00,0.9997,0.0000,0.0000e+00,4.5429e-06,90.00,100
SolarSail_5,8.326,42157.00,0.9997,0.0000,0.0000e+00,4.5429e-06,90.00,100
SolarSail_5,8.336,42157.00,0.9997,0.0000,0.0000e+00,4.5429e-06,90.00,100
SolarSail_5,8.344,42157.00,0.9997,0.0000,0.0000e+00,4.5429e-06,90.00,100
SolarSail_5,8.353,42157.00,0.9997,0.0000,0.0000e+00,4.5429e-06,90.00,100
SolarSail_5,8.363,42157.00,0.9997,0.0000,0.0000e+00,4.5429e-06,90.00,100
SolarSail_5,8.374,42157.00,0.9997,0.0000,0.0000e+00,4.5429e-06,90.00,100
SolarSail_5,8.383,42157.00,0.9997,0.0000,0.0000e+00,4.5429e-06,90.00,100
SolarSail_5,8.392,42157.00,0.9997,0.0000,0.0000e+00,4.5429e-06,90.00,100
SolarSail_5,8.402,42157.00,0.9997,0.0000,0.0000e+00,4.5429e-06,90.00,100
SolarSail_5,8.411,42157.00,0.9997,0.0000,0.0000e+00,4.5429e-06,90.00,100
SolarSail_5,8.421,42157.00,0.9997,0.0000,0.0000e+00,4.5429e-06,90.00,100
SolarSail_5,8.430,42157.00,0.9997,0.0000,0.0000e+00,4.5429e-06,90.00,100
SolarSail_5,8.440,42157.00,0.9997,0.0000,0.0000e+00,4.5429e-06,90.00,100
SolarSail_5,8.449,42157.00,0.9997,0.0000,0.0000e+00,4.5429e-06,90.00,100
SolarSail_5,8.458,42157.00,0.9997,0.0000,0.0000e+00,4.5429e-06,90.00,100
SolarSail_5,8.467,42157.00,0.9997,0.0000,0.0000e+00,4.5429e-06,90.00,100
SolarSail_5,8.477,42157.00,0.9997,0.0000,0.0000e+00,4.5429e-06,90.00,100
SolarSail_5,8.486,42157.00,0.9997,0.0000,0.0000e+00,4.5429e-06,90.00,100
SolarSail_5,8.496,42157.00,0.9997,0.0000,0.0000e+00,4.5429e-06,90.00,100
SolarSail_5,8.505,42157.00,0.9997,0.0000,0.0000e+00,4.5429e-06,90.00,100
SolarSail_5,8.514,42157.00,0.9997,0.0000,0.0000e+00,4.5429e-06,90.00,100
SolarSail_5,8.524,42157.00,0.9997,0.0000,0.0000e+00,4.5429e-06,90.00,100
SolarSail_5,8.534,42157.00,0.9997,0.0000,0.0000e+00,4.5429e-06,90.00,100
SolarSail_5,8.543,42157.00,0.9997,0.0000,0.0000e+00,4.5429e-06,90.00,100
SolarSail_5,8.552,42157.00,0.9997,0.0000,0.0000e+00,4.5429e-06,90.00,100
SolarSail_5,8.563,42157.00,0.9997,0.0000,0.0000e+00,4.5429e-06,90.00,100
SolarSail_5,8.573,42157.00,0.9997,0.0000,0.0000e+00,4.5429e-06,90.00,100
SolarSail_5,8.582,42157.00,0.9997,0.0000,0.0000e+00,4.5429e-06,90.00,100
SolarSail_5,8.591,42157.00,0.9997,0.0000,0.0000e+00,4.5429e-06,90.00,100
SolarSail_5,8.600,42157.00,0.9997,0.0000,0.0000e+00,4.5429e-06,90.00,100
SolarSail_5,8.610,42157.00,0.9997,0.0000,0.0000e+00,4.5429e-06,90.00,100
SolarSail_5,8.619,42157.00,0.9997,0.0000,0.0000e+00,4.5429e-06,90.00,100
SolarSail_5,8.629,42157.00,0.9997,0.0000,0.0000e+00,4.5429e-06,90.00,100
SolarSail_5,8.639,42157.00,0.9997,0.0000,0.0000e+00,4.5429e-06,90.00,100
SolarSail_5,8.649,42157.00,0.9997,0.0000,0.0000e+00,4.5429e-06,90.00,100
SolarSail_5,8.659,42157.00,0.9997,0.0000,0.0000e+00,4.5429e-06,90.00,100
SolarSail_5,8.668,42157.00,0.9997,0.0000,0.0000e+00,4.5429e-06,90.00,100
SolarSail_5,8.677,42157.00,0.9997,0.0000,0.0000e+00,4.5429e-06,90.00,100
SolarSail_5,8.686,42157.00,0.9997,0.0000,0.0000e+00,4.5429e-06,90.00,100
SolarSail_5,8.695,42157.00,0.9997,0.0000,0.0000e+00,4.5429e-06,90.00,100
SolarSail_5,8.704,42157.00,0.9997,0.0000,0.0000e+00,4.5429e-06,90.00,100
SolarSail_5,8.713,42157.00,0.9997,0.0000,0.0000e+00,4.5429e-06,90.00,100
SolarSail_5,8.724,42157.00,0.9997,0.0000,0.0000e+00,4.5429e-06,90.00,100
SolarSail_5,8.734,42157.00,0.9997,0.0000,0.0000e+00,4.5429e-06,90.00,100
SolarSail_5,8.744,42157.00,0.9997,0.0000,0.0000e+00,4.5429e-06,90.00,100
SolarSail_5,8.752,42157.00,0.9997,0.0000,0.0000e+00,4.5429e-06,90.00,100
SolarSail_5,8.761,42157.00,0.9997,0.0000,0.0000e+00,4.5429e-06,90.00,100
SolarSail_5,8.770,42157.00,0.9997,0.0000,0.0000e+00,4.5429e-06,90.00,100
SolarSail_5,8.779,42157.00,0.9997,0.0000,0.0000e+00,4.5429e-06,90.00,100
SolarSail_5,8.788,42157.00,0.9997,0.0000,0.0000e+00,4.5429e-06,90.00,100
SolarSail_5,8.798,42157.00,0.9997,0.0000,0.0000e+00,4.5429e-06,90.00,100
SolarSail_5,8.807,42157.00,0.9997,0.0000,0.0000e+00,4.5429e-06,90.00,100
SolarSail_5,8.817,42157.00,0.9997,0.0000,0.0000e+00,4.5429e-06,90.00,100
SolarSail_5,8.827,42157.00,0.9997,0.0000,0.0000e+00,4.5429e-06,90.00,100
SolarSail_5,8.836,42157.00,0.9997,0.0000,0.0000e+00,4.5429e-06,90.00,100
SolarSail_5,8.846,42157.00,0.9997,0.0000,0.0000e+00,4.5429e-06,90.00,100
SolarSail_5,8.856,42157.00,0.9997,0.0000,0.0000e+00,4.5429e-06,90.00,100
SolarSail_5,8.866,42157.00,0.9997,0.0000,0.0000e+00,4.5429e-06,90.00,100
SolarSail_5,8.875,42157.00,0.9997,0.0000,0.0000e+00,4.5429e-06,90.00,100
SolarSail_5,8.884,42157.00,0.9997,0.0000,0.0000e+00,4.5429e-06,90.00,100
SolarSail_5,8.893,42157.00,0.9997,0.0000,0.0000e+00,4.5429e-06,90.00,100
SolarSail_5,8.901,42157.00,0.9997,0.0000,0.0000e+00,4.5429e-06,90.00,100
SolarSail_5,8.910,42157.00,0.9997,0.0000,0.0000e+00,4.5429e-06,90.00,100
SolarSail_5,8.920,42157.00,0.9997,0.0000,0.0000e+00,4.5429e-06,90.00,100
SolarSail_5,8.931,42157.00,0.9997,0.0000,0.0000e+00,4.5429e-06,90.00,100
SolarSail_5,8.940,42157.00,0.9997,0.0000,0.0000e+00,4.5429e-06,90.00,100
SolarSail_5,8.950,42157.00,0.9997,0.0000,0.0000e+00,4.5429e-06,90.00,100
SolarSail_5,8.959,42157.00,0.9997,0.0000,0.0000e+00,4.5429e-06,90.00,100
SolarSail_5,8.968,42157.00,0.9997,0.0000,0.0000e+00,4.5429e-06,90.00,100
SolarSail_5,8.978,42157.00,0.9997,0.0000,0.0000e+00,4.5429e-06,90.00,100
SolarSail_5,8.988,42157.00,0.9997,0.0000,0.0000e+00,4.5429e-06,90.00,100
SolarSail_5,8.997,42157.00,0.9997,0.0000,0.0000e+00,4.5429e-06,90.00,100
SolarSail_5,9.006,42157.00,0.9997,0.0000,0.0000e+00,4.5429e-06,90.00,100
SolarSail_5,9.015,42157.00,0.9997,0.0000,0.0000e+00,4.5429e-06,90.00,100
SolarSail_5,9.024,42157.00,0.9997,0.0000,0.0000e+00,4.5429e-06,90.00,100
SolarSail_5,9.033,42157.00,0.9997,0.0000,0.0000e+00,4.5429e-06,90.00,100
SolarSail_5,9.044,42157.00,0.9997,0.0000,0.0000e+00,4.5429e-06,90.00,100
SolarSail_5,9.054,42157.00,0.9997,0.0000,0.0000e+00,4.5429e-06,90.00,100
SolarSail_5,9.062,42157.00,0.9997,0.0000,0.0000e+00,4.5429e-06,90.00,100
SolarSail_5,9.071,42157.00,0.9997,0.0000,0.0000e+00,4.5429e-06,90.00,100
SolarSail_5,9.081,42157.00,0.9997,0.0000,0.0000e+00,4.5429e-06,90.00,100
SolarSail_5,9.091,42157.00,0.9997,0.0000,0.0000e+00,4.5429e-06,90.00,100
SolarSail_5,9.101,42157.00,0.9997,0.0000,0.0000e+00,4.5429e-06,90.00,100
SolarSail_5,9.111,42157.00,0.9997,0.0000,0.0000e+00,4.5429e-06,90.00,100
SolarSail_5,9.122,42157.00,0.9997,0.0000,0.0000e+00,4.5429e-06,90.00,100
SolarSail_5,9.132,42157.00,0.9997,0.0000,0.0000e+00,4.5429e-06,90.00,100
SolarSail_5,9.144,42157.00,0.9997,0.0000,0.0000e+00,4.5429e-06,90.00,100
SolarSail_5,9.153,42157.00,0.9997,0.0000,0.0000e+00,4.5429e-06,90.00,100
SolarSail_5,9.163,42157.00,0.9997,0.0000,0.0000e+00,4.5429e-06,90.00,100
SolarSail_5,9.173,42157.00,0.9997,0.0000,0.0000e+00,4.5429e-06,90.00,100
SolarSail_5,9.184,42157.00,0.9997,0.0000,0.0000e+00,4.5429e-06,90.00,100
SolarSail_5,9.193,42157.00,0.9997,0.0000,0.0000e+00,4.5429e-06,90.00,100
SolarSail_5,9.202,42157.00,0.9997,0.0000,0.0000e+00,4.5429e-06,90.00,100
SolarSail_5,9.211,42157.00,0.9997,0.0000,0.0000e+00,4.5429e-06,90.00,100
SolarSail_5,9.220,42157.00,0.9997,0.0000,0.0000e+00,4.5429e-06,90.00,100
SolarSail_5,9.229,42157.00,0.9997,0.0000,0.0000e+00,4.5429e-06,90.00,100
SolarSail_5,9.238,42157.00,0.9997,0.0000,0.0000e+00,4.5429e-06,90.00,100
SolarSail_5,9.248,42157.00,0.9997,0.0000,0.0000e+00,4.5429e-06,90.00,100
SolarSail_5,9.257,42157.00,0.9997,0.0000,0.0000e+00,4.5429e-06,90.00,100
SolarSail_5,9.266,42157.00,0.9997,0.0000,0.0000e+00,4.5429e-06,90.00,100
SolarSail_5,9.275,42157.00,0.9997,0.0000,0.0000e+00,4.5429e-06,90.00,100
SolarSail_5,9.284,42157.00,0.9997,0.0000,0.0000e+00,4.5429e-06,90.00,100
SolarSail_5,9.293,42157.00,0.9997,0.0000,0.0000e+00,4.5429e-06,90.00,100
SolarSail_5,9.302,42157.00,0.9997,0.0000,0.0000e+00,4.5429e-06,90.00,100
SolarSail_5,9.311,42157.00,0.9997,0.0000,0.0000e+00,4.5429e-06,90.00,100
SolarSail_5,9.322,42157.00,0.9997,0.0000,0.0000e+00,4.5429e-06,90.00,100
SolarSail_5,9.331,42157.00,0.9997,0.0000,0.0000e+00,4.5429e-06,90.00,100
SolarSail_5,9.341,42157.00,0.9997,0.0000,0.0000e+00,4.5429e-06,90.00,100
SolarSail_5,9.350,42157.00,0.9997,0.0000,0.0000e+00,4.5429e-06,90.00,100
SolarSail_5,9.359,42157.00,0.9997,0.0000,0.0000e+00,4.5429e-06,90.00,100
SolarSail_5,9.368,42157.00,0.9997,0.0000,0.0000e+00,4.5429e-06,90.00,100
SolarSail_5,9.377,42157.00,0.9997,0.0000,0.0000e+00,4.5429e-06,90.00,100
SolarSail_5,9.388,42157.00,0.9997,0.0000,0.0000e+00,4.5429e-06,90.00,100
SolarSail_5,9.397,42157.00,0.9997,0.0000,0.0000e+00,4.5429e-06,90.00,100
SolarSail_5,9.407,42157.00,0.9997,0.0000,0.0000e+00,4.5429e-06,90.00,100
SolarSail_5,9.416,42157.00,0.9997,0.0000,0.0000e+00,4.5429e-06,90.00,100
SolarSail_5,9.425,42157.00,0.9997,0.0000,0.0000e+00,4.5429e-06,90.00,100
SolarSail_5,9.435,42157.00,0.9997,0.0000,0.0000e+00,4.5429e-06,90.00,100
SolarSail_5,9.443,42157.00,0.9997,0.0000,0.0000e+00,4.5429e-06,90.00,100
SolarSail_5,9.452,42157.00,0.9997,0.0000,0.0000e+00,4.5429e-06,90.00,100
SolarSail_5,9.461,42157.00,0.9997,0.0000,0.0000e+00,4.5429e-06,90.00,100
SolarSail_5,9.470,42157.00,0.9997,0.0000,0.0000e+00,4.5429e-06,90.00,100
SolarSail_5,9.479,42157.00,0.9997,0.0000,0.0000e+00,4.5429e-06,90.00,100
SolarSail_5,9.488,42157.00,0.9997,0.0000,0.0000e+00,4.5429e-06,90.00,100
SolarSail_5,9.497,42157.00,0.9997,0.0000,0.0000e+00,4.5429e-06,90.00,100
SolarSail_5,9.506,42157.00,0.9997,0.0000,0.0000e+00,4.5429e-06,90.00,100
SolarSail_5,9.514,42157.00,0.9997,0.0000,0.0000e+00,4.5429e-06,90.00,100
SolarSail_5,9.535,42157.00,0.9997,0.0000,0.0000e+00,4.5429e-06,90.00,100
SolarSail_5,9.546,42157.00,0.9997,0.0000,0.0000e+00,4.5429e-06,90.00,100
SolarSail_5,9.557,42157.00,0.9997,0.0000,0.0000e+00,4.5429e-06,90.00,100
SolarSail_5,9.566,42157.00,0.9997,0.0000,0.0000e+00,4.5429e-06,90.00,100
SolarSail_5,9.577,42157.00,0.9997,0.0000,0.0000e+00,4.5429e-06,90.00,100
SolarSail_5,9.586,42157.00,0.9997,0.0000,0.0000e+00,4.5429e-06,90.00,100
SolarSail_5,9.596,42157.00,0.9997,0.0000,0.0000e+00,4.5429e-06,90.00,100
SolarSail_5,9.605,42157.00,0.9997,0.0000,0.0000e+00,4.5429e-06,90.00,100
SolarSail_5,9.616,42157.00,0.9997,0.0000,0.0000e+00,4.5429e-06,90.00,100
SolarSail_5,9.626,42157.00,0.9997,0.0000,0.0000e+00,4.5429e-06,90.00,100
SolarSail_5,9.635,42157.00,0.9997,0.0000,0.0000e+00,4.5429e-06,90.00,100
SolarSail_5,9.643,42157.00,0.9997,0.0000,0.0000e+00,4.5429e-06,90.00,100
SolarSail_5,9.652,42157.00,0.9997,0.0000,0.0000e+00,4.5429e-06,90.00,100
SolarSail_5,9.661,42157.00,0.9997,0.0000,0.0000e+00,4.5429e-06,90.00,100
SolarSail_5,9.670,42157.00,0.9997,0.0000,0.0000e+00,4.5429e-06,90.00,100
SolarSail_5,9.680,42157.00,0.9997,0.0000,0.0000e+00,4.5429e-06,90.00,100
SolarSail_5,9.690,42157.00,0.9997,0.0000,0.0000e+00,4.5429e-06,90.00,100
SolarSail_5,9.702,42157.00,0.9997,0.0000,0.0000e+00,4.5429e-06,90.00,100
SolarSail_5,9.712,42157.00,0.9997,0.0000,0.0000e+00,4.5429e-06,90.00,100
SolarSail_5,9.723,42157.00,0.9997,0.0000,0.0000e+00,4.5429e-06,90.00,100
SolarSail_5,9.733,42157.00,0.9997,0.0000,0.0000e+00,4.5429e-06,90.00,100
SolarSail_5,9.743,42157.00,0.9997,0.0000,0.0000e+00,4.5429e-06,90.00,100
SolarSail_5,9.752,42157.00,0.9997,0.0000,0.0000e+00,4.5429e-06,90.00,100
SolarSail_5,9.762,42157.00,0.9997,0.0000,0.0000e+00,4.5429e-06,90.00,100
SolarSail_5,9.771,42157.00,0.9997,0.0000,0.0000e+00,4.5429e-06,90.00,100
SolarSail_5,9.781,42157.00,0.9997,0.0000,0.0000e+00,4.5429e-06,90.00,100
SolarSail_5,9.790,42157.00,0.9997,0.0000,0.0000e+00,4.5429e-06,90.00,100
SolarSail_5,9.799,42157.00,0.9997,0.0000,0.0000e+00,4.5429e-06,90.00,100
SolarSail_5,9.808,42157.00,0.9997,0.0000,0.0000e+00,4.5429e-06,90.00,100
SolarSail_5,9.817,42157.00,0.9997,0.0000,0.0000e+00,4.5429e-06,90.00,100
SolarSail_5,9.826,42157.00,0.9997,0.0000,0.0000e+00,4.5429e-06,90.00,100
SolarSail_5,9.835,42157.00,0.9997,0.0000,0.0000e+00,4.5429e-06,90.00,100
SolarSail_5,9.844,42157.00,0.9997,0.0000,0.0000e+00,4.5429e-06,90.00,100
SolarSail_5,9.853,42157.00,0.9997,0.0000,0.0000e+00,4.5429e-06,90.00,100
SolarSail_5,9.862,42157.00,0.9997,0.0000,0.0000e+00,4.5429e-06,90.00,100
SolarSail_5,9.871,42157.00,0.9997,0.0000,0.0000e+00,4.5429e-06,90.00,100
SolarSail_5,9.880,42157.00,0.9997,0.0000,0.0000e+00,4.5429e-06,90.00,100
SolarSail_5,9.889,42157.00,0.9997,0.0000,0.0000e+00,4.5429e-06,90.00,100
SolarSail_5,9.898,42157.00,0.9997,0.0000,0.0000e+00,4.5429e-06,90.00,100
SolarSail_5,9.907,42157.00,0.9997,0.0000,0.0000e+00,4.5429e-06,90.00,100
SolarSail_5,9.917,42157.00,0.9997,0.0000,0.0000e+00,4.5429e-06,90.00,100
SolarSail_5,9.928,42157.00,0.9997,0.0000,0.0000e+00,4.5429e-06,90.00,100
SolarSail_5,9.937,42157.00,0.9997,0.0000,0.0000e+00,4.5429e-06,90.00,100
SolarSail_5,9.946,42157.00,0.9997,0.0000,0.0000e+00,4.5429e-06,90.00,100
SolarSail_5,9.955,42157.00,0.9997,0.0000,0.0000e+00,4.5429e-06,90.00,100
SolarSail_5,9.964,42157.00,0.9997,0.0000,0.0000e+00,4.5429e-06,90.00,100
SolarSail_5,9.973,42157.00,0.9997,0.0000,0.0000e+00,4.5429e-06,90.00,100
SolarSail_5,9.982,42157.00,0.9997,0.0000,0.0000e+00,4.5429e-06,90.00,100
SolarSail_5,9.992,42157.00,0.9997,0.0000,0.0000e+00,4.5429e-06,90.00,100
SolarSail_5,10.002,42157.00,0.9997,0.0000,0.0000e+00,4.5429e-06,90.00,100
SolarSail_5,10.011,42157.00,0.9997,0.0000,0.0000e+00,4.5429e-06,90.00,100
SolarSail_5,10.020,42157.00,0.9997,0.0000,0.0000e+00,4.5429e-06,90.00,100
SolarSail_5,10.029,42157.00,0.9997,0.0000,0.0000e+00,4.5429e-06,90.00,100
SolarSail_5,10.038,42157.00,0.9997,0.0000,0.0000e+00,4.5429e-06,90.00,100
SolarSail_5,10.049,42157.00,0.9997,0.0000,0.0000e+00,4.5429e-06,90.00,100
SolarSail_5,10.060,42157.00,0.9997,0.0000,0.0000e+00,4.5429e-06,90.00,100
SolarSail_5,10.069,42157.00,0.9997,0.0000,0.0000e+00,4.5429e-06,90.00,100
SolarSail_5,10.078,42157.00,0.9997,0.0000,0.0000e+00,4.5429e-06,90.00,100
SolarSail_5,10.087,42157.00,0.9997,0.0000,0.0000e+00,4.5429e-06,90.00,100
SolarSail_5,10.096,42157.00,0.9997,0.0000,0.0000e+00,4.5429e-06,90.00,100
SolarSail_5,10.105,42157.00,0.9997,0.0000,0.0000e+00,4.5429e-06,90.00,100
SolarSail_5,10.114,42157.00,0.9997,0.0000,0.0000e+00,4.5429e-06,90.00,100
SolarSail_5,10.123,42157.00,0.9997,0.0000,0.0000e+00,4.5429e-06,90.00,100
SolarSail_5,10.132,42157.00,0.9997,0.0000,0.0000e+00,4.5429e-06,90.00,100
SolarSail_5,10.141,42157.00,0.9997,0.0000,0.0000e+00,4.5429e-06,90.00,100
SolarSail_5,10.149,42157.00,0.9997,0.0000,0.0000e+00,4.5429e-06,90.00,100
SolarSail_5,10.159,42157.00,0.9997,0.0000,0.0000e+00,4.5429e-06,90.00,100
SolarSail_5,10.168,42157.00,0.9997,0.0000,0.0000e+00,4.5429e-06,90.00,100
SolarSail_5,10.177,42157.00,0.9997,0.0000,0.0000e+00,4.5429e-06,90.00,100
SolarSail_5,10.186,42157.00,0.9997,0.0000,0.0000e+00,4.5429e-06,90.00,100
SolarSail_5,10.195,42157.00,0.9997,0.0000,0.0000e+00,4.5429e-06,90.00,100
SolarSail_5,10.204,42157.00,0.9997,0.0000,0.0000e+00,4.5429e-06,90.00,100
SolarSail_5,10.212,42157.00,0.9997,0.0000,0.0000e+00,4.5429e-06,90.00,100
SolarSail_5,10.221,42157.00,0.9997,0.0000,0.0000e+00,4.5429e-06,90.00,100
SolarSail_5,10.230,42157.00,0.9997,0.0000,0.0000e+00,4.5429e-06,90.00,100
SolarSail_5,10.239,42157.00,0.9997,0.0000,0.0000e+00,4.5429e-06,90.00,100
SolarSail_5,10.248,42157.00,0.9997,0.0000,0.0000e+00,4.5429e-06,90.00,100
SolarSail_5,10.257,42157.00,0.9997,0.0000,0.0000e+00,4.5429e-06,90.00,100
SolarSail_5,10.268,42157.00,0.9997,0.0000,0.0000e+00,4.5429e-06,90.00,100
SolarSail_5,10.277,42157.00,0.9997,0.0000,0.0000e+00,4.5429e-06,90.00,100
SolarSail_5,10.285,42157.00,0.9997,0.0000,0.0000e+00,4.5429e-06,90.00,100
SolarSail_5,10.294,42157.00,0.9997,0.0000,0.0000e+00,4.5429e-06,90.00,100
SolarSail_5,10.304,42157.00,0.9997,0.0000,0.0000e+00,4.5429e-06,90.00,100
SolarSail_5,10.312,42157.00,0.9997,0.0000,0.0000e+00,4.5429e-06,90.00,100
SolarSail_5,10.321,42157.00,0.9997,0.0000,0.0000e+00,4.5429e-06,90.00,100
SolarSail_5,10.330,42157.00,0.9997,0.0000,0.0000e+00,4.5429e-06,90.00,100
SolarSail_5,10.339,42157.00,0.9997,0.0000,0.0000e+00,4.5429e-06,90.00,100
SolarSail_5,10.348,42157.00,0.9997,0.0000,0.0000e+00,4.5429e-06,90.00,100
SolarSail_5,10.358,42157.00,0.9997,0.0000,0.0000e+00,4.5429e-06,90.00,100
SolarSail_5,10.367,42157.00,0.9997,0.0000,0.0000e+00,4.5429e-06,90.00,100
SolarSail_5,10.376,42157.00,0.9997,0.0000,0.0000e+00,4.5429e-06,90.00,100
SolarSail_5,10.385,42157.00,0.9997,0.0000,0.0000e+00,4.5429e-06,90.00,100
SolarSail_5,10.395,42157.00,0.9997,0.0000,0.0000e+00,4.5429e-06,90.00,100
SolarSail_5,10.404,42157.00,0.9997,0.0000,0.0000e+00,4.5429e-06,90.00,100
SolarSail_5,10.413,42157.00,0.9997,0.0000,0.0000e+00,4.5429e-06,90.00,100
SolarSail_5,10.423,42157.00,0.9997,0.0000,0.0000e+00,4.5429e-06,90.00,100
SolarSail_5,10.432,42157.00,0.9997,0.0000,0.0000e+00,4.5429e-06,90.00,100
SolarSail_5,10.440,42157.00,0.9997,0.0000,0.0000e+00,4.5429e-06,90.00,100
SolarSail_5,10.449,42157.00,0.9997,0.0000,0.0000e+00,4.5429e-06,90.00,100
SolarSail_5,10.458,42157.00,0.9997,0.0000,0.0000e+00,4.5429e-06,90.00,100
SolarSail_5,10.467,42157.00,0.9997,0.0000,0.0000e+00,4.5429e-06,90.00,100
SolarSail_5,10.476,42157.00,0.9997,0.0000,0.0000e+00,4.5429e-06,90.00,100
SolarSail_5,10.485,42157.00,0.9997,0.0000,0.0000e+00,4.5429e-06,90.00,100
SolarSail_5,10.494,42157.00,0.9997,0.0000,0.0000e+00,4.5429e-06,90.00,100
SolarSail_5,10.503,42157.00,0.9997,0.0000,0.0000e+00,4.5429e-06,90.00,100
SolarSail_5,10.512,42157.00,0.9997,0.0000,0.0000e+00,4.5429e-06,90.00,100
SolarSail_5,10.521,42157.00,0.9997,0.0000,0.0000e+00,4.5429e-06,90.00,100
SolarSail_5,10.530,42157.00,0.9997,0.0000,0.0000e+00,4.5429e-06,90.00,100
SolarSail_5,10.539,42157.00,0.9997,0.0000,0.0000e+00,4.5429e-06,90.00,100
SolarSail_5,10.548,42157.00,0.9997,0.0000,0.0000e+00,4.5429e-06,90.00,100
SolarSail_5,10.557,42157.00,0.9997,0.0000,0.0000e+00,4.5429e-06,90.00,100
SolarSail_5,10.567,42157.00,0.9997,0.0000,0.0000e+00,4.5429e-06,90.00,100
SolarSail_5,10.577,42157.00,0.9997,0.0000,0.0000e+00,4.5429e-06,90.00,100
SolarSail_5,10.586,42157.00,0.9997,0.0000,0.0000e+00,4.5429e-06,90.00,100
SolarSail_5,10.596,42157.00,0.9997,0.0000,0.0000e+00,4.5429e-06,90.00,100
SolarSail_5,10.605,42157.00,0.9997,0.0000,0.0000e+00,4.5429e-06,90.00,100
SolarSail_5,10.613,42157.00,0.9997,0.0000,0.0000e+00,4.5429e-06,90.00,100
SolarSail_5,10.622,42157.00,0.9997,0.0000,0.0000e+00,4.5429e-06,90.00,100
SolarSail_5,10.631,42157.00,0.9997,0.0000,0.0000e+00,4.5429e-06,90.00,100
SolarSail_5,10.640,42157.00,0.9997,0.0000,0.0000e+00,4.5429e-06,90.00,100
SolarSail_5,10.649,42157.00,0.9997,0.0000,0.0000e+00,4.5429e-06,90.00,100
SolarSail_5,10.658,42157.00,0.9997,0.0000,0.0000e+00,4.5429e-06,90.00,100
SolarSail_5,10.666,42157.00,0.9997,0.0000,0.0000e+00,4.5429e-06,90.00,100
SolarSail_5,10.675,42157.00,0.9997,0.0000,0.0000e+00,4.5429e-06,90.00,100
SolarSail_5,10.684,42157.00,0.9997,0.0000,0.0000e+00,4.5429e-06,90.00,100
SolarSail_5,10.693,42157.00,0.9997,0.0000,0.0000e+00,4.5429e-06,90.00,100
SolarSail_5,10.701,42157.00,0.9997,0.0000,0.0000e+00,4.5429e-06,90.00,100
SolarSail_5,10.710,42157.00,0.9997,0.0000,0.0000e+00,4.5429e-06,90.00,100
SolarSail_5,10.719,42157.00,0.9997,0.0000,0.0000e+00,4.5429e-06,90.00,100
SolarSail_5,10.728,42157.00,0.9997,0.0000,0.0000e+00,4.5429e-06,90.00,100
SolarSail_5,10.737,42157.00,0.9997,0.0000,0.0000e+00,4.5429e-06,90.00,100
SolarSail_5,10.746,42157.00,0.9997,0.0000,0.0000e+00,4.5429e-06,90.00,100
SolarSail_5,10.756,42157.00,0.9997,0.0000,0.0000e+00,4.5429e-06,90.00,100
SolarSail_5,10.765,42157.00,0.9997,0.0000,0.0000e+00,4.5429e-06,90.00,100
SolarSail_5,10.775,42157.00,0.9997,0.0000,0.0000e+00,4.5429e-06,90.00,100
SolarSail_5,10.784,42157.00,0.9997,0.0000,0.0000e+00,4.5429e-06,90.00,100
SolarSail_5,10.793,42157.00,0.9997,0.0000,0.0000e+00,4.5429e-06,90.00,100
SolarSail_5,10.803,42157.00,0.9997,0.0000,0.0000e+00,4.5429e-06,90.00,100
SolarSail_5,10.811,42157.00,0.9997,0.0000,0.0000e+00,4.5429e-06,90.00,100
SolarSail_5,10.821,42157.00,0.9997,0.0000,0.0000e+00,4.5429e-06,90.00,100
SolarSail_5,10.830,42157.00,0.9997,0.0000,0.0000e+00,4.5429e-06,90.00,100
SolarSail_5,10.838,42157.00,0.9997,0.0000,0.0000e+00,4.5429e-06,90.00,100
SolarSail_5,10.848,42157.00,0.9997,0.0000,0.0000e+00,4.5429e-06,90.00,100
SolarSail_5,10.857,42157.00,0.9997,0.0000,0.0000e+00,4.5429e-06,90.00,100
SolarSail_5,10.866,42157.00,0.9997,0.0000,0.0000e+00,4.5429e-06,90.00,100
SolarSail_5,10.874,42157.00,0.9997,0.0000,0.0000e+00,4.5429e-06,90.00,100
SolarSail_5,10.885,42157.00,0.9997,0.0000,0.0000e+00,4.5429e-06,90.00,100
SolarSail_5,10.894,42157.00,0.9997,0.0000,0.0000e+00,4.5429e-06,90.00,100
SolarSail_5,10.903,42157.00,0.9997,0.0000,0.0000e+00,4.5429e-06,90.00,100
SolarSail_5,10.912,42157.00,0.9997,0.0000,0.0000e+00,4.5429e-06,90.00,100
SolarSail_5,10.922,42157.00,0.9997,0.0000,0.0000e+00,4.5429e-06,90.00,100
SolarSail_5,10.930,42157.00,0.9997,0.0000,0.0000e+00,4.5429e-06,90.00,100
SolarSail_5,10.939,42157.00,0.9997,0.0000,0.0000e+00,4.5429e-06,90.00,100
SolarSail_5,10.948,42157.00,0.9997,0.0000,0.0000e+00,4.5429e-06,90.00,100
SolarSail_5,10.957,42157.00,0.9997,0.0000,0.0000e+00,4.5429e-06,90.00,100
SolarSail_5,10.966,42157.00,0.9997,0.0000,0.0000e+00,4.5429e-06,90.00,100
SolarSail_5,10.975,42157.00,0.9997,0.0000,0.0000e+00,4.5429e-06,90.00,100
SolarSail_5,10.984,42157.00,0.9997,0.0000,0.0000e+00,4.5429e-06,90.00,100
SolarSail_5,10.994,42157.00,0.9997,0.0000,0.0000e+00,4.5429e-06,90.00,100
SolarSail_5,11.003,42157.00,0.9997,0.0000,0.0000e+00,4.5429e-06,90.00,100
SolarSail_5,11.013,42157.00,0.9997,0.0000,0.0000e+00,4.5429e-06,90.00,100
SolarSail_5,11.022,42157.00,0.9997,0.0000,0.0000e+00,4.5429e-06,90.00,100
SolarSail_5,11.031,42157.00,0.9997,0.0000,0.0000e+00,4.5429e-06,90.00,100
SolarSail_5,11.040,42157.00,0.9997,0.0000,0.0000e+00,4.5429e-06,90.00,100
SolarSail_5,11.055,42157.00,0.9997,0.0000,0.0000e+00,4.5429e-06,90.00,100
SolarSail_5,11.064,42157.00,0.9997,0.0000,0.0000e+00,4.5429e-06,90.00,100
SolarSail_5,11.073,42157.00,0.9997,0.0000,0.0000e+00,4.5429e-06,90.00,100
SolarSail_5,11.082,42157.00,0.9997,0.0000,0.0000e+00,4.5429e-06,90.00,100
SolarSail_5,11.091,42157.00,0.9997,0.0000,0.0000e+00,4.5429e-06,90.00,100
SolarSail_5,11.100,42157.00,0.9997,0.0000,0.0000e+00,4.5429e-06,90.00,100
SolarSail_5,11.109,42157.00,0.9997,0.0000,0.0000e+00,4.5429e-06,90.00,100
SolarSail_5,11.118,42157.00,0.9997,0.0000,0.0000e+00,4.5429e-06,90.00,100
SolarSail_5,11.128,42157.00,0.9997,0.0000,0.0000e+00,4.5429e-06,90.00,100
SolarSail_5,11.137,42157.00,0.9997,0.0000,0.0000e+00,4.5429e-06,90.00,100
SolarSail_5,11.146,42157.00,0.9997,0.0000,0.0000e+00,4.5429e-06,90.00,100
SolarSail_5,11.155,42157.00,0.9997,0.0000,0.0000e+00,4.5429e-06,90.00,100
SolarSail_5,11.164,42157.00,0.9997,0.0000,0.0000e+00,4.5429e-06,90.00,100
SolarSail_5,11.174,42157.00,0.9997,0.0000,0.0000e+00,4.5429e-06,90.00,100
SolarSail_5,11.182,42157.00,0.9997,0.0000,0.0000e+00,4.5429e-06,90.00,100
SolarSail_5,11.191,42157.00,0.9997,0.0000,0.0000e+00,4.5429e-06,90.00,100
SolarSail_5,11.200,42157.00,0.9997,0.0000,0.0000e+00,4.5429e-06,90.00,100
SolarSail_5,11.209,42157.00,0.9997,0.0000,0.0000e+00,4.5429e-06,90.00,100
SolarSail_5,11.218,42157.00,0.9997,0.0000,0.0000e+00,4.5429e-06,90.00,100
SolarSail_5,11.228,42157.00,0.9997,0.0000,0.0000e+00,4.5429e-06,90.00,100
SolarSail_5,11.237,42157.00,0.9997,0.0000,0.0000e+00,4.5429e-06,90.00,100
SolarSail_5,11.247,42157.00,0.9997,0.0000,0.0000e+00,4.5429e-06,90.00,100
SolarSail_5,11.256,42157.00,0.9997,0.0000,0.0000e+00,4.5429e-06,90.00,100
SolarSail_5,11.265,42157.00,0.9997,0.0000,0.0000e+00,4.5429e-06,90.00,100
SolarSail_5,11.274,42157.00,0.9997,0.0000,0.0000e+00,4.5429e-06,90.00,100
SolarSail_5,11.283,42157.00,0.9997,0.0000,0.0000e+00,4.5429e-06,90.00,100
SolarSail_5,11.292,42157.00,0.9997,0.0000,0.0000e+00,4.5429e-06,90.00,100
SolarSail_5,11.301,42157.00,0.9997,0.0000,0.0000e+00,4.5429e-06,90.00,100
SolarSail_5,11.311,42157.00,0.9997,0.0000,0.0000e+00,4.5429e-06,90.00,100
SolarSail_5,11.320,42157.00,0.9997,0.0000,0.0000e+00,4.5429e-06,90.00,100
SolarSail_5,11.329,42157.00,0.9997,0.0000,0.0000e+00,4.5429e-06,90.00,100
SolarSail_5,11.339,42157.00,0.9997,0.0000,0.0000e+00,4.5429e-06,90.00,100
SolarSail_5,11.348,42157.00,0.9997,0.0000,0.0000e+00,4.5429e-06,90.00,100
SolarSail_5,11.357,42157.00,0.9997,0.0000,0.0000e+00,4.5429e-06,90.00,100
SolarSail_5,11.366,42157.00,0.9997,0.0000,0.0000e+00,4.5429e-06,90.00,100
SolarSail_5,11.375,42157.00,0.9997,0.0000,0.0000e+00,4.5429e-06,90.00,100
SolarSail_5,11.384,42157.00,0.9997,0.0000,0.0000e+00,4.5429e-06,90.00,100
SolarSail_5,11.394,42157.00,0.9997,0.0000,0.0000e+00,4.5429e-06,90.00,100
SolarSail_5,11.403,42157.00,0.9997,0.0000,0.0000e+00,4.5429e-06,90.00,100
SolarSail_5,11.412,42157.00,0.9997,0.0000,0.0000e+00,4.5429e-06,90.00,100
SolarSail_5,11.421,42157.00,0.9997,0.0000,0.0000e+00,4.5429e-06,90.00,100
SolarSail_5,11.431,42157.00,0.9997,0.0000,0.0000e+00,4.5429e-06,90.00,100
SolarSail_5,11.439,42157.00,0.9997,0.0000,0.0000e+00,4.5429e-06,90.00,100
SolarSail_5,11.448,42157.00,0.9997,0.0000,0.0000e+00,4.5429e-06,90.00,100
SolarSail_5,11.459,42157.00,0.9997,0.0000,0.0000e+00,4.5429e-06,90.00,100
SolarSail_5,11.468,42157.00,0.9997,0.0000,0.0000e+00,4.5429e-06,90.00,100
SolarSail_5,11.478,42157.00,0.9997,0.0000,0.0000e+00,4.5429e-06,90.00,100
SolarSail_5,11.486,42157.00,0.9997,0.0000,0.0000e+00,4.5429e-06,90.00,100
SolarSail_5,11.495,42157.00,0.9997,0.0000,0.0000e+00,4.5429e-06,90.00,100
SolarSail_5,11.504,42157.00,0.9997,0.0000,0.0000e+00,4.5429e-06,90.00,100
SolarSail_5,11.513,42157.00,0.9997,0.0000,0.0000e+00,4.5429e-06,90.00,100
SolarSail_5,11.524,42157.00,0.9997,0.0000,0.0000e+00,4.5429e-06,90.00,100
SolarSail_5,11.534,42157.00,0.9997,0.0000,0.0000e+00,4.5429e-06,90.00,100
SolarSail_5,11.543,42157.00,0.9997,0.0000,0.0000e+00,4.5429e-06,90.00,100
SolarSail_5,11.551,42157.00,0.9997,0.0000,0.0000e+00,4.5429e-06,90.00,100
SolarSail_5,11.560,42157.00,0.9997,0.0000,0.0000e+00,4.5429e-06,90.00,100
SolarSail_5,11.569,42157.00,0.9997,0.0000,0.0000e+00,4.5429e-06,90.00,100
SolarSail_5,11.578,42157.00,0.9997,0.0000,0.0000e+00,4.5429e-06,90.00,100
SolarSail_5,11.587,42157.00,0.9997,0.0000,0.0000e+00,4.5429e-06,90.00,100
SolarSail_5,11.596,42157.00,0.9997,0.0000,0.0000e+00,4.5429e-06,90.00,100
SolarSail_5,11.608,42157.00,0.9997,0.0000,0.0000e+00,4.5429e-06,90.00,100
SolarSail_5,11.617,42157.00,0.9997,0.0000,0.0000e+00,4.5429e-06,90.00,100
SolarSail_5,11.627,42157.00,0.9997,0.0000,0.0000e+00,4.5429e-06,90.00,100
SolarSail_5,11.636,42157.00,0.9997,0.0000,0.0000e+00,4.5429e-06,90.00,100
SolarSail_5,11.644,42157.00,0.9997,0.0000,0.0000e+00,4.5429e-06,90.00,100
SolarSail_5,11.653,42157.00,0.9997,0.0000,0.0000e+00,4.5429e-06,90.00,100
SolarSail_5,11.662,42157.00,0.9997,0.0000,0.0000e+00,4.5429e-06,90.00,100
SolarSail_5,11.671,42157.00,0.9997,0.0000,0.0000e+00,4.5429e-06,90.00,100
SolarSail_5,11.681,42157.00,0.9997,0.0000,0.0000e+00,4.5429e-06,90.00,100
SolarSail_5,11.690,42157.00,0.9997,0.0000,0.0000e+00,4.5429e-06,90.00,100
SolarSail_5,11.699,42157.00,0.9997,0.0000,0.0000e+00,4.5429e-06,90.00,100
SolarSail_5,11.709,42157.00,0.9997,0.0000,0.0000e+00,4.5429e-06,90.00,100
SolarSail_5,11.717,42157.00,0.9997,0.0000,0.0000e+00,4.5429e-06,90.00,100
SolarSail_5,11.727,42157.00,0.9997,0.0000,0.0000e+00,4.5429e-06,90.00,100
SolarSail_5,11.736,42157.00,0.9997,0.0000,0.0000e+00,4.5429e-06,90.00,100
SolarSail_5,11.746,42157.00,0.9997,0.0000,0.0000e+00,4.5429e-06,90.00,100
SolarSail_5,11.755,42157.00,0.9997,0.0000,0.0000e+00,4.5429e-06,90.00,100
SolarSail_5,11.764,42157.00,0.9997,0.0000,0.0000e+00,4.5429e-06,90.00,100
SolarSail_5,11.776,42157.00,0.9997,0.0000,0.0000e+00,4.5429e-06,90.00,100
SolarSail_5,11.787,42157.00,0.9997,0.0000,0.0000e+00,4.5429e-06,90.00,100
SolarSail_5,11.799,42157.00,0.9997,0.0000,0.0000e+00,4.5429e-06,90.00,100
SolarSail_5,11.809,42157.00,0.9997,0.0000,0.0000e+00,4.5429e-06,90.00,100
SolarSail_5,11.818,42157.00,0.9997,0.0000,0.0000e+00,4.5429e-06,90.00,100
SolarSail_5,11.828,42157.00,0.9997,0.0000,0.0000e+00,4.5429e-06,90.00,100
SolarSail_5,11.838,42157.00,0.9997,0.0000,0.0000e+00,4.5429e-06,90.00,100
SolarSail_5,11.847,42157.00,0.9997,0.0000,0.0000e+00,4.5429e-06,90.00,100
SolarSail_5,11.857,42157.00,0.9997,0.0000,0.0000e+00,4.5429e-06,90.00,100
SolarSail_5,11.867,42157.00,0.9997,0.0000,0.0000e+00,4.5429e-06,90.00,100
SolarSail_5,11.891,42157.00,0.9997,0.0000,0.0000e+00,4.5429e-06,90.00,100
SolarSail_5,11.921,42157.00,0.9997,0.0000,0.0000e+00,4.5429e-06,90.00,100
SolarSail_5,11.945,42157.00,0.9997,0.0000,0.0000e+00,4.5429e-06,90.00,100
SolarSail_5,11.954,42157.00,0.9997,0.0000,0.0000e+00,4.5429e-06,90.00,100
SolarSail_5,11.964,42157.00,0.9997,0.0000,0.0000e+00,4.5429e-06,90.00,100
SolarSail_5,11.991,42157.00,0.9997,0.0000,0.0000e+00,4.5429e-06,90.00,100
SolarSail_5,12.015,42157.00,0.9997,0.0000,0.0000e+00,4.5429e-06,90.00,100
SolarSail_5,12.025,42157.00,0.9997,0.0000,0.0000e+00,4.5429e-06,90.00,100
SolarSail_5,12.034,42157.00,0.9997,0.0000,0.0000e+00,4.5429e-06,90.00,100
SolarSail_5,12.045,42157.00,0.9997,0.0000,0.0000e+00,4.5429e-06,90.00,100
SolarSail_5,12.062,42157.00,0.9997,0.0000,0.0000e+00,4.5429e-06,90.00,100
SolarSail_5,12.071,42157.00,0.9997,0.0000,0.0000e+00,4.5429e-06,90.00,100
SolarSail_5,12.082,42157.00,0.9997,0.0000,0.0000e+00,4.5429e-06,90.00,100
SolarSail_5,12.092,42157.00,0.9997,0.0000,0.0000e+00,4.5429e-06,90.00,100
SolarSail_5,12.101,42157.00,0.9997,0.0000,0.0000e+00,4.5429e-06,90.00,100
SolarSail_5,12.110,42157.00,0.9997,0.0000,0.0000e+00,4.5429e-06,90.00,100
SolarSail_5,12.119,42157.00,0.9997,0.0000,0.0000e+00,4.5429e-06,90.00,100
SolarSail_5,12.128,42157.00,0.9997,0.0000,0.0000e+00,4.5429e-06,90.00,100
SolarSail_5,12.138,42157.00,0.9997,0.0000,0.0000e+00,4.5429e-06,90.00,100
SolarSail_5,12.149,42157.00,0.9997,0.0000,0.0000e+00,4.5429e-06,90.00,100
SolarSail_5,12.158,42157.00,0.9997,0.0000,0.0000e+00,4.5429e-06,90.00,100
SolarSail_5,12.168,42157.00,0.9997,0.0000,0.0000e+00,4.5429e-06,90.00,100
SolarSail_5,12.178,42157.00,0.9997,0.0000,0.0000e+00,4.5429e-06,90.00,100
SolarSail_5,12.187,42157.00,0.9997,0.0000,0.0000e+00,4.5429e-06,90.00,100
SolarSail_5,12.196,42157.00,0.9997,0.0000,0.0000e+00,4.5429e-06,90.00,100
SolarSail_5,12.207,42157.00,0.9997,0.0000,0.0000e+00,4.5429e-06,90.00,100
SolarSail_5,12.216,42157.00,0.9997,0.0000,0.0000e+00,4.5429e-06,90.00,100
SolarSail_5,12.225,42157.00,0.9997,0.0000,0.0000e+00,4.5429e-06,90.00,100
SolarSail_5,12.250,42157.00,0.9997,0.0000,0.0000e+00,4.5429e-06,90.00,100
SolarSail_5,12.276,42157.00,0.9997,0.0000,0.0000e+00,4.5429e-06,90.00,100
SolarSail_5,12.300,42157.00,0.9997,0.0000,0.0000e+00,4.5429e-06,90.00,100
SolarSail_5,12.325,42157.00,0.9997,0.0000,0.0000e+00,4.5429e-06,90.00,100
SolarSail_5,12.350,42157.00,0.9997,0.0000,0.0000e+00,4.5429e-06,90.00,100
SolarSail_5,12.378,42157.00,0.9997,0.0000,0.0000e+00,4.5429e-06,90.00,100
SolarSail_5,12.403,42157.00,0.9997,0.0000,0.0000e+00,4.5429e-06,90.00,100
SolarSail_5,12.428,42157.00,0.9997,0.0000,0.0000e+00,4.5429e-06,90.00,100
SolarSail_5,12.453,42157.00,0.9997,0.0000,0.0000e+00,4.5429e-06,90.00,100
SolarSail_5,12.477,42157.00,0.9997,0.0000,0.0000e+00,4.5429e-06,90.00,100
SolarSail_5,12.486,42157.00,0.9997,0.0000,0.0000e+00,4.5429e-06,90.00,100
SolarSail_5,12.495,42157.00,0.9997,0.0000,0.0000e+00,4.5429e-06,90.00,100
SolarSail_5,12.520,42157.00,0.9997,0.0000,0.0000e+00,4.5429e-06,90.00,100
SolarSail_5,12.544,42157.00,0.9997,0.0000,0.0000e+00,4.5429e-06,90.00,100
SolarSail_5,12.573,42157.00,0.9997,0.0000,0.0000e+00,4.5429e-06,90.00,100
SolarSail_5,12.599,42157.00,0.9997,0.0000,0.0000e+00,4.5429e-06,90.00,100
SolarSail_5,12.625,42157.00,0.9997,0.0000,0.0000e+00,4.5429e-06,90.00,100
SolarSail_5,12.651,42157.00,0.9997,0.0000,0.0000e+00,4.5429e-06,90.00,100
SolarSail_5,12.677,42157.00,0.9997,0.0000,0.0000e+00,4.5429e-06,90.00,100
SolarSail_5,12.703,42157.00,0.9997,0.0000,0.0000e+00,4.5429e-06,90.00,100
SolarSail_5,12.728,42157.00,0.9997,0.0000,0.0000e+00,4.5429e-06,90.00,100
SolarSail_5,12.753,42157.00,0.9997,0.0000,0.0000e+00,4.5429e-06,90.00,100
SolarSail_5,12.778,42157.00,0.9997,0.0000,0.0000e+00,4.5429e-06,90.00,100
SolarSail_5,12.802,42157.00,0.9997,0.0000,0.0000e+00,4.5429e-06,90.00,100
SolarSail_5,12.828,42157.00,0.9997,0.0000,0.0000e+00,4.5429e-06,90.00,100
SolarSail_5,12.852,42157.00,0.9997,0.0000,0.0000e+00,4.5429e-06,90.00,100
SolarSail_5,12.876,42157.00,0.9997,0.0000,0.0000e+00,4.5429e-06,90.00,100
SolarSail_5,12.886,42157.00,0.9997,0.0000,0.0000e+00,4.5429e-06,90.00,100
SolarSail_5,12.895,42157.00,0.9997,0.0000,0.0000e+00,4.5429e-06,90.00,100
SolarSail_5,12.904,42157.00,0.9997,0.0000,0.0000e+00,4.5429e-06,90.00,100
SolarSail_5,12.913,42157.00,0.9997,0.0000,0.0000e+00,4.5429e-06,90.00,100
SolarSail_5,12.923,42157.00,0.9997,0.0000,0.0000e+00,4.5429e-06,90.00,100
SolarSail_5,12.932,42157.00,0.9997,0.0000,0.0000e+00,4.5429e-06,90.00,100
SolarSail_5,12.941,42157.00,0.9997,0.0000,0.0000e+00,4.5429e-06,90.00,100
SolarSail_5,12.950,42157.00,0.9997,0.0000,0.0000e+00,4.5429e-06,90.00,100
SolarSail_5,12.959,42157.00,0.9997,0.0000,0.0000e+00,4.5429e-06,90.00,100
SolarSail_5,12.969,42157.00,0.9997,0.0000,0.0000e+00,4.5429e-06,90.00,100
SolarSail_5,12.980,42157.00,0.9997,0.0000,0.0000e+00,4.5429e-06,90.00,100
SolarSail_5,12.990,42157.00,0.9997,0.0000,0.0000e+00,4.5429e-06,90.00,100
SolarSail_5,12.999,42157.00,0.9997,0.0000,0.0000e+00,4.5429e-06,90.00,100
SolarSail_5,13.008,42157.00,0.9997,0.0000,0.0000e+00,4.5429e-06,90.00,100
SolarSail_5,13.017,42157.00,0.9997,0.0000,0.0000e+00,4.5429e-06,90.00,100
SolarSail_5,13.027,42157.00,0.9997,0.0000,0.0000e+00,4.5429e-06,90.00,100
SolarSail_5,13.036,42157.00,0.9997,0.0000,0.0000e+00,4.5429e-06,90.00,100
SolarSail_5,13.047,42157.00,0.9997,0.0000,0.0000e+00,4.5429e-06,90.00,100
SolarSail_5,13.058,42157.00,0.9997,0.0000,0.0000e+00,4.5429e-06,90.00,100
SolarSail_5,13.067,42157.00,0.9997,0.0000,0.0000e+00,4.5429e-06,90.00,100
SolarSail_5,13.075,42157.00,0.9997,0.0000,0.0000e+00,4.5429e-06,90.00,100
SolarSail_5,13.084,42157.00,0.9997,0.0000,0.0000e+00,4.5429e-06,90.00,100
SolarSail_5,13.096,42157.00,0.9997,0.0000,0.0000e+00,4.5429e-06,90.00,100
SolarSail_5,13.118,42157.00,0.9997,0.0000,0.0000e+00,4.5429e-06,90.00,100
SolarSail_5,13.132,42157.00,0.9997,0.0000,0.0000e+00,4.5429e-06,90.00,100
SolarSail_5,13.141,42157.00,0.9997,0.0000,0.0000e+00,4.5429e-06,90.00,100
SolarSail_5,13.151,42157.00,0.9997,0.0000,0.0000e+00,4.5429e-06,90.00,100
SolarSail_5,13.160,42157.00,0.9997,0.0000,0.0000e+00,4.5429e-06,90.00,100
SolarSail_5,13.171,42157.00,0.9997,0.0000,0.0000e+00,4.5429e-06,90.00,100
SolarSail_5,13.180,42157.00,0.9997,0.0000,0.0000e+00,4.5429e-06,90.00,100
SolarSail_5,13.190,42157.00,0.9997,0.0000,0.0000e+00,4.5429e-06,90.00,100
SolarSail_5,13.200,42157.00,0.9997,0.0000,0.0000e+00,4.5429e-06,90.00,100
SolarSail_5,13.222,42157.00,0.9997,0.0000,0.0000e+00,4.5429e-06,90.00,100
SolarSail_5,13.234,42157.00,0.9997,0.0000,0.0000e+00,4.5429e-06,90.00,100
SolarSail_5,13.244,42157.00,0.9997,0.0000,0.0000e+00,4.5429e-06,90.00,100
SolarSail_5,13.253,42157.00,0.9997,0.0000,0.0000e+00,4.5429e-06,90.00,100
SolarSail_5,13.263,42157.00,0.9997,0.0000,0.0000e+00,4.5429e-06,90.00,100
SolarSail_5,13.286,42157.00,0.9997,0.0000,0.0000e+00,4.5429e-06,90.00,100
SolarSail_5,13.296,42157.00,0.9997,0.0000,0.0000e+00,4.5429e-06,90.00,100
SolarSail_5,13.306,42157.00,0.9997,0.0000,0.0000e+00,4.5429e-06,90.00,100
SolarSail_5,13.315,42157.00,0.9997,0.0000,0.0000e+00,4.5429e-06,90.00,100
SolarSail_5,13.324,42157.00,0.9997,0.0000,0.0000e+00,4.5429e-06,90.00,100
SolarSail_5,13.333,42157.00,0.9997,0.0000,0.0000e+00,4.5429e-06,90.00,100
SolarSail_5,13.342,42157.00,0.9997,0.0000,0.0000e+00,4.5429e-06,90.00,100
SolarSail_5,13.351,42157.00,0.9997,0.0000,0.0000e+00,4.5429e-06,90.00,100
SolarSail_5,13.360,42157.00,0.9997,0.0000,0.0000e+00,4.5429e-06,90.00,100
SolarSail_5,13.371,42157.00,0.9997,0.0000,0.0000e+00,4.5429e-06,90.00,100
SolarSail_5,13.380,42157.00,0.9997,0.0000,0.0000e+00,4.5429e-06,90.00,100
SolarSail_5,13.392,42157.00,0.9997,0.0000,0.0000e+00,4.5429e-06,90.00,100
SolarSail_5,13.402,42157.00,0.9997,0.0000,0.0000e+00,4.5429e-06,90.00,100
SolarSail_5,13.412,42157.00,0.9997,0.0000,0.0000e+00,4.5429e-06,90.00,100
SolarSail_5,13.421,42157.00,0.9997,0.0000,0.0000e+00,4.5429e-06,90.00,100
SolarSail_5,13.430,42157.00,0.9997,0.0000,0.0000e+00,4.5429e-06,90.00,100
SolarSail_5,13.440,42157.00,0.9997,0.0000,0.0000e+00,4.5429e-06,90.00,100
SolarSail_5,13.451,42157.00,0.9997,0.0000,0.0000e+00,4.5429e-06,90.00,100
SolarSail_5,13.462,42157.00,0.9997,0.0000,0.0000e+00,4.5429e-06,90.00,100
SolarSail_5,13.472,42157.00,0.9997,0.0000,0.0000e+00,4.5429e-06,90.00,100
SolarSail_5,13.484,42157.00,0.9997,0.0000,0.0000e+00,4.5429e-06,90.00,100
SolarSail_5,13.495,42157.00,0.9997,0.0000,0.0000e+00,4.5429e-06,90.00,100
SolarSail_5,13.505,42157.00,0.9997,0.0000,0.0000e+00,4.5429e-06,90.00,100
SolarSail_5,13.516,42157.00,0.9997,0.0000,0.0000e+00,4.5429e-06,90.00,100
SolarSail_5,13.526,42157.00,0.9997,0.0000,0.0000e+00,4.5429e-06,90.00,100
SolarSail_5,13.535,42157.00,0.9997,0.0000,0.0000e+00,4.5429e-06,90.00,100
SolarSail_5,13.544,42157.00,0.9997,0.0000,0.0000e+00,4.5429e-06,90.00,100
SolarSail_5,13.553,42157.00,0.9997,0.0000,0.0000e+00,4.5429e-06,90.00,100
SolarSail_5,13.562,42157.00,0.9997,0.0000,0.0000e+00,4.5429e-06,90.00,100
SolarSail_5,13.572,42157.00,0.9997,0.0000,0.0000e+00,4.5429e-06,90.00,100
SolarSail_5,13.581,42157.00,0.9997,0.0000,0.0000e+00,4.5429e-06,90.00,100
SolarSail_5,13.590,42157.00,0.9997,0.0000,0.0000e+00,4.5429e-06,90.00,100
SolarSail_5,13.598,42157.00,0.9997,0.0000,0.0000e+00,4.5429e-06,90.00,100
SolarSail_5,13.608,42157.00,0.9997,0.0000,0.0000e+00,4.5429e-06,90.00,100
SolarSail_5,13.617,42157.00,0.9997,0.0000,0.0000e+00,4.5429e-06,90.00,100
SolarSail_5,13.626,42157.00,0.9997,0.0000,0.0000e+00,4.5429e-06,90.00,100
SolarSail_5,13.634,42157.00,0.9997,0.0000,0.0000e+00,4.5429e-06,90.00,100
SolarSail_5,13.645,42157.00,0.9997,0.0000,0.0000e+00,4.5429e-06,90.00,100
SolarSail_5,13.654,42157.00,0.9997,0.0000,0.0000e+00,4.5429e-06,90.00,100
SolarSail_5,13.663,42157.00,0.9997,0.0000,0.0000e+00,4.5429e-06,90.00,100
SolarSail_5,13.672,42157.00,0.9997,0.0000,0.0000e+00,4.5429e-06,90.00,100
SolarSail_5,13.682,42157.00,0.9997,0.0000,0.0000e+00,4.5429e-06,90.00,100
SolarSail_5,13.691,42157.00,0.9997,0.0000,0.0000e+00,4.5429e-06,90.00,100
SolarSail_5,13.702,42157.00,0.9997,0.0000,0.0000e+00,4.5429e-06,90.00,100
SolarSail_5,13.711,42157.00,0.9997,0.0000,0.0000e+00,4.5429e-06,90.00,100
SolarSail_5,13.721,42157.00,0.9997,0.0000,0.0000e+00,4.5429e-06,90.00,100
SolarSail_5,13.730,42157.00,0.9997,0.0000,0.0000e+00,4.5429e-06,90.00,100
SolarSail_5,13.740,42157.00,0.9997,0.0000,0.0000e+00,4.5429e-06,90.00,100
SolarSail_5,13.748,42157.00,0.9997,0.0000,0.0000e+00,4.5429e-06,90.00,100
SolarSail_5,13.757,42157.00,0.9997,0.0000,0.0000e+00,4.5429e-06,90.00,100
SolarSail_5,13.766,42157.00,0.9997,0.0000,0.0000e+00,4.5429e-06,90.00,100
SolarSail_5,13.775,42157.00,0.9997,0.0000,0.0000e+00,4.5429e-06,90.00,100
SolarSail_5,13.786,42157.00,0.9997,0.0000,0.0000e+00,4.5429e-06,90.00,100
SolarSail_5,13.795,42157.00,0.9997,0.0000,0.0000e+00,4.5429e-06,90.00,100
SolarSail_5,13.803,42157.00,0.9997,0.0000,0.0000e+00,4.5429e-06,90.00,100
SolarSail_5,13.812,42157.00,0.9997,0.0000,0.0000e+00,4.5429e-06,90.00,100
SolarSail_5,13.821,42157.00,0.9997,0.0000,0.0000e+00,4.5429e-06,90.00,100
SolarSail_5,13.829,42157.00,0.9997,0.0000,0.0000e+00,4.5429e-06,90.00,100
SolarSail_5,13.838,42157.00,0.9997,0.0000,0.0000e+00,4.5429e-06,90.00,100
SolarSail_5,13.847,42157.00,0.9997,0.0000,0.0000e+00,4.5429e-06,90.00,100
SolarSail_5,13.856,42157.00,0.9997,0.0000,0.0000e+00,4.5429e-06,90.00,100
SolarSail_5,13.865,42157.00,0.9997,0.0000,0.0000e+00,4.5429e-06,90.00,100
SolarSail_5,13.874,42157.00,0.9997,0.0000,0.0000e+00,4.5429e-06,90.00,100
SolarSail_5,13.883,42157.00,0.9997,0.0000,0.0000e+00,4.5429e-06,90.00,100
SolarSail_5,13.892,42157.00,0.9997,0.0000,0.0000e+00,4.5429e-06,90.00,100
SolarSail_5,13.901,42157.00,0.9997,0.0000,0.0000e+00,4.5429e-06,90.00,100
SolarSail_5,13.910,42157.00,0.9997,0.0000,0.0000e+00,4.5429e-06,90.00,100
SolarSail_5,13.919,42157.00,0.9997,0.0000,0.0000e+00,4.5429e-06,90.00,100
SolarSail_5,13.929,42157.00,0.9997,0.0000,0.0000e+00,4.5429e-06,90.00,100
SolarSail_5,13.938,42157.00,0.9997,0.0000,0.0000e+00,4.5429e-06,90.00,100
SolarSail_5,13.949,42157.00,0.9997,0.0000,0.0000e+00,4.5429e-06,90.00,100
SolarSail_5,13.959,42157.00,0.9997,0.0000,0.0000e+00,4.5429e-06,90.00,100
SolarSail_5,13.970,42157.00,0.9997,0.0000,0.0000e+00,4.5429e-06,90.00,100
SolarSail_5,13.980,42157.00,0.9997,0.0000,0.0000e+00,4.5429e-06,90.00,100
SolarSail_5,13.990,42157.00,0.9997,0.0000,0.0000e+00,4.5429e-06,90.00,100
SolarSail_5,14.000,42157.00,0.9997,0.0000,0.0000e+00,4.5429e-06,90.00,100
SolarSail_5,14.010,42157.00,0.9997,0.0000,0.0000e+00,4.5429e-06,90.00,100
SolarSail_5,14.020,42157.00,0.9997,0.0000,0.0000e+00,4.5429e-06,90.00,100
SolarSail_5,14.030,42157.00,0.9997,0.0000,0.0000e+00,4.5429e-06,90.00,100
SolarSail_5,14.039,42157.00,0.9997,0.0000,0.0000e+00,4.5429e-06,90.00,100
SolarSail_5,14.049,42157.00,0.9997,0.0000,0.0000e+00,4.5429e-06,90.00,100
SolarSail_5,14.062,42157.00,0.9997,0.0000,0.0000e+00,4.5429e-06,90.00,100
SolarSail_5,14.070,42157.00,0.9997,0.0000,0.0000e+00,4.5429e-06,90.00,100
SolarSail_5,14.080,42157.00,0.9997,0.0000,0.0000e+00,4.5429e-06,90.00,100
SolarSail_5,14.091,42157.00,0.9997,0.0000,0.0000e+00,4.5429e-06,90.00,100
SolarSail_5,14.101,42157.00,0.9997,0.0000,0.0000e+00,4.5429e-06,90.00,100
SolarSail_5,14.110,42157.00,0.9997,0.0000,0.0000e+00,4.5429e-06,90.00,100
SolarSail_5,14.120,42157.00,0.9997,0.0000,0.0000e+00,4.5429e-06,90.00,100
SolarSail_5,14.129,42157.00,0.9997,0.0000,0.0000e+00,4.5429e-06,90.00,100
SolarSail_5,14.138,42157.00,0.9997,0.0000,0.0000e+00,4.5429e-06,90.00,100
SolarSail_5,14.146,42157.00,0.9997,0.0000,0.0000e+00,4.5429e-06,90.00,100
SolarSail_5,14.155,42157.00,0.9997,0.0000,0.0000e+00,4.5429e-06,90.00,100
SolarSail_5,14.164,42157.00,0.9997,0.0000,0.0000e+00,4.5429e-06,90.00,100
SolarSail_5,14.173,42157.00,0.9997,0.0000,0.0000e+00,4.5429e-06,90.00,100
SolarSail_5,14.182,42157.00,0.9997,0.0000,0.0000e+00,4.5429e-06,90.00,100
SolarSail_5,14.192,42157.00,0.9997,0.0000,0.0000e+00,4.5429e-06,90.00,100
SolarSail_5,14.200,42157.00,0.9997,0.0000,0.0000e+00,4.5429e-06,90.00,100
SolarSail_5,14.209,42157.00,0.9997,0.0000,0.0000e+00,4.5429e-06,90.00,100
SolarSail_5,14.218,42157.00,0.9997,0.0000,0.0000e+00,4.5429e-06,90.00,100
SolarSail_5,14.227,42157.00,0.9997,0.0000,0.0000e+00,4.5429e-06,90.00,100
SolarSail_5,14.236,42157.00,0.9997,0.0000,0.0000e+00,4.5429e-06,90.00,100
SolarSail_5,14.245,42157.00,0.9997,0.0000,0.0000e+00,4.5429e-06,90.00,100
SolarSail_5,14.254,42157.00,0.9997,0.0000,0.0000e+00,4.5429e-06,90.00,100
SolarSail_5,14.263,42157.00,0.9997,0.0000,0.0000e+00,4.5429e-06,90.00,100
SolarSail_5,14.271,42157.00,0.9997,0.0000,0.0000e+00,4.5429e-06,90.00,100
SolarSail_5,14.281,42157.00,0.9997,0.0000,0.0000e+00,4.5429e-06,90.00,100
SolarSail_5,14.290,42157.00,0.9997,0.0000,0.0000e+00,4.5429e-06,90.00,100
SolarSail_5,14.299,42157.00,0.9997,0.0000,0.0000e+00,4.5429e-06,90.00,100
SolarSail_5,14.307,42157.00,0.9997,0.0000,0.0000e+00,4.5429e-06,90.00,100
SolarSail_5,14.317,42157.00,0.9997,0.0000,0.0000e+00,4.5429e-06,90.00,100
SolarSail_5,14.326,42157.00,0.9997,0.0000,0.0000e+00,4.5429e-06,90.00,100
SolarSail_5,14.336,42157.00,0.9997,0.0000,0.0000e+00,4.5429e-06,90.00,100
SolarSail_5,14.345,42157.00,0.9997,0.0000,0.0000e+00,4.5429e-06,90.00,100
SolarSail_5,14.354,42157.00,0.9997,0.0000,0.0000e+00,4.5429e-06,90.00,100
SolarSail_5,14.362,42157.00,0.9997,0.0000,0.0000e+00,4.5429e-06,90.00,100
SolarSail_5,14.371,42157.00,0.9997,0.0000,0.0000e+00,4.5429e-06,90.00,100
SolarSail_5,14.380,42157.00,0.9997,0.0000,0.0000e+00,4.5429e-06,90.00,100
SolarSail_5,14.388,42157.00,0.9997,0.0000,0.0000e+00,4.5429e-06,90.00,100
SolarSail_5,14.397,42157.00,0.9997,0.0000,0.0000e+00,4.5429e-06,90.00,100
SolarSail_5,14.406,42157.00,0.9997,0.0000,0.0000e+00,4.5429e-06,90.00,100
SolarSail_5,14.415,42157.00,0.9997,0.0000,0.0000e+00,4.5429e-06,90.00,100
SolarSail_5,14.426,42157.00,0.9997,0.0000,0.0000e+00,4.5429e-06,90.00,100
SolarSail_5,14.435,42157.00,0.9997,0.0000,0.0000e+00,4.5429e-06,90.00,100
SolarSail_5,14.445,42157.00,0.9997,0.0000,0.0000e+00,4.5429e-06,90.00,100
SolarSail_5,14.456,42157.00,0.9997,0.0000,0.0000e+00,4.5429e-06,90.00,100
SolarSail_5,14.465,42157.00,0.9997,0.0000,0.0000e+00,4.5429e-06,90.00,100
SolarSail_5,14.475,42157.00,0.9997,0.0000,0.0000e+00,4.5429e-06,90.00,100
SolarSail_5,14.484,42157.00,0.9997,0.0000,0.0000e+00,4.5429e-06,90.00,100
SolarSail_5,14.493,42157.00,0.9997,0.0000,0.0000e+00,4.5429e-06,90.00,100
SolarSail_5,14.502,42157.00,0.9997,0.0000,0.0000e+00,4.5429e-06,90.00,100
SolarSail_5,14.511,42157.00,0.9997,0.0000,0.0000e+00,4.5429e-06,90.00,100
SolarSail_5,14.520,42157.00,0.9997,0.0000,0.0000e+00,4.5429e-06,90.00,100
SolarSail_5,14.530,42157.00,0.9997,0.0000,0.0000e+00,4.5429e-06,90.00,100
SolarSail_5,14.539,42157.00,0.9997,0.0000,0.0000e+00,4.5429e-06,90.00,100
SolarSail_5,14.548,42157.00,0.9997,0.0000,0.0000e+00,4.5429e-06,90.00,100
SolarSail_5,14.557,42157.00,0.9997,0.0000,0.0000e+00,4.5429e-06,90.00,100
SolarSail_5,14.567,42157.00,0.9997,0.0000,0.0000e+00,4.5429e-06,90.00,100
SolarSail_5,14.576,42157.00,0.9997,0.0000,0.0000e+00,4.5429e-06,90.00,100
SolarSail_5,14.586,42157.00,0.9997,0.0000,0.0000e+00,4.5429e-06,90.00,100
SolarSail_5,14.595,42157.00,0.9997,0.0000,0.0000e+00,4.5429e-06,90.00,100
SolarSail_5,14.605,42157.00,0.9997,0.0000,0.0000e+00,4.5429e-06,90.00,100
SolarSail_5,14.614,42157.00,0.9997,0.0000,0.0000e+00,4.5429e-06,90.00,100
SolarSail_5,14.623,42157.00,0.9997,0.0000,0.0000e+00,4.5429e-06,90.00,100
SolarSail_5,14.631,42157.00,0.9997,0.0000,0.0000e+00,4.5429e-06,90.00,100
SolarSail_5,14.640,42157.00,0.9997,0.0000,0.0000e+00,4.5429e-06,90.00,100
SolarSail_5,14.649,42157.00,0.9997,0.0000,0.0000e+00,4.5429e-06,90.00,100
SolarSail_5,14.658,42157.00,0.9997,0.0000,0.0000e+00,4.5429e-06,90.00,100
SolarSail_5,14.667,42157.00,0.9997,0.0000,0.0000e+00,4.5429e-06,90.00,100
SolarSail_5,14.686,42157.00,0.9997,0.0000,0.0000e+00,4.5429e-06,90.00,100
SolarSail_5,14.696,42157.00,0.9997,0.0000,0.0000e+00,4.5429e-06,90.00,100
SolarSail_5,14.705,42157.00,0.9997,0.0000,0.0000e+00,4.5429e-06,90.00,100
SolarSail_5,14.714,42157.00,0.9997,0.0000,0.0000e+00,4.5429e-06,90.00,100
SolarSail_5,14.723,42157.00,0.9997,0.0000,0.0000e+00,4.5429e-06,90.00,100
SolarSail_5,14.731,42157.00,0.9997,0.0000,0.0000e+00,4.5429e-06,90.00,100
SolarSail_5,14.740,42157.00,0.9997,0.0000,0.0000e+00,4.5429e-06,90.00,100
SolarSail_5,14.749,42157.00,0.9997,0.0000,0.0000e+00,4.5429e-06,90.00,100
SolarSail_5,14.758,42157.00,0.9997,0.0000,0.0000e+00,4.5429e-06,90.00,100
SolarSail_5,14.769,42157.00,0.9997,0.0000,0.0000e+00,4.5429e-06,90.00,100
SolarSail_5,14.779,42157.00,0.9997,0.0000,0.0000e+00,4.5429e-06,90.00,100
SolarSail_5,14.790,42157.00,0.9997,0.0000,0.0000e+00,4.5429e-06,90.00,100
SolarSail_5,14.799,42157.00,0.9997,0.0000,0.0000e+00,4.5429e-06,90.00,100
SolarSail_5,14.808,42157.00,0.9997,0.0000,0.0000e+00,4.5429e-06,90.00,100
SolarSail_5,14.818,42157.00,0.9997,0.0000,0.0000e+00,4.5429e-06,90.00,100
SolarSail_5,14.828,42157.00,0.9997,0.0000,0.0000e+00,4.5429e-06,90.00,100
SolarSail_5,14.838,42157.00,0.9997,0.0000,0.0000e+00,4.5429e-06,90.00,100
SolarSail_5,14.848,42157.00,0.9997,0.0000,0.0000e+00,4.5429e-06,90.00,100
SolarSail_5,14.858,42157.00,0.9997,0.0000,0.0000e+00,4.5429e-06,90.00,100
SolarSail_5,14.868,42157.00,0.9997,0.0000,0.0000e+00,4.5429e-06,90.00,100
SolarSail_5,14.877,42157.00,0.9997,0.0000,0.0000e+00,4.5429e-06,90.00,100
SolarSail_5,14.888,42157.00,0.9997,0.0000,0.0000e+00,4.5429e-06,90.00,100
SolarSail_5,14.898,42157.00,0.9997,0.0000,0.0000e+00,4.5429e-06,90.00,100
SolarSail_5,14.908,42157.00,0.9997,0.0000,0.0000e+00,4.5429e-06,90.00,100
SolarSail_5,14.917,42157.00,0.9997,0.0000,0.0000e+00,4.5429e-06,90.00,100
SolarSail_5,14.927,42157.00,0.9997,0.0000,0.0000e+00,4.5429e-06,90.00,100
SolarSail_5,14.936,42157.00,0.9997,0.0000,0.0000e+00,4.5429e-06,90.00,100
SolarSail_5,14.944,42157.00,0.9997,0.0000,0.0000e+00,4.5429e-06,90.00,100
SolarSail_5,14.954,42157.00,0.9997,0.0000,0.0000e+00,4.5429e-06,90.00,100
SolarSail_5,14.963,42157.00,0.9997,0.0000,0.0000e+00,4.5429e-06,90.00,100
SolarSail_5,14.972,42157.00,0.9997,0.0000,0.0000e+00,4.5429e-06,90.00,100
SolarSail_5,14.981,42157.00,0.9997,0.0000,0.0000e+00,4.5429e-06,90.00,100
SolarSail_5,14.991,42157.00,0.9997,0.0000,0.0000e+00,4.5429e-06,90.00,100
SolarSail_5,15.000,42157.00,0.9997,0.0000,0.0000e+00,4.5429e-06,90.00,100
SolarSail_5,15.008,42157.00,0.9997,0.0000,0.0000e+00,4.5429e-06,90.00,100
SolarSail_5,15.017,42157.00,0.9997,0.0000,0.0000e+00,4.5429e-06,90.00,100
SolarSail_5,15.026,42157.00,0.9997,0.0000,0.0000e+00,4.5429e-06,90.00,100
SolarSail_5,15.034,42157.00,0.9997,0.0000,0.0000e+00,4.5429e-06,90.00,100
SolarSail_5,15.043,42157.00,0.9997,0.0000,0.0000e+00,4.5429e-06,90.00,100
SolarSail_5,15.051,42157.00,0.9997,0.0000,0.0000e+00,4.5429e-06,90.00,100
SolarSail_5,15.063,42157.00,0.9997,0.0000,0.0000e+00,4.5429e-06,90.00,100
SolarSail_5,15.072,42157.00,0.9997,0.0000,0.0000e+00,4.5429e-06,90.00,100
SolarSail_5,15.080,42157.00,0.9997,0.0000,0.0000e+00,4.5429e-06,90.00,100
SolarSail_5,15.089,42157.00,0.9997,0.0000,0.0000e+00,4.5429e-06,90.00,100
SolarSail_5,15.098,42157.00,0.9997,0.0000,0.0000e+00,4.5429e-06,90.00,100
SolarSail_5,15.106,42157.00,0.9997,0.0000,0.0000e+00,4.5429e-06,90.00,100
SolarSail_5,15.115,42157.00,0.9997,0.0000,0.0000e+00,4.5429e-06,90.00,100
SolarSail_5,15.123,42157.00,0.9997,0.0000,0.0000e+00,4.5429e-06,90.00,100
SolarSail_5,15.132,42157.00,0.9997,0.0000,0.0000e+00,4.5429e-06,90.00,100
SolarSail_5,15.140,42157.00,0.9997,0.0000,0.0000e+00,4.5429e-06,90.00,100
SolarSail_5,15.148,42157.00,0.9997,0.0000,0.0000e+00,4.5429e-06,90.00,100
SolarSail_5,15.157,42157.00,0.9997,0.0000,0.0000e+00,4.5429e-06,90.00,100
SolarSail_5,15.166,42157.00,0.9997,0.0000,0.0000e+00,4.5429e-06,90.00,100
SolarSail_5,15.175,42157.00,0.9997,0.0000,0.0000e+00,4.5429e-06,90.00,100
SolarSail_5,15.183,42157.00,0.9997,0.0000,0.0000e+00,4.5429e-06,90.00,100
SolarSail_5,15.192,42157.00,0.9997,0.0000,0.0000e+00,4.5429e-06,90.00,100
SolarSail_5,15.201,42157.00,0.9997,0.0000,0.0000e+00,4.5429e-06,90.00,100
SolarSail_5,15.209,42157.00,0.9997,0.0000,0.0000e+00,4.5429e-06,90.00,100
SolarSail_5,15.218,42157.00,0.9997,0.0000,0.0000e+00,4.5429e-06,90.00,100
SolarSail_5,15.227,42157.00,0.9997,0.0000,0.0000e+00,4.5429e-06,90.00,100
SolarSail_5,15.236,42157.00,0.9997,0.0000,0.0000e+00,4.5429e-06,90.00,100
SolarSail_5,15.246,42157.00,0.9997,0.0000,0.0000e+00,4.5429e-06,90.00,100
SolarSail_5,15.255,42157.00,0.9997,0.0000,0.0000e+00,4.5429e-06,90.00,100
SolarSail_5,15.263,42157.00,0.9997,0.0000,0.0000e+00,4.5429e-06,90.00,100
SolarSail_5,15.273,42157.00,0.9997,0.0000,0.0000e+00,4.5429e-06,90.00,100
SolarSail_5,15.281,42157.00,0.9997,0.0000,0.0000e+00,4.5429e-06,90.00,100
SolarSail_5,15.292,42157.00,0.9997,0.0000,0.0000e+00,4.5429e-06,90.00,100
SolarSail_5,15.301,42157.00,0.9997,0.0000,0.0000e+00,4.5429e-06,90.00,100
SolarSail_5,15.310,42157.00,0.9997,0.0000,0.0000e+00,4.5429e-06,90.00,100
SolarSail_5,15.319,42157.00,0.9997,0.0000,0.0000e+00,4.5429e-06,90.00,100
SolarSail_5,15.328,42157.00,0.9997,0.0000,0.0000e+00,4.5429e-06,90.00,100
SolarSail_5,15.337,42157.00,0.9997,0.0000,0.0000e+00,4.5429e-06,90.00,100
SolarSail_5,15.347,42157.00,0.9997,0.0000,0.0000e+00,4.5429e-06,90.00,100
SolarSail_5,15.356,42157.00,0.9997,0.0000,0.0000e+00,4.5429e-06,90.00,100
SolarSail_5,15.364,42157.00,0.9997,0.0000,0.0000e+00,4.5429e-06,90.00,100
SolarSail_5,15.374,42157.00,0.9997,0.0000,0.0000e+00,4.5429e-06,90.00,100
SolarSail_5,15.383,42157.00,0.9997,0.0000,0.0000e+00,4.5429e-06,90.00,100
SolarSail_5,15.392,42157.00,0.9997,0.0000,0.0000e+00,4.5429e-06,90.00,100
SolarSail_5,15.401,42157.00,0.9997,0.0000,0.0000e+00,4.5429e-06,90.00,100
SolarSail_5,15.410,42157.00,0.9997,0.0000,0.0000e+00,4.5429e-06,90.00,100
SolarSail_5,15.420,42157.00,0.9997,0.0000,0.0000e+00,4.5429e-06,90.00,100
SolarSail_5,15.429,42157.00,0.9997,0.0000,0.0000e+00,4.5429e-06,90.00,100
SolarSail_5,15.438,42157.00,0.9997,0.0000,0.0000e+00,4.5429e-06,90.00,100
SolarSail_5,15.447,42157.00,0.9997,0.0000,0.0000e+00,4.5429e-06,90.00,100
SolarSail_5,15.456,42157.00,0.9997,0.0000,0.0000e+00,4.5429e-06,90.00,100
SolarSail_5,15.465,42157.00,0.9997,0.0000,0.0000e+00,4.5429e-06,90.00,100
SolarSail_5,15.473,42157.00,0.9997,0.0000,0.0000e+00,4.5429e-06,90.00,100
SolarSail_5,15.482,42157.00,0.9997,0.0000,0.0000e+00,4.5429e-06,90.00,100
SolarSail_5,15.491,42157.00,0.9997,0.0000,0.0000e+00,4.5429e-06,90.00,100
SolarSail_5,15.500,42157.00,0.9997,0.0000,0.0000e+00,4.5429e-06,90.00,100
SolarSail_5,15.509,42157.00,0.9997,0.0000,0.0000e+00,4.5429e-06,90.00,100
SolarSail_5,15.517,42157.00,0.9997,0.0000,0.0000e+00,4.5429e-06,90.00,100
SolarSail_5,15.526,42157.00,0.9997,0.0000,0.0000e+00,4.5429e-06,90.00,100
SolarSail_5,15.535,42157.00,0.9997,0.0000,0.0000e+00,4.5429e-06,90.00,100
SolarSail_5,15.544,42157.00,0.9997,0.0000,0.0000e+00,4.5429e-06,90.00,100
SolarSail_5,15.553,42157.00,0.9997,0.0000,0.0000e+00,4.5429e-06,90.00,100
SolarSail_5,15.561,42157.00,0.9997,0.0000,0.0000e+00,4.5429e-06,90.00,100
SolarSail_5,15.570,42157.00,0.9997,0.0000,0.0000e+00,4.5429e-06,90.00,100
SolarSail_5,15.579,42157.00,0.9997,0.0000,0.0000e+00,4.5429e-06,90.00,100
SolarSail_5,15.588,42157.00,0.9997,0.0000,0.0000e+00,4.5429e-06,90.00,100
SolarSail_5,15.597,42157.00,0.9997,0.0000,0.0000e+00,4.5429e-06,90.00,100
SolarSail_5,15.605,42157.00,0.9997,0.0000,0.0000e+00,4.5429e-06,90.00,100
SolarSail_5,15.614,42157.00,0.9997,0.0000,0.0000e+00,4.5429e-06,90.00,100
SolarSail_5,15.623,42157.00,0.9997,0.0000,0.0000e+00,4.5429e-06,90.00,100
SolarSail_5,15.631,42157.00,0.9997,0.0000,0.0000e+00,4.5429e-06,90.00,100
SolarSail_5,15.640,42157.00,0.9997,0.0000,0.0000e+00,4.5429e-06,90.00,100
SolarSail_5,15.648,42157.00,0.9997,0.0000,0.0000e+00,4.5429e-06,90.00,100
SolarSail_5,15.657,42157.00,0.9997,0.0000,0.0000e+00,4.5429e-06,90.00,100
SolarSail_5,15.667,42157.00,0.9997,0.0000,0.0000e+00,4.5429e-06,90.00,100
SolarSail_5,15.676,42157.00,0.9997,0.0000,0.0000e+00,4.5429e-06,90.00,100
SolarSail_5,15.685,42157.00,0.9997,0.0000,0.0000e+00,4.5429e-06,90.00,100
SolarSail_5,15.694,42157.00,0.9997,0.0000,0.0000e+00,4.5429e-06,90.00,100
SolarSail_5,15.703,42157.00,0.9997,0.0000,0.0000e+00,4.5429e-06,90.00,100
SolarSail_5,15.712,42157.00,0.9997,0.0000,0.0000e+00,4.5429e-06,90.00,100
SolarSail_5,15.721,42157.00,0.9997,0.0000,0.0000e+00,4.5429e-06,90.00,100
SolarSail_5,15.732,42157.00,0.9997,0.0000,0.0000e+00,4.5429e-06,90.00,100
SolarSail_5,15.741,42157.00,0.9997,0.0000,0.0000e+00,4.5429e-06,90.00,100
SolarSail_5,15.750,42157.00,0.9997,0.0000,0.0000e+00,4.5429e-06,90.00,100
SolarSail_5,15.758,42157.00,0.9997,0.0000,0.0000e+00,4.5429e-06,90.00,100
SolarSail_5,15.767,42157.00,0.9997,0.0000,0.0000e+00,4.5429e-06,90.00,100
SolarSail_5,15.778,42157.00,0.9997,0.0000,0.0000e+00,4.5429e-06,90.00,100
SolarSail_5,15.787,42157.00,0.9997,0.0000,0.0000e+00,4.5429e-06,90.00,100
SolarSail_5,15.795,42157.00,0.9997,0.0000,0.0000e+00,4.5429e-06,90.00,100
SolarSail_5,15.804,42157.00,0.9997,0.0000,0.0000e+00,4.5429e-06,90.00,100
SolarSail_5,15.812,42157.00,0.9997,0.0000,0.0000e+00,4.5429e-06,90.00,100
SolarSail_5,15.821,42157.00,0.9997,0.0000,0.0000e+00,4.5429e-06,90.00,100
SolarSail_5,15.831,42157.00,0.9997,0.0000,0.0000e+00,4.5429e-06,90.00,100
SolarSail_5,15.839,42157.00,0.9997,0.0000,0.0000e+00,4.5429e-06,90.00,100
SolarSail_5,15.848,42157.00,0.9997,0.0000,0.0000e+00,4.5429e-06,90.00,100
SolarSail_5,15.857,42157.00,0.9997,0.0000,0.0000e+00,4.5429e-06,90.00,100
SolarSail_5,15.867,42157.00,0.9997,0.0000,0.0000e+00,4.5429e-06,90.00,100
SolarSail_5,15.876,42157.00,0.9997,0.0000,0.0000e+00,4.5429e-06,90.00,100
SolarSail_5,15.885,42157.00,0.9997,0.0000,0.0000e+00,4.5429e-06,90.00,100
SolarSail_5,15.894,42157.00,0.9997,0.0000,0.0000e+00,4.5429e-06,90.00,100
SolarSail_5,15.903,42157.00,0.9997,0.0000,0.0000e+00,4.5429e-06,90.00,100
SolarSail_5,15.911,42157.00,0.9997,0.0000,0.0000e+00,4.5429e-06,90.00,100
SolarSail_5,15.920,42157.00,0.9997,0.0000,0.0000e+00,4.5429e-06,90.00,100
SolarSail_5,15.929,42157.00,0.9997,0.0000,0.0000e+00,4.5429e-06,90.00,100
SolarSail_5,15.937,42157.00,0.9997,0.0000,0.0000e+00,4.5429e-06,90.00,100
SolarSail_5,15.946,42157.00,0.9997,0.0000,0.0000e+00,4.5429e-06,90.00,100
SolarSail_5,15.955,42157.00,0.9997,0.0000,0.0000e+00,4.5429e-06,90.00,100
SolarSail_5,15.964,42157.00,0.9997,0.0000,0.0000e+00,4.5429e-06,90.00,100
SolarSail_5,15.974,42157.00,0.9997,0.0000,0.0000e+00,4.5429e-06,90.00,100
SolarSail_5,15.983,42157.00,0.9997,0.0000,0.0000e+00,4.5429e-06,90.00,100
SolarSail_5,15.992,42157.00,0.9997,0.0000,0.0000e+00,4.5429e-06,90.00,100
SolarSail_5,16.001,42157.00,0.9997,0.0000,0.0000e+00,4.5429e-06,90.00,100
SolarSail_5,16.010,42157.00,0.9997,0.0000,0.0000e+00,4.5429e-06,90.00,100
SolarSail_5,16.019,42157.00,0.9997,0.0000,0.0000e+00,4.5429e-06,90.00,100
SolarSail_5,16.028,42157.00,0.9997,0.0000,0.0000e+00,4.5429e-06,90.00,100
SolarSail_5,16.038,42157.00,0.9997,0.0000,0.0000e+00,4.5429e-06,90.00,100
SolarSail_5,16.047,42157.00,0.9997,0.0000,0.0000e+00,4.5429e-06,90.00,100
SolarSail_5,16.057,42157.00,0.9997,0.0000,0.0000e+00,4.5429e-06,90.00,100
SolarSail_5,16.069,42157.00,0.9997,0.0000,0.0000e+00,4.5429e-06,90.00,100
SolarSail_5,16.078,42157.00,0.9997,0.0000,0.0000e+00,4.5429e-06,90.00,100
SolarSail_5,16.087,42157.00,0.9997,0.0000,0.0000e+00,4.5429e-06,90.00,100
SolarSail_5,16.097,42157.00,0.9997,0.0000,0.0000e+00,4.5429e-06,90.00,100
SolarSail_5,16.106,42157.00,0.9997,0.0000,0.0000e+00,4.5429e-06,90.00,100
SolarSail_5,16.116,42157.00,0.9997,0.0000,0.0000e+00,4.5429e-06,90.00,100
SolarSail_5,16.126,42157.00,0.9997,0.0000,0.0000e+00,4.5429e-06,90.00,100
SolarSail_5,16.135,42157.00,0.9997,0.0000,0.0000e+00,4.5429e-06,90.00,100
SolarSail_5,16.144,42157.00,0.9997,0.0000,0.0000e+00,4.5429e-06,90.00,100
SolarSail_5,16.154,42157.00,0.9997,0.0000,0.0000e+00,4.5429e-06,90.00,100
SolarSail_5,16.163,42157.00,0.9997,0.0000,0.0000e+00,4.5429e-06,90.00,100
SolarSail_5,16.173,42157.00,0.9997,0.0000,0.0000e+00,4.5429e-06,90.00,100
SolarSail_5,16.181,42157.00,0.9997,0.0000,0.0000e+00,4.5429e-06,90.00,100
SolarSail_5,16.191,42157.00,0.9997,0.0000,0.0000e+00,4.5429e-06,90.00,100
SolarSail_5,16.201,42157.00,0.9997,0.0000,0.0000e+00,4.5429e-06,90.00,100
SolarSail_5,16.209,42157.00,0.9997,0.0000,0.0000e+00,4.5429e-06,90.00,100
SolarSail_5,16.218,42157.00,0.9997,0.0000,0.0000e+00,4.5429e-06,90.00,100
SolarSail_5,16.227,42157.00,0.9997,0.0000,0.0000e+00,4.5429e-06,90.00,100
SolarSail_5,16.237,42157.00,0.9997,0.0000,0.0000e+00,4.5429e-06,90.00,100
SolarSail_5,16.246,42157.00,0.9997,0.0000,0.0000e+00,4.5429e-06,90.00,100
SolarSail_5,16.255,42157.00,0.9997,0.0000,0.0000e+00,4.5429e-06,90.00,100
SolarSail_5,16.264,42157.00,0.9997,0.0000,0.0000e+00,4.5429e-06,90.00,100
SolarSail_5,16.274,42157.00,0.9997,0.0000,0.0000e+00,4.5429e-06,90.00,100
SolarSail_5,16.282,42157.00,0.9997,0.0000,0.0000e+00,4.5429e-06,90.00,100
SolarSail_5,16.291,42157.00,0.9997,0.0000,0.0000e+00,4.5429e-06,90.00,100
SolarSail_5,16.299,42157.00,0.9997,0.0000,0.0000e+00,4.5429e-06,90.00,100
SolarSail_5,16.308,42157.00,0.9997,0.0000,0.0000e+00,4.5429e-06,90.00,100
SolarSail_5,16.318,42157.00,0.9997,0.0000,0.0000e+00,4.5429e-06,90.00,100
SolarSail_5,16.327,42157.00,0.9997,0.0000,0.0000e+00,4.5429e-06,90.00,100
SolarSail_5,16.338,42157.00,0.9997,0.0000,0.0000e+00,4.5429e-06,90.00,100
SolarSail_5,16.346,42157.00,0.9997,0.0000,0.0000e+00,4.5429e-06,90.00,100
SolarSail_5,16.355,42157.00,0.9997,0.0000,0.0000e+00,4.5429e-06,90.00,100
SolarSail_5,16.364,42157.00,0.9997,0.0000,0.0000e+00,4.5429e-06,90.00,100
SolarSail_5,16.373,42157.00,0.9997,0.0000,0.0000e+00,4.5429e-06,90.00,100
SolarSail_5,16.381,42157.00,0.9997,0.0000,0.0000e+00,4.5429e-06,90.00,100
SolarSail_5,16.390,42157.00,0.9997,0.0000,0.0000e+00,4.5429e-06,90.00,100
SolarSail_5,16.399,42157.00,0.9997,0.0000,0.0000e+00,4.5429e-06,90.00,100
SolarSail_5,16.408,42157.00,0.9997,0.0000,0.0000e+00,4.5429e-06,90.00,100
SolarSail_5,16.417,42157.00,0.9997,0.0000,0.0000e+00,4.5429e-06,90.00,100
SolarSail_5,16.428,42157.00,0.9997,0.0000,0.0000e+00,4.5429e-06,90.00,100
SolarSail_5,16.437,42157.00,0.9997,0.0000,0.0000e+00,4.5429e-06,90.00,100
SolarSail_5,16.445,42157.00,0.9997,0.0000,0.0000e+00,4.5429e-06,90.00,100
SolarSail_5,16.454,42157.00,0.9997,0.0000,0.0000e+00,4.5429e-06,90.00,100
SolarSail_5,16.462,42157.00,0.9997,0.0000,0.0000e+00,4.5429e-06,90.00,100
SolarSail_5,16.471,42157.00,0.9997,0.0000,0.0000e+00,4.5429e-06,90.00,100
SolarSail_5,16.480,42157.00,0.9997,0.0000,0.0000e+00,4.5429e-06,90.00,100
SolarSail_5,16.489,42157.00,0.9997,0.0000,0.0000e+00,4.5429e-06,90.00,100
SolarSail_5,16.497,42157.00,0.9997,0.0000,0.0000e+00,4.5429e-06,90.00,100
SolarSail_5,16.506,42157.00,0.9997,0.0000,0.0000e+00,4.5429e-06,90.00,100
SolarSail_5,16.514,42157.00,0.9997,0.0000,0.0000e+00,4.5429e-06,90.00,100
SolarSail_5,16.525,42157.00,0.9997,0.0000,0.0000e+00,4.5429e-06,90.00,100
SolarSail_5,16.533,42157.00,0.9997,0.0000,0.0000e+00,4.5429e-06,90.00,100
SolarSail_5,16.544,42157.00,0.9997,0.0000,0.0000e+00,4.5429e-06,90.00,100
SolarSail_5,16.552,42157.00,0.9997,0.0000,0.0000e+00,4.5429e-06,90.00,100
SolarSail_5,16.560,42157.00,0.9997,0.0000,0.0000e+00,4.5429e-06,90.00,100
SolarSail_5,16.569,42157.00,0.9997,0.0000,0.0000e+00,4.5429e-06,90.00,100
SolarSail_5,16.578,42157.00,0.9997,0.0000,0.0000e+00,4.5429e-06,90.00,100
SolarSail_5,16.587,42157.00,0.9997,0.0000,0.0000e+00,4.5429e-06,90.00,100
SolarSail_5,16.596,42157.00,0.9997,0.0000,0.0000e+00,4.5429e-06,90.00,100
SolarSail_5,16.605,42157.00,0.9997,0.0000,0.0000e+00,4.5429e-06,90.00,100
SolarSail_5,16.614,42157.00,0.9997,0.0000,0.0000e+00,4.5429e-06,90.00,100
SolarSail_5,16.622,42157.00,0.9997,0.0000,0.0000e+00,4.5429e-06,90.00,100
SolarSail_5,16.631,42157.00,0.9997,0.0000,0.0000e+00,4.5429e-06,90.00,100
SolarSail_5,16.640,42157.00,0.9997,0.0000,0.0000e+00,4.5429e-06,90.00,100
SolarSail_5,16.649,42157.00,0.9997,0.0000,0.0000e+00,4.5429e-06,90.00,100
SolarSail_5,16.657,42157.00,0.9997,0.0000,0.0000e+00,4.5429e-06,90.00,100
SolarSail_5,16.666,42157.00,0.9997,0.0000,0.0000e+00,4.5429e-06,90.00,100
SolarSail_5,16.674,42157.00,0.9997,0.0000,0.0000e+00,4.5429e-06,90.00,100
SolarSail_5,16.683,42157.00,0.9997,0.0000,0.0000e+00,4.5429e-06,90.00,100
SolarSail_5,16.693,42157.00,0.9997,0.0000,0.0000e+00,4.5429e-06,90.00,100
SolarSail_5,16.703,42157.00,0.9997,0.0000,0.0000e+00,4.5429e-06,90.00,100
SolarSail_5,16.712,42157.00,0.9997,0.0000,0.0000e+00,4.5429e-06,90.00,100
SolarSail_5,16.721,42157.00,0.9997,0.0000,0.0000e+00,4.5429e-06,90.00,100
SolarSail_5,16.730,42157.00,0.9997,0.0000,0.0000e+00,4.5429e-06,90.00,100
SolarSail_5,16.740,42157.00,0.9997,0.0000,0.0000e+00,4.5429e-06,90.00,100
SolarSail_5,16.749,42157.00,0.9997,0.0000,0.0000e+00,4.5429e-06,90.00,100
SolarSail_5,16.758,42157.00,0.9997,0.0000,0.0000e+00,4.5429e-06,90.00,100
SolarSail_5,16.767,42157.00,0.9997,0.0000,0.0000e+00,4.5429e-06,90.00,100
SolarSail_5,16.776,42157.00,0.9997,0.0000,0.0000e+00,4.5429e-06,90.00,100
SolarSail_5,16.785,42157.00,0.9997,0.0000,0.0000e+00,4.5429e-06,90.00,100
SolarSail_5,16.794,42157.00,0.9997,0.0000,0.0000e+00,4.5429e-06,90.00,100
SolarSail_5,16.802,42157.00,0.9997,0.0000,0.0000e+00,4.5429e-06,90.00,100
SolarSail_5,16.812,42157.00,0.9997,0.0000,0.0000e+00,4.5429e-06,90.00,100
SolarSail_5,16.821,42157.00,0.9997,0.0000,0.0000e+00,4.5429e-06,90.00,100
SolarSail_5,16.829,42157.00,0.9997,0.0000,0.0000e+00,4.5429e-06,90.00,100
SolarSail_5,16.839,42157.00,0.9997,0.0000,0.0000e+00,4.5429e-06,90.00,100
SolarSail_5,16.848,42157.00,0.9997,0.0000,0.0000e+00,4.5429e-06,90.00,100
SolarSail_5,16.857,42157.00,0.9997,0.0000,0.0000e+00,4.5429e-06,90.00,100
SolarSail_5,16.866,42157.00,0.9997,0.0000,0.0000e+00,4.5429e-06,90.00,100
SolarSail_5,16.875,42157.00,0.9997,0.0000,0.0000e+00,4.5429e-06,90.00,100
SolarSail_5,16.884,42157.00,0.9997,0.0000,0.0000e+00,4.5429e-06,90.00,100
SolarSail_5,16.895,42157.00,0.9997,0.0000,0.0000e+00,4.5429e-06,90.00,100
SolarSail_5,16.903,42157.00,0.9997,0.0000,0.0000e+00,4.5429e-06,90.00,100
SolarSail_5,16.913,42157.00,0.9997,0.0000,0.0000e+00,4.5429e-06,90.00,100
SolarSail_5,16.922,42157.00,0.9997,0.0000,0.0000e+00,4.5429e-06,90.00,100
SolarSail_5,16.931,42157.00,0.9997,0.0000,0.0000e+00,4.5429e-06,90.00,100
SolarSail_5,16.940,42157.00,0.9997,0.0000,0.0000e+00,4.5429e-06,90.00,100
SolarSail_5,16.949,42157.00,0.9997,0.0000,0.0000e+00,4.5429e-06,90.00,100
SolarSail_5,16.958,42157.00,0.9997,0.0000,0.0000e+00,4.5429e-06,90.00,100
SolarSail_5,16.967,42157.00,0.9997,0.0000,0.0000e+00,4.5429e-06,90.00,100
SolarSail_5,16.977,42157.00,0.9997,0.0000,0.0000e+00,4.5429e-06,90.00,100
SolarSail_5,16.986,42157.00,0.9997,0.0000,0.0000e+00,4.5429e-06,90.00,100
SolarSail_5,16.995,42157.00,0.9997,0.0000,0.0000e+00,4.5429e-06,90.00,100
SolarSail_5,17.005,42157.00,0.9997,0.0000,0.0000e+00,4.5429e-06,90.00,100
SolarSail_5,17.014,42157.00,0.9997,0.0000,0.0000e+00,4.5429e-06,90.00,100
SolarSail_5,17.023,42157.00,0.9997,0.0000,0.0000e+00,4.5429e-06,90.00,100
SolarSail_5,17.032,42157.00,0.9997,0.0000,0.0000e+00,4.5429e-06,90.00,100
SolarSail_5,17.040,42157.00,0.9997,0.0000,0.0000e+00,4.5429e-06,90.00,100
SolarSail_5,17.049,42157.00,0.9997,0.0000,0.0000e+00,4.5429e-06,90.00,100
SolarSail_5,17.058,42157.00,0.9997,0.0000,0.0000e+00,4.5429e-06,90.00,100
SolarSail_5,17.070,42157.00,0.9997,0.0000,0.0000e+00,4.5429e-06,90.00,100
SolarSail_5,17.078,42157.00,0.9997,0.0000,0.0000e+00,4.5429e-06,90.00,100
SolarSail_5,17.087,42157.00,0.9997,0.0000,0.0000e+00,4.5429e-06,90.00,100
SolarSail_5,17.097,42157.00,0.9997,0.0000,0.0000e+00,4.5429e-06,90.00,100
SolarSail_5,17.106,42157.00,0.9997,0.0000,0.0000e+00,4.5429e-06,90.00,100
SolarSail_5,17.115,42157.00,0.9997,0.0000,0.0000e+00,4.5429e-06,90.00,100
SolarSail_5,17.123,42157.00,0.9997,0.0000,0.0000e+00,4.5429e-06,90.00,100
SolarSail_5,17.132,42157.00,0.9997,0.0000,0.0000e+00,4.5429e-06,90.00,100
SolarSail_5,17.141,42157.00,0.9997,0.0000,0.0000e+00,4.5429e-06,90.00,100
SolarSail_5,17.152,42157.00,0.9997,0.0000,0.0000e+00,4.5429e-06,90.00,100
SolarSail_5,17.162,42157.00,0.9997,0.0000,0.0000e+00,4.5429e-06,90.00,100
SolarSail_5,17.171,42157.00,0.9997,0.0000,0.0000e+00,4.5429e-06,90.00,100
SolarSail_5,17.180,42157.00,0.9997,0.0000,0.0000e+00,4.5429e-06,90.00,100
SolarSail_5,17.190,42157.00,0.9997,0.0000,0.0000e+00,4.5429e-06,90.00,100
SolarSail_5,17.213,42157.00,0.9997,0.0000,0.0000e+00,4.5429e-06,90.00,100
SolarSail_5,17.242,42157.00,0.9997,0.0000,0.0000e+00,4.5429e-06,90.00,100
SolarSail_5,17.268,42157.00,0.9997,0.0000,0.0000e+00,4.5429e-06,90.00,100
SolarSail_5,17.292,42157.00,0.9997,0.0000,0.0000e+00,4.5429e-06,90.00,100
SolarSail_5,17.316,42157.00,0.9997,0.0000,0.0000e+00,4.5429e-06,90.00,100
SolarSail_5,17.341,42157.00,0.9997,0.0000,0.0000e+00,4.5429e-06,90.00,100
SolarSail_5,17.366,42157.00,0.9997,0.0000,0.0000e+00,4.5429e-06,90.00,100
SolarSail_5,17.391,42157.00,0.9997,0.0000,0.0000e+00,4.5429e-06,90.00,100
SolarSail_5,17.400,42157.00,0.9997,0.0000,0.0000e+00,4.5429e-06,90.00,100
SolarSail_5,17.410,42157.00,0.9997,0.0000,0.0000e+00,4.5429e-06,90.00,100
SolarSail_5,17.419,42157.00,0.9997,0.0000,0.0000e+00,4.5429e-06,90.00,100
SolarSail_5,17.428,42157.00,0.9997,0.0000,0.0000e+00,4.5429e-06,90.00,100
SolarSail_5,17.437,42157.00,0.9997,0.0000,0.0000e+00,4.5429e-06,90.00,100
SolarSail_5,17.448,42157.00,0.9997,0.0000,0.0000e+00,4.5429e-06,90.00,100
SolarSail_5,17.467,42157.00,0.9997,0.0000,0.0000e+00,4.5429e-06,90.00,100
SolarSail_5,17.476,42157.00,0.9997,0.0000,0.0000e+00,4.5429e-06,90.00,100
SolarSail_5,17.485,42157.00,0.9997,0.0000,0.0000e+00,4.5429e-06,90.00,100
SolarSail_5,17.494,42157.00,0.9997,0.0000,0.0000e+00,4.5429e-06,90.00,100
SolarSail_5,17.504,42157.00,0.9997,0.0000,0.0000e+00,4.5429e-06,90.00,100
SolarSail_5,17.513,42157.00,0.9997,0.0000,0.0000e+00,4.5429e-06,90.00,100
SolarSail_5,17.521,42157.00,0.9997,0.0000,0.0000e+00,4.5429e-06,90.00,100
SolarSail_5,17.531,42157.00,0.9997,0.0000,0.0000e+00,4.5429e-06,90.00,100
SolarSail_5,17.540,42157.00,0.9997,0.0000,0.0000e+00,4.5429e-06,90.00,100
SolarSail_5,17.549,42157.00,0.9997,0.0000,0.0000e+00,4.5429e-06,90.00,100
SolarSail_5,17.558,42157.00,0.9997,0.0000,0.0000e+00,4.5429e-06,90.00,100
SolarSail_5,17.566,42157.00,0.9997,0.0000,0.0000e+00,4.5429e-06,90.00,100
SolarSail_5,17.575,42157.00,0.9997,0.0000,0.0000e+00,4.5429e-06,90.00,100
SolarSail_5,17.586,42157.00,0.9997,0.0000,0.0000e+00,4.5429e-06,90.00,100
SolarSail_5,17.595,42157.00,0.9997,0.0000,0.0000e+00,4.5429e-06,90.00,100
SolarSail_5,17.604,42157.00,0.9997,0.0000,0.0000e+00,4.5429e-06,90.00,100
SolarSail_5,17.613,42157.00,0.9997,0.0000,0.0000e+00,4.5429e-06,90.00,100
SolarSail_5,17.622,42157.00,0.9997,0.0000,0.0000e+00,4.5429e-06,90.00,100
SolarSail_5,17.631,42157.00,0.9997,0.0000,0.0000e+00,4.5429e-06,90.00,100
SolarSail_5,17.640,42157.00,0.9997,0.0000,0.0000e+00,4.5429e-06,90.00,100
SolarSail_5,17.648,42157.00,0.9997,0.0000,0.0000e+00,4.5429e-06,90.00,100
SolarSail_5,17.658,42157.00,0.9997,0.0000,0.0000e+00,4.5429e-06,90.00,100
SolarSail_5,17.667,42157.00,0.9997,0.0000,0.0000e+00,4.5429e-06,90.00,100
SolarSail_5,17.676,42157.00,0.9997,0.0000,0.0000e+00,4.5429e-06,90.00,100
SolarSail_5,17.685,42157.00,0.9997,0.0000,0.0000e+00,4.5429e-06,90.00,100
SolarSail_5,17.694,42157.00,0.9997,0.0000,0.0000e+00,4.5429e-06,90.00,100
SolarSail_5,17.703,42157.00,0.9997,0.0000,0.0000e+00,4.5429e-06,90.00,100
SolarSail_5,17.712,42157.00,0.9997,0.0000,0.0000e+00,4.5429e-06,90.00,100
SolarSail_5,17.722,42157.00,0.9997,0.0000,0.0000e+00,4.5429e-06,90.00,100
SolarSail_5,17.731,42157.00,0.9997,0.0000,0.0000e+00,4.5429e-06,90.00,100
SolarSail_5,17.740,42157.00,0.9997,0.0000,0.0000e+00,4.5429e-06,90.00,100
SolarSail_5,17.749,42157.00,0.9997,0.0000,0.0000e+00,4.5429e-06,90.00,100
SolarSail_5,17.759,42157.00,0.9997,0.0000,0.0000e+00,4.5429e-06,90.00,100
SolarSail_5,17.769,42157.00,0.9997,0.0000,0.0000e+00,4.5429e-06,90.00,100
SolarSail_5,17.779,42157.00,0.9997,0.0000,0.0000e+00,4.5429e-06,90.00,100
SolarSail_5,17.788,42157.00,0.9997,0.0000,0.0000e+00,4.5429e-06,90.00,100
SolarSail_5,17.797,42157.00,0.9997,0.0000,0.0000e+00,4.5429e-06,90.00,100
SolarSail_5,17.805,42157.00,0.9997,0.0000,0.0000e+00,4.5429e-06,90.00,100
SolarSail_5,17.814,42157.00,0.9997,0.0000,0.0000e+00,4.5429e-06,90.00,100
SolarSail_5,17.823,42157.00,0.9997,0.0000,0.0000e+00,4.5429e-06,90.00,100
SolarSail_5,17.831,42157.00,0.9997,0.0000,0.0000e+00,4.5429e-06,90.00,100
SolarSail_5,17.840,42157.00,0.9997,0.0000,0.0000e+00,4.5429e-06,90.00,100
SolarSail_5,17.849,42157.00,0.9997,0.0000,0.0000e+00,4.5429e-06,90.00,100
SolarSail_5,17.858,42157.00,0.9997,0.0000,0.0000e+00,4.5429e-06,90.00,100
SolarSail_5,17.867,42157.00,0.9997,0.0000,0.0000e+00,4.5429e-06,90.00,100
SolarSail_5,17.876,42157.00,0.9997,0.0000,0.0000e+00,4.5429e-06,90.00,100
SolarSail_5,17.885,42157.00,0.9997,0.0000,0.0000e+00,4.5429e-06,90.00,100
SolarSail_5,17.895,42157.00,0.9997,0.0000,0.0000e+00,4.5429e-06,90.00,100
SolarSail_5,17.904,42157.00,0.9997,0.0000,0.0000e+00,4.5429e-06,90.00,100
SolarSail_5,17.913,42157.00,0.9997,0.0000,0.0000e+00,4.5429e-06,90.00,100
SolarSail_5,17.921,42157.00,0.9997,0.0000,0.0000e+00,4.5429e-06,90.00,100
SolarSail_5,17.932,42157.00,0.9997,0.0000,0.0000e+00,4.5429e-06,90.00,100
SolarSail_5,17.940,42157.00,0.9997,0.0000,0.0000e+00,4.5429e-06,90.00,100
SolarSail_5,17.949,42157.00,0.9997,0.0000,0.0000e+00,4.5429e-06,90.00,100
SolarSail_5,17.958,42157.00,0.9997,0.0000,0.0000e+00,4.5429e-06,90.00,100
SolarSail_5,17.967,42157.00,0.9997,0.0000,0.0000e+00,4.5429e-06,90.00,100
SolarSail_5,17.977,42157.00,0.9997,0.0000,0.0000e+00,4.5429e-06,90.00,100
SolarSail_5,17.986,42157.00,0.9997,0.0000,0.0000e+00,4.5429e-06,90.00,100
SolarSail_5,17.996,42157.00,0.9997,0.0000,0.0000e+00,4.5429e-06,90.00,100
SolarSail_5,18.005,42157.00,0.9997,0.0000,0.0000e+00,4.5429e-06,90.00,100
SolarSail_5,18.013,42157.00,0.9997,0.0000,0.0000e+00,4.5429e-06,90.00,100
SolarSail_5,18.023,42157.00,0.9997,0.0000,0.0000e+00,4.5429e-06,90.00,100
SolarSail_5,18.031,42157.00,0.9997,0.0000,0.0000e+00,4.5429e-06,90.00,100
SolarSail_5,18.040,42157.00,0.9997,0.0000,0.0000e+00,4.5429e-06,90.00,100
SolarSail_5,18.048,42157.00,0.9997,0.0000,0.0000e+00,4.5429e-06,90.00,100
SolarSail_5,18.057,42157.00,0.9997,0.0000,0.0000e+00,4.5429e-06,90.00,100
SolarSail_5,18.067,42157.00,0.9997,0.0000,0.0000e+00,4.5429e-06,90.00,100
SolarSail_5,18.078,42157.00,0.9997,0.0000,0.0000e+00,4.5429e-06,90.00,100
SolarSail_5,18.088,42157.00,0.9997,0.0000,0.0000e+00,4.5429e-06,90.00,100
SolarSail_5,18.097,42157.00,0.9997,0.0000,0.0000e+00,4.5429e-06,90.00,100
SolarSail_5,18.105,42157.00,0.9997,0.0000,0.0000e+00,4.5429e-06,90.00,100
SolarSail_5,18.114,42157.00,0.9997,0.0000,0.0000e+00,4.5429e-06,90.00,100
SolarSail_5,18.123,42157.00,0.9997,0.0000,0.0000e+00,4.5429e-06,90.00,100
SolarSail_5,18.131,42157.00,0.9997,0.0000,0.0000e+00,4.5429e-06,90.00,100
SolarSail_5,18.140,42157.00,0.9997,0.0000,0.0000e+00,4.5429e-06,90.00,100
SolarSail_5,18.149,42157.00,0.9997,0.0000,0.0000e+00,4.5429e-06,90.00,100
SolarSail_5,18.158,42157.00,0.9997,0.0000,0.0000e+00,4.5429e-06,90.00,100
SolarSail_5,18.166,42157.00,0.9997,0.0000,0.0000e+00,4.5429e-06,90.00,100
SolarSail_5,18.176,42157.00,0.9997,0.0000,0.0000e+00,4.5429e-06,90.00,100
SolarSail_5,18.185,42157.00,0.9997,0.0000,0.0000e+00,4.5429e-06,90.00,100
SolarSail_5,18.194,42157.00,0.9997,0.0000,0.0000e+00,4.5429e-06,90.00,100
SolarSail_5,18.203,42157.00,0.9997,0.0000,0.0000e+00,4.5429e-06,90.00,100
SolarSail_5,18.212,42157.00,0.9997,0.0000,0.0000e+00,4.5429e-06,90.00,100
SolarSail_5,18.221,42157.00,0.9997,0.0000,0.0000e+00,4.5429e-06,90.00,100
SolarSail_5,18.229,42157.00,0.9997,0.0000,0.0000e+00,4.5429e-06,90.00,100
SolarSail_5,18.238,42157.00,0.9997,0.0000,0.0000e+00,4.5429e-06,90.00,100
SolarSail_5,18.247,42157.00,0.9997,0.0000,0.0000e+00,4.5429e-06,90.00,100
SolarSail_5,18.256,42157.00,0.9997,0.0000,0.0000e+00,4.5429e-06,90.00,100
SolarSail_5,18.265,42157.00,0.9997,0.0000,0.0000e+00,4.5429e-06,90.00,100
SolarSail_5,18.274,42157.00,0.9997,0.0000,0.0000e+00,4.5429e-06,90.00,100
SolarSail_5,18.282,42157.00,0.9997,0.0000,0.0000e+00,4.5429e-06,90.00,100
SolarSail_5,18.292,42157.00,0.9997,0.0000,0.0000e+00,4.5429e-06,90.00,100
SolarSail_5,18.300,42157.00,0.9997,0.0000,0.0000e+00,4.5429e-06,90.00,100
SolarSail_5,18.309,42157.00,0.9997,0.0000,0.0000e+00,4.5429e-06,90.00,100
SolarSail_5,18.318,42157.00,0.9997,0.0000,0.0000e+00,4.5429e-06,90.00,100
SolarSail_5,18.328,42157.00,0.9997,0.0000,0.0000e+00,4.5429e-06,90.00,100
SolarSail_5,18.336,42157.00,0.9997,0.0000,0.0000e+00,4.5429e-06,90.00,100
SolarSail_5,18.345,42157.00,0.9997,0.0000,0.0000e+00,4.5429e-06,90.00,100
SolarSail_5,18.356,42157.00,0.9997,0.0000,0.0000e+00,4.5429e-06,90.00,100
SolarSail_5,18.366,42157.00,0.9997,0.0000,0.0000e+00,4.5429e-06,90.00,100
SolarSail_5,18.375,42157.00,0.9997,0.0000,0.0000e+00,4.5429e-06,90.00,100
SolarSail_5,18.384,42157.00,0.9997,0.0000,0.0000e+00,4.5429e-06,90.00,100
SolarSail_5,18.393,42157.00,0.9997,0.0000,0.0000e+00,4.5429e-06,90.00,100
SolarSail_5,18.402,42157.00,0.9997,0.0000,0.0000e+00,4.5429e-06,90.00,100
SolarSail_5,18.411,42157.00,0.9997,0.0000,0.0000e+00,4.5429e-06,90.00,100
SolarSail_5,18.419,42157.00,0.9997,0.0000,0.0000e+00,4.5429e-06,90.00,100
SolarSail_5,18.428,42157.00,0.9997,0.0000,0.0000e+00,4.5429e-06,90.00,100
SolarSail_5,18.437,42157.00,0.9997,0.0000,0.0000e+00,4.5429e-06,90.00,100
SolarSail_5,18.446,42157.00,0.9997,0.0000,0.0000e+00,4.5429e-06,90.00,100
SolarSail_5,18.455,42157.00,0.9997,0.0000,0.0000e+00,4.5429e-06,90.00,100
SolarSail_5,18.463,42157.00,0.9997,0.0000,0.0000e+00,4.5429e-06,90.00,100
SolarSail_5,18.472,42157.00,0.9997,0.0000,0.0000e+00,4.5429e-06,90.00,100
SolarSail_5,18.480,42157.00,0.9997,0.0000,0.0000e+00,4.5429e-06,90.00,100
SolarSail_5,18.489,42157.00,0.9997,0.0000,0.0000e+00,4.5429e-06,90.00,100
SolarSail_5,18.498,42157.00,0.9997,0.0000,0.0000e+00,4.5429e-06,90.00,100
SolarSail_5,18.507,42157.00,0.9997,0.0000,0.0000e+00,4.5429e-06,90.00,100
SolarSail_5,18.516,42157.00,0.9997,0.0000,0.0000e+00,4.5429e-06,90.00,100
SolarSail_5,18.525,42157.00,0.9997,0.0000,0.0000e+00,4.5429e-06,90.00,100
SolarSail_5,18.533,42157.00,0.9997,0.0000,0.0000e+00,4.5429e-06,90.00,100
SolarSail_5,18.542,42157.00,0.9997,0.0000,0.0000e+00,4.5429e-06,90.00,100
SolarSail_5,18.551,42157.00,0.9997,0.0000,0.0000e+00,4.5429e-06,90.00,100
SolarSail_5,18.560,42157.00,0.9997,0.0000,0.0000e+00,4.5429e-06,90.00,100
SolarSail_5,18.569,42157.00,0.9997,0.0000,0.0000e+00,4.5429e-06,90.00,100
SolarSail_5,18.578,42157.00,0.9997,0.0000,0.0000e+00,4.5429e-06,90.00,100
SolarSail_5,18.588,42157.00,0.9997,0.0000,0.0000e+00,4.5429e-06,90.00,100
SolarSail_5,18.597,42157.00,0.9997,0.0000,0.0000e+00,4.5429e-06,90.00,100
SolarSail_5,18.605,42157.00,0.9997,0.0000,0.0000e+00,4.5429e-06,90.00,100
SolarSail_5,18.615,42157.00,0.9997,0.0000,0.0000e+00,4.5429e-06,90.00,100
SolarSail_5,18.625,42157.00,0.9997,0.0000,0.0000e+00,4.5429e-06,90.00,100
SolarSail_5,18.634,42157.00,0.9997,0.0000,0.0000e+00,4.5429e-06,90.00,100
SolarSail_5,18.642,42157.00,0.9997,0.0000,0.0000e+00,4.5429e-06,90.00,100
SolarSail_5,18.651,42157.00,0.9997,0.0000,0.0000e+00,4.5429e-06,90.00,100
SolarSail_5,18.662,42157.00,0.9997,0.0000,0.0000e+00,4.5429e-06,90.00,100
SolarSail_5,18.671,42157.00,0.9997,0.0000,0.0000e+00,4.5429e-06,90.00,100
SolarSail_5,18.679,42157.00,0.9997,0.0000,0.0000e+00,4.5429e-06,90.00,100
SolarSail_5,18.688,42157.00,0.9997,0.0000,0.0000e+00,4.5429e-06,90.00,100
SolarSail_5,18.698,42157.00,0.9997,0.0000,0.0000e+00,4.5429e-06,90.00,100
SolarSail_5,18.707,42157.00,0.9997,0.0000,0.0000e+00,4.5429e-06,90.00,100
SolarSail_5,18.715,42157.00,0.9997,0.0000,0.0000e+00,4.5429e-06,90.00,100
SolarSail_5,18.724,42157.00,0.9997,0.0000,0.0000e+00,4.5429e-06,90.00,100
SolarSail_5,18.733,42157.00,0.9997,0.0000,0.0000e+00,4.5429e-06,90.00,100
SolarSail_5,18.742,42157.00,0.9997,0.0000,0.0000e+00,4.5429e-06,90.00,100
SolarSail_5,18.751,42157.00,0.9997,0.0000,0.0000e+00,4.5429e-06,90.00,100
SolarSail_5,18.759,42157.00,0.9997,0.0000,0.0000e+00,4.5429e-06,90.00,100
SolarSail_5,18.768,42157.00,0.9997,0.0000,0.0000e+00,4.5429e-06,90.00,100
SolarSail_5,18.777,42157.00,0.9997,0.0000,0.0000e+00,4.5429e-06,90.00,100
SolarSail_5,18.786,42157.00,0.9997,0.0000,0.0000e+00,4.5429e-06,90.00,100
SolarSail_5,18.795,42157.00,0.9997,0.0000,0.0000e+00,4.5429e-06,90.00,100
SolarSail_5,18.804,42157.00,0.9997,0.0000,0.0000e+00,4.5429e-06,90.00,100
SolarSail_5,18.813,42157.00,0.9997,0.0000,0.0000e+00,4.5429e-06,90.00,100
SolarSail_5,18.822,42157.00,0.9997,0.0000,0.0000e+00,4.5429e-06,90.00,100
SolarSail_5,18.830,42157.00,0.9997,0.0000,0.0000e+00,4.5429e-06,90.00,100
SolarSail_5,18.839,42157.00,0.9997,0.0000,0.0000e+00,4.5429e-06,90.00,100
SolarSail_5,18.848,42157.00,0.9997,0.0000,0.0000e+00,4.5429e-06,90.00,100
SolarSail_5,18.856,42157.00,0.9997,0.0000,0.0000e+00,4.5429e-06,90.00,100
SolarSail_5,18.865,42157.00,0.9997,0.0000,0.0000e+00,4.5429e-06,90.00,100
SolarSail_5,18.874,42157.00,0.9997,0.0000,0.0000e+00,4.5429e-06,90.00,100
SolarSail_5,18.882,42157.00,0.9997,0.0000,0.0000e+00,4.5429e-06,90.00,100
SolarSail_5,18.891,42157.00,0.9997,0.0000,0.0000e+00,4.5429e-06,90.00,100
SolarSail_5,18.900,42157.00,0.9997,0.0000,0.0000e+00,4.5429e-06,90.00,100
SolarSail_5,18.908,42157.00,0.9997,0.0000,0.0000e+00,4.5429e-06,90.00,100
SolarSail_5,18.917,42157.00,0.9997,0.0000,0.0000e+00,4.5429e-06,90.00,100
SolarSail_5,18.928,42157.00,0.9997,0.0000,0.0000e+00,4.5429e-06,90.00,100
SolarSail_5,18.937,42157.00,0.9997,0.0000,0.0000e+00,4.5429e-06,90.00,100
SolarSail_5,18.946,42157.00,0.9997,0.0000,0.0000e+00,4.5429e-06,90.00,100
SolarSail_5,18.955,42157.00,0.9997,0.0000,0.0000e+00,4.5429e-06,90.00,100
SolarSail_5,18.963,42157.00,0.9997,0.0000,0.0000e+00,4.5429e-06,90.00,100
SolarSail_5,18.972,42157.00,0.9997,0.0000,0.0000e+00,4.5429e-06,90.00,100
SolarSail_5,18.981,42157.00,0.9997,0.0000,0.0000e+00,4.5429e-06,90.00,100
SolarSail_5,18.991,42157.00,0.9997,0.0000,0.0000e+00,4.5429e-06,90.00,100
SolarSail_5,18.999,42157.00,0.9997,0.0000,0.0000e+00,4.5429e-06,90.00,100
SolarSail_5,19.008,42157.00,0.9997,0.0000,0.0000e+00,4.5429e-06,90.00,100
SolarSail_5,19.017,42157.00,0.9997,0.0000,0.0000e+00,4.5429e-06,90.00,100
SolarSail_5,19.026,42157.00,0.9997,0.0000,0.0000e+00,4.5429e-06,90.00,100
SolarSail_5,19.035,42157.00,0.9997,0.0000,0.0000e+00,4.5429e-06,90.00,100
SolarSail_5,19.044,42157.00,0.9997,0.0000,0.0000e+00,4.5429e-06,90.00,100
SolarSail_5,19.053,42157.00,0.9997,0.0000,0.0000e+00,4.5429e-06,90.00,100
SolarSail_5,19.061,42157.00,0.9997,0.0000,0.0000e+00,4.5429e-06,90.00,100
SolarSail_5,19.070,42157.00,0.9997,0.0000,0.0000e+00,4.5429e-06,90.00,100
SolarSail_5,19.081,42157.00,0.9997,0.0000,0.0000e+00,4.5429e-06,90.00,100
SolarSail_5,19.090,42157.00,0.9997,0.0000,0.0000e+00,4.5429e-06,90.00,100
SolarSail_5,19.099,42157.00,0.9997,0.0000,0.0000e+00,4.5429e-06,90.00,100
SolarSail_5,19.107,42157.00,0.9997,0.0000,0.0000e+00,4.5429e-06,90.00,100
SolarSail_5,19.117,42157.00,0.9997,0.0000,0.0000e+00,4.5429e-06,90.00,100
SolarSail_5,19.125,42157.00,0.9997,0.0000,0.0000e+00,4.5429e-06,90.00,100
SolarSail_5,19.134,42157.00,0.9997,0.0000,0.0000e+00,4.5429e-06,90.00,100
SolarSail_5,19.169,42157.00,0.9997,0.0000,0.0000e+00,4.5429e-06,90.00,100
SolarSail_5,19.193,42157.00,0.9997,0.0000,0.0000e+00,4.5429e-06,90.00,100
SolarSail_5,19.219,42157.00,0.9997,0.0000,0.0000e+00,4.5429e-06,90.00,100
SolarSail_5,19.243,42157.00,0.9997,0.0000,0.0000e+00,4.5429e-06,90.00,100
SolarSail_5,19.269,42157.00,0.9997,0.0000,0.0000e+00,4.5429e-06,90.00,100
SolarSail_5,19.293,42157.00,0.9997,0.0000,0.0000e+00,4.5429e-06,90.00,100
SolarSail_5,19.319,42157.00,0.9997,0.0000,0.0000e+00,4.5429e-06,90.00,100
SolarSail_5,19.344,42157.00,0.9997,0.0000,0.0000e+00,4.5429e-06,90.00,100
SolarSail_5,19.370,42157.00,0.9997,0.0000,0.0000e+00,4.5429e-06,90.00,100
SolarSail_5,19.394,42157.00,0.9997,0.0000,0.0000e+00,4.5429e-06,90.00,100
SolarSail_5,19.421,42157.00,0.9997,0.0000,0.0000e+00,4.5429e-06,90.00,100
SolarSail_5,19.444,42157.00,0.9997,0.0000,0.0000e+00,4.5429e-06,90.00,100
SolarSail_5,19.470,42157.00,0.9997,0.0000,0.0000e+00,4.5429e-06,90.00,100
SolarSail_5,19.494,42157.00,0.9997,0.0000,0.0000e+00,4.5429e-06,90.00,100
SolarSail_5,19.520,42157.00,0.9997,0.0000,0.0000e+00,4.5429e-06,90.00,100
SolarSail_5,19.544,42157.00,0.9997,0.0000,0.0000e+00,4.5429e-06,90.00,100
SolarSail_5,19.554,42157.00,0.9997,0.0000,0.0000e+00,4.5429e-06,90.00,100
SolarSail_5,19.564,42157.00,0.9997,0.0000,0.0000e+00,4.5429e-06,90.00,100
SolarSail_5,19.574,42157.00,0.9997,0.0000,0.0000e+00,4.5429e-06,90.00,100
SolarSail_5,19.584,42157.00,0.9997,0.0000,0.0000e+00,4.5429e-06,90.00,100
SolarSail_5,19.594,42157.00,0.9997,0.0000,0.0000e+00,4.5429e-06,90.00,100
SolarSail_5,19.605,42157.00,0.9997,0.0000,0.0000e+00,4.5429e-06,90.00,100
SolarSail_5,19.615,42157.00,0.9997,0.0000,0.0000e+00,4.5429e-06,90.00,100
SolarSail_5,19.624,42157.00,0.9997,0.0000,0.0000e+00,4.5429e-06,90.00,100
SolarSail_5,19.633,42157.00,0.9997,0.0000,0.0000e+00,4.5429e-06,90.00,100
SolarSail_5,19.643,42157.00,0.9997,0.0000,0.0000e+00,4.5429e-06,90.00,100
SolarSail_5,19.653,42157.00,0.9997,0.0000,0.0000e+00,4.5429e-06,90.00,100
SolarSail_5,19.661,42157.00,0.9997,0.0000,0.0000e+00,4.5429e-06,90.00,100
SolarSail_5,19.670,42157.00,0.9997,0.0000,0.0000e+00,4.5429e-06,90.00,100
SolarSail_5,19.679,42157.00,0.9997,0.0000,0.0000e+00,4.5429e-06,90.00,100
SolarSail_5,19.688,42157.00,0.9997,0.0000,0.0000e+00,4.5429e-06,90.00,100
SolarSail_5,19.696,42157.00,0.9997,0.0000,0.0000e+00,4.5429e-06,90.00,100
SolarSail_5,19.706,42157.00,0.9997,0.0000,0.0000e+00,4.5429e-06,90.00,100
SolarSail_5,19.715,42157.00,0.9997,0.0000,0.0000e+00,4.5429e-06,90.00,100
SolarSail_5,19.724,42157.00,0.9997,0.0000,0.0000e+00,4.5429e-06,90.00,100
SolarSail_5,19.733,42157.00,0.9997,0.0000,0.0000e+00,4.5429e-06,90.00,100
SolarSail_5,19.743,42157.00,0.9997,0.0000,0.0000e+00,4.5429e-06,90.00,100
SolarSail_5,19.752,42157.00,0.9997,0.0000,0.0000e+00,4.5429e-06,90.00,100
SolarSail_5,19.762,42157.00,0.9997,0.0000,0.0000e+00,4.5429e-06,90.00,100
SolarSail_5,19.771,42157.00,0.9997,0.0000,0.0000e+00,4.5429e-06,90.00,100
SolarSail_5,19.781,42157.00,0.9997,0.0000,0.0000e+00,4.5429e-06,90.00,100
SolarSail_5,19.791,42157.00,0.9997,0.0000,0.0000e+00,4.5429e-06,90.00,100
SolarSail_5,19.800,42157.00,0.9997,0.0000,0.0000e+00,4.5429e-06,90.00,100
SolarSail_5,19.809,42157.00,0.9997,0.0000,0.0000e+00,4.5429e-06,90.00,100
SolarSail_5,19.819,42157.00,0.9997,0.0000,0.0000e+00,4.5429e-06,90.00,100
SolarSail_5,19.829,42157.00,0.9997,0.0000,0.0000e+00,4.5429e-06,90.00,100
SolarSail_5,19.838,42157.00,0.9997,0.0000,0.0000e+00,4.5429e-06,90.00,100
SolarSail_5,19.849,42157.00,0.9997,0.0000,0.0000e+00,4.5429e-06,90.00,100
SolarSail_5,19.858,42157.00,0.9997,0.0000,0.0000e+00,4.5429e-06,90.00,100
SolarSail_5,19.867,42157.00,0.9997,0.0000,0.0000e+00,4.5429e-06,90.00,100
SolarSail_5,19.875,42157.00,0.9997,0.0000,0.0000e+00,4.5429e-06,90.00,100
SolarSail_5,19.884,42157.00,0.9997,0.0000,0.0000e+00,4.5429e-06,90.00,100
SolarSail_5,19.893,42157.00,0.9997,0.0000,0.0000e+00,4.5429e-06,90.00,100
SolarSail_5,19.907,42157.00,0.9997,0.0000,0.0000e+00,4.5429e-06,90.00,100
SolarSail_5,19.917,42157.00,0.9997,0.0000,0.0000e+00,4.5429e-06,90.00,100
SolarSail_5,19.926,42157.00,0.9997,0.0000,0.0000e+00,4.5429e-06,90.00,100
SolarSail_5,19.934,42157.00,0.9997,0.0000,0.0000e+00,4.5429e-06,90.00,100
SolarSail_5,19.943,42157.00,0.9997,0.0000,0.0000e+00,4.5429e-06,90.00,100
SolarSail_5,19.952,42157.00,0.9997,0.0000,0.0000e+00,4.5429e-06,90.00,100
SolarSail_5,19.961,42157.00,0.9997,0.0000,0.0000e+00,4.5429e-06,90.00,100
SolarSail_5,19.970,42157.00,0.9997,0.0000,0.0000e+00,4.5429e-06,90.00,100
SolarSail_5,19.979,42157.00,0.9997,0.0000,0.0000e+00,4.5429e-06,90.00,100
SolarSail_5,19.990,42157.00,0.9997,0.0000,0.0000e+00,4.5429e-06,90.00,100
SolarSail_5,19.999,42157.00,0.9997,0.0000,0.0000e+00,4.5429e-06,90.00,100
SolarSail_5,20.009,42157.00,0.9997,0.0000,0.0000e+00,4.5429e-06,90.00,100
SolarSail_5,20.017,42157.00,0.9997,0.0000,0.0000e+00,4.5429e-06,90.00,100
SolarSail_5,20.027,42157.00,0.9997,0.0000,0.0000e+00,4.5429e-06,90.00,100
SolarSail_5,20.038,42157.00,0.9997,0.0000,0.0000e+00,4.5429e-06,90.00,100
SolarSail_5,20.047,42157.00,0.9997,0.0000,0.0000e+00,4.5429e-06,90.00,100
SolarSail_5,20.058,42157.00,0.9997,0.0000,0.0000e+00,4.5429e-06,90.00,100
SolarSail_5,20.067,42157.00,0.9997,0.0000,0.0000e+00,4.5429e-06,90.00,100
SolarSail_5,20.076,42157.00,0.9997,0.0000,0.0000e+00,4.5429e-06,90.00,100
SolarSail_5,20.088,42157.00,0.9997,0.0000,0.0000e+00,4.5429e-06,90.00,100
SolarSail_5,20.098,42157.00,0.9997,0.0000,0.0000e+00,4.5429e-06,90.00,100
SolarSail_5,20.117,42157.00,0.9997,0.0000,0.0000e+00,4.5429e-06,90.00,100
SolarSail_5,20.126,42157.00,0.9997,0.0000,0.0000e+00,4.5429e-06,90.00,100
SolarSail_5,20.136,42157.00,0.9997,0.0000,0.0000e+00,4.5429e-06,90.00,100
SolarSail_5,20.145,42157.00,0.9997,0.0000,0.0000e+00,4.5429e-06,90.00,100
SolarSail_5,20.155,42157.00,0.9997,0.0000,0.0000e+00,4.5429e-06,90.00,100
SolarSail_5,20.165,42157.00,0.9997,0.0000,0.0000e+00,4.5429e-06,90.00,100
SolarSail_5,20.176,42157.00,0.9997,0.0000,0.0000e+00,4.5429e-06,90.00,100
SolarSail_5,20.185,42157.00,0.9997,0.0000,0.0000e+00,4.5429e-06,90.00,100
SolarSail_5,20.193,42157.00,0.9997,0.0000,0.0000e+00,4.5429e-06,90.00,100
SolarSail_5,20.202,42157.00,0.9997,0.0000,0.0000e+00,4.5429e-06,90.00,100
SolarSail_5,20.211,42157.00,0.9997,0.0000,0.0000e+00,4.5429e-06,90.00,100
SolarSail_5,20.220,42157.00,0.9997,0.0000,0.0000e+00,4.5429e-06,90.00,100
SolarSail_5,20.229,42157.00,0.9997,0.0000,0.0000e+00,4.5429e-06,90.00,100
SolarSail_5,20.239,42157.00,0.9997,0.0000,0.0000e+00,4.5429e-06,90.00,100
SolarSail_5,20.248,42157.00,0.9997,0.0000,0.0000e+00,4.5429e-06,90.00,100
SolarSail_5,20.257,42157.00,0.9997,0.0000,0.0000e+00,4.5429e-06,90.00,100
SolarSail_5,20.268,42157.00,0.9997,0.0000,0.0000e+00,4.5429e-06,90.00,100
SolarSail_5,20.278,42157.00,0.9997,0.0000,0.0000e+00,4.5429e-06,90.00,100
SolarSail_5,20.290,42157.00,0.9997,0.0000,0.0000e+00,4.5429e-06,90.00,100
SolarSail_5,20.301,42157.00,0.9997,0.0000,0.0000e+00,4.5429e-06,90.00,100
SolarSail_5,20.311,42157.00,0.9997,0.0000,0.0000e+00,4.5429e-06,90.00,100
SolarSail_5,20.321,42157.00,0.9997,0.0000,0.0000e+00,4.5429e-06,90.00,100
SolarSail_5,20.332,42157.00,0.9997,0.0000,0.0000e+00,4.5429e-06,90.00,100
SolarSail_5,20.343,42157.00,0.9997,0.0000,0.0000e+00,4.5429e-06,90.00,100
SolarSail_5,20.352,42157.00,0.9997,0.0000,0.0000e+00,4.5429e-06,90.00,100
SolarSail_5,20.378,42157.00,0.9997,0.0000,0.0000e+00,4.5429e-06,90.00,100
SolarSail_5,20.389,42157.00,0.9997,0.0000,0.0000e+00,4.5429e-06,90.00,100
SolarSail_5,20.401,42157.00,0.9997,0.0000,0.0000e+00,4.5429e-06,90.00,100
SolarSail_5,20.410,42157.00,0.9997,0.0000,0.0000e+00,4.5429e-06,90.00,100
SolarSail_5,20.419,42157.00,0.9997,0.0000,0.0000e+00,4.5429e-06,90.00,100
SolarSail_5,20.428,42157.00,0.9997,0.0000,0.0000e+00,4.5429e-06,90.00,100
SolarSail_5,20.437,42157.00,0.9997,0.0000,0.0000e+00,4.5429e-06,90.00,100
SolarSail_5,20.446,42157.00,0.9997,0.0000,0.0000e+00,4.5429e-06,90.00,100
SolarSail_5,20.456,42157.00,0.9997,0.0000,0.0000e+00,4.5429e-06,90.00,100
SolarSail_5,20.466,42157.00,0.9997,0.0000,0.0000e+00,4.5429e-06,90.00,100
SolarSail_5,20.476,42157.00,0.9997,0.0000,0.0000e+00,4.5429e-06,90.00,100
SolarSail_5,20.487,42157.00,0.9997,0.0000,0.0000e+00,4.5429e-06,90.00,100
SolarSail_5,20.498,42157.00,0.9997,0.0000,0.0000e+00,4.5429e-06,90.00,100
SolarSail_5,20.507,42157.00,0.9997,0.0000,0.0000e+00,4.5429e-06,90.00,100
SolarSail_5,20.516,42157.00,0.9997,0.0000,0.0000e+00,4.5429e-06,90.00,100
SolarSail_5,20.526,42157.00,0.9997,0.0000,0.0000e+00,4.5429e-06,90.00,100
SolarSail_5,20.535,42157.00,0.9997,0.0000,0.0000e+00,4.5429e-06,90.00,100
SolarSail_5,20.544,42157.00,0.9997,0.0000,0.0000e+00,4.5429e-06,90.00,100
SolarSail_5,20.553,42157.00,0.9997,0.0000,0.0000e+00,4.5429e-06,90.00,100
SolarSail_5,20.562,42157.00,0.9997,0.0000,0.0000e+00,4.5429e-06,90.00,100
SolarSail_5,20.571,42157.00,0.9997,0.0000,0.0000e+00,4.5429e-06,90.00,100
SolarSail_5,20.580,42157.00,0.9997,0.0000,0.0000e+00,4.5429e-06,90.00,100
SolarSail_5,20.589,42157.00,0.9997,0.0000,0.0000e+00,4.5429e-06,90.00,100
SolarSail_5,20.599,42157.00,0.9997,0.0000,0.0000e+00,4.5429e-06,90.00,100
SolarSail_5,20.609,42157.00,0.9997,0.0000,0.0000e+00,4.5429e-06,90.00,100
SolarSail_5,20.618,42157.00,0.9997,0.0000,0.0000e+00,4.5429e-06,90.00,100
SolarSail_5,20.628,42157.00,0.9997,0.0000,0.0000e+00,4.5429e-06,90.00,100
SolarSail_5,20.637,42157.00,0.9997,0.0000,0.0000e+00,4.5429e-06,90.00,100
SolarSail_5,20.646,42157.00,0.9997,0.0000,0.0000e+00,4.5429e-06,90.00,100
SolarSail_5,20.657,42157.00,0.9997,0.0000,0.0000e+00,4.5429e-06,90.00,100
SolarSail_5,20.668,42157.00,0.9997,0.0000,0.0000e+00,4.5429e-06,90.00,100
SolarSail_5,20.677,42157.00,0.9997,0.0000,0.0000e+00,4.5429e-06,90.00,100
SolarSail_5,20.687,42157.00,0.9997,0.0000,0.0000e+00,4.5429e-06,90.00,100
SolarSail_5,20.697,42157.00,0.9997,0.0000,0.0000e+00,4.5429e-06,90.00,100
SolarSail_5,20.706,42157.00,0.9997,0.0000,0.0000e+00,4.5429e-06,90.00,100
SolarSail_5,20.715,42157.00,0.9997,0.0000,0.0000e+00,4.5429e-06,90.00,100
