Time,PosX,PosY,PosZ,VelX,VelY,VelZ,ForceX,ForceY,ForceZ,IncidenceAngle,DistanceAU
0.000,0.000,0.000,0.000,0.000,0.000,0.000,0.000,0.000,0.000,0.00,0.00000
0.333,0.000,0.000,0.000,0.000,0.000,0.000,0.097,-0.266,-0.777,26.91,7.07107
0.420,0.002,-0.006,-0.017,0.064,-0.177,-0.518,0.097,-0.266,-0.777,26.91,7.07107
0.509,0.006,-0.018,-0.052,0.129,-0.354,-1.036,0.097,-0.266,-0.777,26.91,7.07107
0.540,0.013,-0.035,-0.104,0.193,-0.531,-1.553,0.097,-0.266,-0.777,26.91,7.07108
0.641,0.021,-0.057,-0.167,0.253,-0.696,-2.035,0.097,-0.265,-0.777,26.92,7.07108
0.649,0.031,-0.086,-0.252,0.318,-0.873,-2.553,0.097,-0.265,-0.777,26.92,7.07109
0.658,0.034,-0.094,-0.274,0.334,-0.917,-2.683,0.097,-0.265,-0.777,26.92,7.07109
0.666,0.037,-0.102,-0.298,0.350,-0.961,-2.812,0.097,-0.265,-0.777,26.92,7.07110
0.674,0.040,-0.110,-0.322,0.366,-1.006,-2.942,0.097,-0.265,-0.777,26.93,7.07110
0.683,0.043,-0.119,-0.348,0.382,-1.050,-3.071,0.096,-0.265,-0.777,26.93,7.07110
0.691,0.047,-0.128,-0.375,0.398,-1.094,-3.201,0.096,-0.265,-0.777,26.93,7.07110
0.699,0.050,-0.138,-0.402,0.414,-1.139,-3.330,0.096,-0.265,-0.776,26.93,7.07111
0.708,0.054,-0.147,-0.431,0.430,-1.183,-3.460,0.096,-0.265,-0.776,26.93,7.07111
0.716,0.057,-0.158,-0.461,0.446,-1.227,-3.589,0.096,-0.265,-0.776,26.93,7.07111
0.724,0.061,-0.168,-0.492,0.463,-1.271,-3.718,0.096,-0.265,-0.776,26.93,7.07111
0.733,0.065,-0.179,-0.524,0.479,-1.315,-3.848,0.096,-0.265,-0.776,26.94,7.07112
0.741,0.069,-0.191,-0.557,0.495,-1.359,-3.977,0.096,-0.265,-0.776,26.94,7.07112
0.749,0.074,-0.202,-0.591,0.511,-1.404,-4.107,0.096,-0.265,-0.776,26.94,7.07112
0.758,0.078,-0.214,-0.627,0.527,-1.448,-4.236,0.096,-0.265,-0.776,26.94,7.07113
0.766,0.083,-0.227,-0.663,0.543,-1.492,-4.366,0.096,-0.265,-0.776,26.94,7.07113
0.774,0.087,-0.240,-0.701,0.559,-1.536,-4.495,0.096,-0.265,-0.776,26.94,7.07113
0.783,0.092,-0.253,-0.739,0.575,-1.580,-4.624,0.096,-0.265,-0.776,26.95,7.07114
0.791,0.097,-0.266,-0.779,0.591,-1.624,-4.754,0.096,-0.265,-0.776,26.95,7.07114
0.799,0.102,-0.280,-0.819,0.607,-1.669,-4.883,0.096,-0.265,-0.776,26.95,7.07115
0.808,0.107,-0.294,-0.861,0.623,-1.713,-5.012,0.096,-0.265,-0.776,26.95,7.07115
0.816,0.112,-0.309,-0.904,0.639,-1.757,-5.142,0.096,-0.265,-0.776,26.96,7.07115
0.824,0.118,-0.324,-0.948,0.655,-1.801,-5.271,0.096,-0.265,-0.776,26.96,7.07116
0.833,0.124,-0.339,-0.993,0.671,-1.845,-5.401,0.096,-0.265,-0.776,26.96,7.07116
0.841,0.129,-0.355,-1.039,0.687,-1.889,-5.530,0.096,-0.265,-0.776,26.96,7.07117
0.849,0.135,-0.371,-1.086,0.703,-1.933,-5.660,0.096,-0.264,-0.776,26.96,7.07117
0.858,0.141,-0.388,-1.135,0.719,-1.977,-5.789,0.096,-0.264,-0.776,26.97,7.07118
0.866,0.147,-0.405,-1.184,0.735,-2.021,-5.918,0.096,-0.264,-0.776,26.97,7.07118
0.874,0.153,-0.422,-1.234,0.751,-2.066,-6.048,0.096,-0.264,-0.776,26.97,7.07119
0.883,0.160,-0.439,-1.286,0.767,-2.110,-6.177,0.096,-0.264,-0.776,26.97,7.07119
0.891,0.166,-0.457,-1.338,0.783,-2.154,-6.306,0.096,-0.264,-0.776,26.98,7.07119
0.899,0.173,-0.476,-1.392,0.799,-2.198,-6.436,0.096,-0.264,-0.776,26.98,7.07120
0.908,0.180,-0.494,-1.447,0.815,-2.242,-6.565,0.096,-0.264,-0.776,26.98,7.07121
0.916,0.187,-0.513,-1.502,0.831,-2.286,-6.694,0.096,-0.264,-0.776,26.99,7.07121
0.924,0.194,-0.533,-1.559,0.847,-2.330,-6.824,0.096,-0.264,-0.776,26.99,7.07122
0.933,0.201,-0.553,-1.617,0.863,-2.374,-6.953,0.096,-0.264,-0.776,26.99,7.07122
0.941,0.208,-0.573,-1.676,0.879,-2.418,-7.083,0.096,-0.264,-0.776,26.99,7.07123
0.949,0.216,-0.593,-1.736,0.895,-2.462,-7.212,0.097,-0.268,-0.787,27.00,7.07123
0.958,0.223,-0.614,-1.798,0.911,-2.506,-7.343,0.096,-0.264,-0.776,27.00,7.07124
0.966,0.231,-0.635,-1.860,0.927,-2.550,-7.472,0.096,-0.264,-0.776,27.00,7.07124
0.974,0.239,-0.657,-1.923,0.943,-2.594,-7.602,0.097,-0.267,-0.787,27.01,7.07125
0.983,0.247,-0.679,-1.988,0.959,-2.639,-7.733,0.096,-0.264,-0.776,27.01,7.07126
0.991,0.255,-0.701,-2.053,0.975,-2.683,-7.862,0.096,-0.263,-0.776,27.01,7.07126
0.999,0.263,-0.724,-2.120,0.991,-2.727,-7.991,0.096,-0.263,-0.776,27.02,7.07127
1.008,0.272,-0.747,-2.187,1.007,-2.770,-8.121,0.095,-0.263,-0.776,27.02,7.07128
1.016,0.280,-0.771,-2.256,1.023,-2.814,-8.250,0.095,-0.263,-0.776,27.02,7.07128
1.024,0.289,-0.794,-2.326,1.039,-2.858,-8.379,0.095,-0.263,-0.776,27.03,7.07129
1.033,0.298,-0.819,-2.397,1.055,-2.902,-8.509,0.095,-0.263,-0.776,27.03,7.07130
1.041,0.307,-0.843,-2.469,1.071,-2.946,-8.638,0.094,-0.259,-0.765,27.03,7.07130
1.049,0.316,-0.868,-2.542,1.086,-2.989,-8.765,0.094,-0.259,-0.765,27.04,7.07131
1.058,0.325,-0.893,-2.616,1.102,-3.032,-8.893,0.095,-0.263,-0.776,27.04,7.07132
1.066,0.334,-0.919,-2.691,1.118,-3.076,-9.022,0.095,-0.263,-0.776,27.05,7.07132
1.074,0.344,-0.945,-2.767,1.134,-3.120,-9.151,0.095,-0.263,-0.776,27.05,7.07133
1.083,0.353,-0.971,-2.845,1.150,-3.164,-9.281,0.096,-0.266,-0.787,27.05,7.07134
1.091,0.363,-0.998,-2.923,1.166,-3.208,-9.412,0.095,-0.263,-0.775,27.06,7.07135
1.099,0.373,-1.025,-3.003,1.182,-3.252,-9.541,0.095,-0.262,-0.775,27.06,7.07135
1.108,0.383,-1.053,-3.083,1.197,-3.296,-9.670,0.095,-0.262,-0.775,27.07,7.07136
1.116,0.393,-1.081,-3.165,1.213,-3.339,-9.800,0.095,-0.262,-0.775,27.07,7.07137
1.124,0.403,-1.109,-3.248,1.229,-3.383,-9.929,0.094,-0.259,-0.764,27.07,7.07138
1.133,0.414,-1.137,-3.332,1.245,-3.426,-10.056,0.096,-0.266,-0.786,27.08,7.07138
1.141,0.424,-1.166,-3.416,1.261,-3.471,-10.187,0.095,-0.262,-0.775,27.08,7.07139
1.149,0.435,-1.195,-3.502,1.277,-3.514,-10.316,0.095,-0.262,-0.775,27.09,7.07140
1.158,0.445,-1.225,-3.589,1.292,-3.558,-10.446,0.096,-0.266,-0.786,27.09,7.07141
1.166,0.456,-1.255,-3.678,1.308,-3.602,-10.577,0.096,-0.266,-0.786,27.10,7.07142
1.174,0.467,-1.286,-3.767,1.324,-3.646,-10.708,0.095,-0.262,-0.775,27.10,7.07142
1.183,0.479,-1.316,-3.857,1.340,-3.690,-10.837,0.093,-0.258,-0.764,27.10,7.07143
1.191,0.490,-1.347,-3.949,1.356,-3.733,-10.964,0.096,-0.265,-0.786,27.11,7.07144
1.199,0.501,-1.379,-4.041,1.372,-3.777,-11.095,0.093,-0.258,-0.764,27.11,7.07145
1.208,0.513,-1.411,-4.135,1.387,-3.820,-11.223,0.096,-0.265,-0.786,27.12,7.07146
1.216,0.525,-1.443,-4.229,1.403,-3.864,-11.354,0.094,-0.261,-0.775,27.12,7.07147
1.224,0.536,-1.475,-4.325,1.419,-3.908,-11.483,0.094,-0.261,-0.775,27.13,7.07148
1.233,0.548,-1.508,-4.422,1.435,-3.951,-11.612,0.096,-0.265,-0.786,27.13,7.07149
1.241,0.560,-1.542,-4.519,1.450,-3.996,-11.743,0.096,-0.265,-0.786,27.14,7.07150
1.249,0.573,-1.575,-4.618,1.466,-4.040,-11.874,0.094,-0.261,-0.775,27.14,7.07151
1.258,0.585,-1.609,-4.718,1.482,-4.083,-12.003,0.095,-0.264,-0.786,27.15,7.07152
1.266,0.597,-1.644,-4.820,1.498,-4.127,-12.134,0.094,-0.261,-0.775,27.15,7.07152
1.274,0.610,-1.679,-4.922,1.514,-4.171,-12.263,0.093,-0.257,-0.764,27.16,7.07153
1.283,0.623,-1.714,-5.025,1.529,-4.214,-12.391,0.095,-0.264,-0.786,27.16,7.07154
1.296,0.636,-1.749,-5.129,1.545,-4.258,-12.522,0.094,-0.260,-0.775,27.17,7.07155
1.304,0.657,-1.807,-5.299,1.570,-4.327,-12.728,0.094,-0.260,-0.775,27.18,7.07157
1.313,0.670,-1.843,-5.406,1.586,-4.370,-12.857,0.094,-0.260,-0.775,27.18,7.07158
1.321,0.683,-1.880,-5.514,1.601,-4.414,-12.986,0.092,-0.256,-0.764,27.19,7.07159
1.329,0.697,-1.917,-5.623,1.617,-4.456,-13.113,0.092,-0.256,-0.764,27.19,7.07160
1.338,0.710,-1.955,-5.734,1.632,-4.499,-13.241,0.094,-0.260,-0.775,27.20,7.07161
1.346,0.724,-1.992,-5.845,1.648,-4.542,-13.370,0.093,-0.260,-0.774,27.20,7.07162
1.354,0.738,-2.031,-5.958,1.663,-4.585,-13.499,0.092,-0.256,-0.763,27.21,7.07163
1.363,0.752,-2.069,-6.071,1.679,-4.628,-13.626,0.093,-0.259,-0.774,27.22,7.07164
1.371,0.766,-2.108,-6.186,1.694,-4.671,-13.755,0.093,-0.259,-0.774,27.22,7.07165
1.379,0.780,-2.147,-6.302,1.710,-4.715,-13.884,0.093,-0.259,-0.774,27.23,7.07167
1.388,0.795,-2.187,-6.418,1.725,-4.758,-14.013,0.093,-0.259,-0.774,27.23,7.07168
1.396,0.809,-2.227,-6.536,1.741,-4.801,-14.142,0.092,-0.255,-0.763,27.24,7.07169
1.404,0.824,-2.267,-6.655,1.756,-4.843,-14.270,0.093,-0.259,-0.774,27.24,7.07170
1.413,0.838,-2.308,-6.775,1.772,-4.887,-14.399,0.093,-0.259,-0.774,27.25,7.07171
1.421,0.853,-2.349,-6.896,1.787,-4.930,-14.528,0.093,-0.259,-0.774,27.26,7.07172
1.429,0.868,-2.391,-7.018,1.803,-4.973,-14.657,0.093,-0.258,-0.774,27.26,7.07173
1.438,0.883,-2.432,-7.142,1.818,-5.016,-14.786,0.093,-0.258,-0.774,27.27,7.07174
1.446,0.899,-2.475,-7.266,1.833,-5.059,-14.915,0.093,-0.258,-0.774,27.27,7.07176
1.454,0.914,-2.517,-7.391,1.849,-5.102,-15.044,0.093,-0.258,-0.774,27.28,7.07177
1.463,0.930,-2.560,-7.518,1.864,-5.145,-15.173,0.093,-0.258,-0.774,27.29,7.07178
1.471,0.945,-2.603,-7.645,1.880,-5.188,-15.302,0.092,-0.258,-0.774,27.29,7.07179
1.479,0.961,-2.647,-7.774,1.895,-5.231,-15.431,0.092,-0.258,-0.774,27.30,7.07180
1.488,0.977,-2.691,-7.903,1.911,-5.274,-15.559,0.092,-0.258,-0.774,27.31,7.07182
1.496,0.993,-2.735,-8.034,1.926,-5.317,-15.688,0.092,-0.257,-0.774,27.31,7.07183
1.504,1.009,-2.780,-8.166,1.941,-5.360,-15.817,0.092,-0.257,-0.774,27.32,7.07184
1.513,1.026,-2.825,-8.299,1.957,-5.402,-15.946,0.092,-0.257,-0.774,27.33,7.07185
1.521,1.042,-2.870,-8.433,1.972,-5.445,-16.075,0.092,-0.257,-0.773,27.33,7.07187
1.529,1.059,-2.916,-8.568,1.987,-5.488,-16.204,0.092,-0.257,-0.773,27.34,7.07188
1.538,1.075,-2.962,-8.704,2.003,-5.531,-16.333,0.092,-0.257,-0.773,27.35,7.07189
1.546,1.092,-3.008,-8.841,2.018,-5.574,-16.462,0.092,-0.257,-0.773,27.35,7.07191
1.554,1.109,-3.055,-8.979,2.033,-5.617,-16.591,0.092,-0.256,-0.773,27.36,7.07192
1.563,1.126,-3.102,-9.119,2.049,-5.659,-16.720,0.092,-0.256,-0.773,27.37,7.07193
1.571,1.143,-3.150,-9.259,2.064,-5.702,-16.849,0.092,-0.256,-0.773,27.37,7.07195
1.579,1.161,-3.198,-9.401,2.079,-5.745,-16.977,0.092,-0.256,-0.773,27.38,7.07196
1.588,1.178,-3.246,-9.543,2.094,-5.787,-17.106,0.091,-0.256,-0.773,27.39,7.07197
1.596,1.196,-3.295,-9.687,2.110,-5.830,-17.235,0.091,-0.256,-0.773,27.39,7.07199
1.604,1.213,-3.344,-9.832,2.125,-5.873,-17.364,0.091,-0.256,-0.773,27.40,7.07200
1.613,1.231,-3.393,-9.977,2.140,-5.915,-17.493,0.091,-0.255,-0.773,27.41,7.07201
1.621,1.249,-3.443,-10.124,2.155,-5.958,-17.622,0.091,-0.255,-0.773,27.42,7.07203
1.629,1.267,-3.493,-10.272,2.171,-6.000,-17.750,0.091,-0.255,-0.773,27.42,7.07204
1.638,1.286,-3.543,-10.421,2.186,-6.043,-17.879,0.091,-0.255,-0.773,27.43,7.07206
1.646,1.304,-3.594,-10.571,2.201,-6.085,-18.008,0.091,-0.255,-0.773,27.44,7.07207
1.654,1.322,-3.645,-10.722,2.216,-6.128,-18.137,0.091,-0.255,-0.773,27.44,7.07208
1.663,1.341,-3.696,-10.875,2.231,-6.170,-18.266,0.091,-0.255,-0.772,27.45,7.07210
1.671,1.360,-3.748,-11.028,2.246,-6.213,-18.394,0.091,-0.254,-0.772,27.46,7.07211
1.679,1.379,-3.800,-11.182,2.261,-6.255,-18.523,0.091,-0.254,-0.772,27.47,7.07213
1.688,1.397,-3.852,-11.338,2.277,-6.297,-18.652,0.090,-0.254,-0.772,27.47,7.07214
1.696,1.417,-3.905,-11.494,2.292,-6.340,-18.781,0.090,-0.254,-0.772,27.48,7.07216
1.704,1.436,-3.959,-11.652,2.307,-6.382,-18.909,0.090,-0.254,-0.772,27.49,7.07217
1.713,1.455,-4.012,-11.811,2.322,-6.424,-19.038,0.090,-0.254,-0.772,27.50,7.07219
1.721,1.475,-4.066,-11.970,2.337,-6.467,-19.167,0.090,-0.253,-0.772,27.51,7.07220
1.729,1.494,-4.120,-12.131,2.352,-6.509,-19.295,0.090,-0.253,-0.772,27.51,7.07222
1.738,1.514,-4.175,-12.293,2.367,-6.551,-19.424,0.090,-0.253,-0.772,27.52,7.07223
1.746,1.534,-4.230,-12.456,2.382,-6.593,-19.553,0.090,-0.253,-0.772,27.53,7.07225
1.754,1.554,-4.285,-12.620,2.397,-6.635,-19.681,0.090,-0.253,-0.772,27.54,7.07226
1.763,1.574,-4.341,-12.785,2.412,-6.678,-19.810,0.090,-0.253,-0.772,27.55,7.07228
1.771,1.594,-4.397,-12.951,2.427,-6.720,-19.938,0.090,-0.252,-0.772,27.55,7.07229
1.779,1.614,-4.453,-13.118,2.442,-6.762,-20.067,0.089,-0.252,-0.772,27.56,7.07231
1.788,1.635,-4.510,-13.287,2.456,-6.804,-20.196,0.089,-0.252,-0.772,27.57,7.07233
1.796,1.656,-4.567,-13.456,2.471,-6.846,-20.324,0.089,-0.252,-0.771,27.58,7.07234
1.804,1.676,-4.624,-13.626,2.486,-6.888,-20.453,0.089,-0.252,-0.771,27.59,7.07236
1.813,1.697,-4.682,-13.798,2.501,-6.930,-20.581,0.089,-0.252,-0.771,27.60,7.07237
1.821,1.718,-4.740,-13.971,2.516,-6.972,-20.710,0.089,-0.251,-0.771,27.60,7.07239
1.829,1.739,-4.798,-14.144,2.531,-7.014,-20.839,0.089,-0.251,-0.771,27.61,7.07241
1.838,1.760,-4.857,-14.319,2.546,-7.055,-20.967,0.089,-0.251,-0.771,27.62,7.07242
1.846,1.782,-4.916,-14.495,2.560,-7.097,-21.096,0.089,-0.251,-0.771,27.63,7.07244
1.854,1.803,-4.976,-14.672,2.575,-7.139,-21.224,0.089,-0.251,-0.771,27.64,7.07246
1.863,1.825,-5.036,-14.850,2.590,-7.181,-21.353,0.089,-0.251,-0.771,27.65,7.07247
1.871,1.846,-5.096,-15.029,2.605,-7.223,-21.481,0.088,-0.250,-0.771,27.66,7.07249
1.879,1.868,-5.156,-15.209,2.619,-7.264,-21.609,0.088,-0.250,-0.771,27.66,7.07251
1.888,1.890,-5.217,-15.390,2.634,-7.306,-21.738,0.088,-0.250,-0.771,27.67,7.07253
1.896,1.912,-5.279,-15.572,2.649,-7.348,-21.866,0.088,-0.250,-0.771,27.68,7.07254
1.904,1.934,-5.340,-15.755,2.664,-7.389,-21.995,0.088,-0.250,-0.770,27.69,7.07256
1.913,1.957,-5.402,-15.940,2.678,-7.431,-22.123,0.088,-0.249,-0.770,27.70,7.07258
1.921,1.979,-5.464,-16.125,2.693,-7.473,-22.252,0.088,-0.249,-0.770,27.71,7.07259
1.929,2.002,-5.527,-16.312,2.708,-7.514,-22.380,0.088,-0.249,-0.770,27.72,7.07261
1.938,2.024,-5.590,-16.499,2.722,-7.556,-22.508,0.088,-0.249,-0.770,27.73,7.07263
1.946,2.047,-5.653,-16.688,2.737,-7.597,-22.637,0.087,-0.249,-0.770,27.74,7.07265
1.954,2.070,-5.717,-16.878,2.751,-7.639,-22.765,0.087,-0.249,-0.770,27.75,7.07267
1.963,2.093,-5.781,-17.068,2.766,-7.680,-22.893,0.087,-0.248,-0.770,27.75,7.07268
1.971,2.116,-5.845,-17.260,2.780,-7.721,-23.022,0.087,-0.248,-0.770,27.76,7.07270
1.979,2.140,-5.910,-17.453,2.795,-7.763,-23.150,0.087,-0.248,-0.770,27.77,7.07272
1.988,2.163,-5.975,-17.647,2.809,-7.804,-23.278,0.087,-0.248,-0.770,27.78,7.07274
1.996,2.187,-6.040,-17.842,2.824,-7.845,-23.407,0.087,-0.248,-0.770,27.79,7.07276
2.004,2.210,-6.106,-18.038,2.838,-7.887,-23.535,0.087,-0.247,-0.770,27.80,7.07278
2.013,2.234,-6.172,-18.235,2.853,-7.928,-23.663,0.087,-0.247,-0.769,27.81,7.07279
2.021,2.258,-6.239,-18.434,2.867,-7.969,-23.791,0.087,-0.247,-0.769,27.82,7.07281
2.029,2.282,-6.305,-18.633,2.882,-8.010,-23.920,0.086,-0.247,-0.769,27.83,7.07283
2.038,2.306,-6.372,-18.833,2.896,-8.051,-24.048,0.086,-0.247,-0.769,27.84,7.07285
2.046,2.330,-6.440,-19.035,2.911,-8.093,-24.176,0.086,-0.246,-0.769,27.85,7.07287
2.054,2.355,-6.508,-19.237,2.925,-8.134,-24.304,0.085,-0.243,-0.758,27.86,7.07289
2.063,2.379,-6.576,-19.441,2.939,-8.174,-24.431,0.085,-0.243,-0.758,27.87,7.07291
2.071,2.404,-6.644,-19.646,2.953,-8.214,-24.557,0.085,-0.242,-0.758,27.88,7.07293
2.079,2.429,-6.713,-19.851,2.967,-8.255,-24.683,0.086,-0.246,-0.769,27.89,7.07295
2.088,2.453,-6.782,-20.058,2.982,-8.296,-24.812,0.086,-0.245,-0.769,27.90,7.07297
2.096,2.478,-6.852,-20.266,2.996,-8.337,-24.940,0.084,-0.242,-0.758,27.91,7.07299
2.104,2.504,-6.921,-20.475,3.010,-8.377,-25.066,0.085,-0.245,-0.769,27.92,7.07301
2.113,2.529,-6.992,-20.685,3.024,-8.418,-25.194,0.084,-0.241,-0.758,27.93,7.07302
2.121,2.554,-7.062,-20.896,3.038,-8.458,-25.320,0.084,-0.241,-0.758,27.94,7.07304
2.129,2.579,-7.133,-21.108,3.052,-8.498,-25.447,0.084,-0.241,-0.757,27.95,7.07306
2.138,2.605,-7.204,-21.321,3.066,-8.538,-25.573,0.084,-0.241,-0.757,27.96,7.07308
2.146,2.631,-7.276,-21.535,3.080,-8.579,-25.699,0.084,-0.241,-0.757,27.97,7.07311
2.154,2.656,-7.347,-21.750,3.094,-8.619,-25.825,0.084,-0.240,-0.757,27.98,7.07313
2.163,2.682,-7.419,-21.967,3.108,-8.659,-25.951,0.083,-0.240,-0.757,27.99,7.07315
2.171,2.708,-7.492,-22.184,3.122,-8.699,-26.078,0.083,-0.240,-0.757,28.00,7.07317
2.179,2.735,-7.565,-22.402,3.136,-8.739,-26.204,0.083,-0.240,-0.757,28.01,7.07319
2.188,2.761,-7.638,-22.622,3.150,-8.779,-26.330,0.083,-0.239,-0.757,28.02,7.07321
2.196,2.787,-7.711,-22.842,3.163,-8.819,-26.456,0.083,-0.239,-0.757,28.04,7.07323
2.204,2.814,-7.785,-23.064,3.177,-8.858,-26.582,0.083,-0.239,-0.757,28.05,7.07325
2.213,2.840,-7.859,-23.286,3.191,-8.898,-26.708,0.083,-0.239,-0.757,28.06,7.07327
2.221,2.867,-7.934,-23.510,3.205,-8.938,-26.834,0.083,-0.239,-0.756,28.07,7.07329
2.229,2.894,-8.009,-23.735,3.219,-8.978,-26.960,0.082,-0.238,-0.756,28.08,7.07331
2.238,2.921,-8.084,-23.960,3.232,-9.018,-27.087,0.082,-0.238,-0.756,28.09,7.07333
2.246,2.948,-8.159,-24.187,3.246,-9.057,-27.213,0.082,-0.238,-0.756,28.10,7.07336
2.254,2.975,-8.235,-24.415,3.260,-9.097,-27.339,0.082,-0.238,-0.756,28.11,7.07338
2.263,3.002,-8.311,-24.644,3.273,-9.137,-27.465,0.082,-0.238,-0.756,28.12,7.07340
2.271,3.030,-8.388,-24.874,3.287,-9.176,-27.591,0.082,-0.237,-0.756,28.13,7.07342
2.279,3.057,-8.465,-25.105,3.301,-9.216,-27.717,0.082,-0.237,-0.756,28.15,7.07344
2.288,3.085,-8.542,-25.337,3.314,-9.255,-27.843,0.082,-0.237,-0.756,28.16,7.07346
2.296,3.112,-8.619,-25.570,3.328,-9.295,-27.969,0.081,-0.237,-0.756,28.17,7.07349
2.304,3.140,-8.697,-25.804,3.342,-9.334,-28.094,0.081,-0.236,-0.755,28.18,7.07351
2.313,3.168,-8.775,-26.039,3.355,-9.374,-28.220,0.081,-0.236,-0.755,28.19,7.07353
2.321,3.196,-8.854,-26.275,3.369,-9.413,-28.346,0.081,-0.236,-0.755,28.20,7.07355
2.329,3.224,-8.932,-26.513,3.382,-9.452,-28.472,0.081,-0.236,-0.755,28.21,7.07357
2.338,3.253,-9.011,-26.751,3.396,-9.492,-28.598,0.081,-0.236,-0.755,28.23,7.07360
2.346,3.281,-9.091,-26.991,3.409,-9.531,-28.724,0.081,-0.235,-0.755,28.24,7.07362
2.354,3.310,-9.171,-27.231,3.422,-9.570,-28.850,0.081,-0.235,-0.755,28.25,7.07364
2.363,3.338,-9.251,-27.472,3.436,-9.609,-28.976,0.080,-0.235,-0.755,28.26,7.07366
2.371,3.367,-9.331,-27.715,3.449,-9.648,-29.101,0.080,-0.235,-0.755,28.27,7.07369
2.379,3.396,-9.412,-27.959,3.463,-9.687,-29.227,0.080,-0.234,-0.755,28.28,7.07371
2.388,3.425,-9.493,-28.203,3.476,-9.727,-29.353,0.080,-0.234,-0.754,28.30,7.07373
2.396,3.454,-9.574,-28.449,3.489,-9.766,-29.479,0.080,-0.234,-0.754,28.31,7.07376
2.404,3.483,-9.656,-28.695,3.503,-9.805,-29.604,0.080,-0.234,-0.754,28.32,7.07378
2.413,3.512,-9.738,-28.943,3.516,-9.843,-29.730,0.080,-0.233,-0.754,28.33,7.07380
2.421,3.542,-9.820,-29.192,3.529,-9.882,-29.856,0.079,-0.233,-0.754,28.34,7.07383
2.429,3.571,-9.903,-29.442,3.542,-9.921,-29.981,0.079,-0.233,-0.754,28.36,7.07385
2.438,3.601,-9.986,-29.693,3.556,-9.960,-30.107,0.079,-0.233,-0.754,28.37,7.07387
2.446,3.631,-10.069,-29.945,3.569,-9.999,-30.233,0.079,-0.232,-0.754,28.38,7.07390
2.454,3.661,-10.153,-30.198,3.582,-10.038,-30.358,0.079,-0.232,-0.754,28.39,7.07392
2.463,3.691,-10.237,-30.452,3.595,-10.076,-30.484,0.079,-0.232,-0.753,28.41,7.07395
2.471,3.721,-10.321,-30.707,3.608,-10.115,-30.610,0.080,-0.235,-0.764,28.42,7.07397
2.479,3.751,-10.406,-30.964,3.622,-10.154,-30.737,0.078,-0.232,-0.753,28.43,7.07399
2.488,3.781,-10.491,-31.221,3.635,-10.193,-30.863,0.078,-0.231,-0.753,28.44,7.07402
2.496,3.812,-10.576,-31.479,3.648,-10.231,-30.988,0.078,-0.231,-0.753,28.46,7.07404
2.504,3.842,-10.662,-31.738,3.661,-10.270,-31.114,0.078,-0.231,-0.753,28.47,7.07407
2.513,3.873,-10.748,-31.999,3.674,-10.308,-31.239,0.078,-0.231,-0.753,28.48,7.07409
2.521,3.903,-10.834,-32.260,3.687,-10.347,-31.365,0.079,-0.234,-0.764,28.49,7.07412
2.529,3.934,-10.921,-32.522,3.700,-10.386,-31.492,0.079,-0.233,-0.763,28.51,7.07414
2.538,3.965,-11.007,-32.786,3.713,-10.425,-31.619,0.077,-0.230,-0.752,28.52,7.07416
2.546,3.996,-11.095,-33.050,3.726,-10.463,-31.744,0.077,-0.230,-0.752,28.53,7.07419
2.554,4.027,-11.182,-33.316,3.739,-10.501,-31.870,0.077,-0.229,-0.752,28.54,7.07421
2.563,4.059,-11.270,-33.583,3.752,-10.539,-31.995,0.077,-0.229,-0.752,28.56,7.07424
2.571,4.090,-11.358,-33.850,3.765,-10.578,-32.120,0.078,-0.232,-0.763,28.57,7.07426
2.579,4.122,-11.447,-34.119,3.778,-10.616,-32.248,0.078,-0.232,-0.763,28.58,7.07429
2.588,4.153,-11.535,-34.389,3.791,-10.655,-32.375,0.077,-0.228,-0.752,28.60,7.07432
2.596,4.185,-11.624,-34.660,3.803,-10.693,-32.500,0.076,-0.228,-0.752,28.61,7.07434
2.604,4.217,-11.714,-34.932,3.816,-10.731,-32.625,0.077,-0.231,-0.762,28.62,7.07437
2.613,4.249,-11.804,-35.205,3.829,-10.769,-32.752,0.076,-0.227,-0.751,28.64,7.07439
2.621,4.281,-11.894,-35.479,3.842,-10.807,-32.878,0.077,-0.231,-0.762,28.65,7.07442
2.629,4.313,-11.984,-35.754,3.855,-10.846,-33.005,0.077,-0.230,-0.762,28.66,7.07444
2.638,4.345,-12.075,-36.030,3.867,-10.884,-33.132,0.077,-0.230,-0.762,28.68,7.07447
2.646,4.377,-12.166,-36.307,3.880,-10.922,-33.259,0.076,-0.226,-0.751,28.69,7.07450
2.654,4.410,-12.257,-36.585,3.893,-10.960,-33.384,0.076,-0.229,-0.762,28.70,7.07452
2.663,4.442,-12.349,-36.864,3.905,-10.998,-33.511,0.076,-0.229,-0.761,28.72,7.07455
2.671,4.475,-12.441,-37.145,3.918,-11.037,-33.638,0.076,-0.229,-0.761,28.73,7.07457
2.679,4.508,-12.533,-37.426,3.931,-11.075,-33.765,0.076,-0.229,-0.761,28.74,7.07460
2.688,4.541,-12.626,-37.709,3.944,-11.113,-33.891,0.076,-0.228,-0.761,28.76,7.07463
2.696,4.574,-12.719,-37.992,3.956,-11.151,-34.018,0.076,-0.228,-0.761,28.77,7.07465
2.704,4.607,-12.812,-38.277,3.969,-11.189,-34.145,0.076,-0.228,-0.761,28.79,7.07468
2.713,4.640,-12.906,-38.563,3.981,-11.227,-34.272,0.075,-0.228,-0.761,28.80,7.07471
2.721,4.673,-13.000,-38.849,3.994,-11.265,-34.399,0.075,-0.227,-0.760,28.81,7.07473
2.729,4.707,-13.094,-39.137,4.007,-11.303,-34.526,0.075,-0.227,-0.760,28.83,7.07476
2.738,4.740,-13.188,-39.426,4.019,-11.341,-34.652,0.075,-0.227,-0.760,28.84,7.07479
2.746,4.774,-13.283,-39.716,4.032,-11.378,-34.779,0.075,-0.226,-0.760,28.86,7.07482
2.754,4.807,-13.378,-40.007,4.044,-11.416,-34.906,0.075,-0.226,-0.760,28.87,7.07484
2.763,4.841,-13.474,-40.299,4.056,-11.454,-35.032,0.074,-0.226,-0.760,28.88,7.07487
2.771,4.875,-13.569,-40.592,4.069,-11.492,-35.159,0.074,-0.226,-0.760,28.90,7.07490
2.779,4.909,-13.666,-40.886,4.081,-11.529,-35.286,0.074,-0.225,-0.760,28.91,7.07493
2.788,4.943,-13.762,-41.181,4.094,-11.567,-35.412,0.074,-0.225,-0.759,28.93,7.07495
2.796,4.977,-13.859,-41.477,4.106,-11.604,-35.539,0.074,-0.225,-0.759,28.94,7.07498
2.804,5.012,-13.956,-41.774,4.118,-11.642,-35.665,0.074,-0.225,-0.759,28.96,7.07501
2.813,5.046,-14.053,-42.072,4.131,-11.679,-35.792,0.073,-0.224,-0.759,28.97,7.07504
2.821,5.081,-14.151,-42.372,4.143,-11.717,-35.918,0.073,-0.224,-0.759,28.99,7.07506
2.829,5.115,-14.249,-42.672,4.155,-11.754,-36.045,0.073,-0.224,-0.759,29.00,7.07509
2.838,5.150,-14.347,-42.974,4.167,-11.791,-36.171,0.073,-0.223,-0.759,29.01,7.07512
2.846,5.185,-14.445,-43.276,4.179,-11.828,-36.298,0.073,-0.223,-0.758,29.03,7.07515
2.854,5.220,-14.544,-43.580,4.191,-11.866,-36.424,0.073,-0.223,-0.758,29.04,7.07518
2.863,5.255,-14.644,-43.885,4.204,-11.903,-36.551,0.072,-0.223,-0.758,29.06,7.07521
2.871,5.290,-14.743,-44.190,4.216,-11.940,-36.677,0.072,-0.222,-0.758,29.07,7.07524
2.879,5.325,-14.843,-44.497,4.228,-11.977,-36.803,0.072,-0.222,-0.758,29.09,7.07526
2.888,5.361,-14.943,-44.805,4.240,-12.014,-36.930,0.072,-0.222,-0.758,29.10,7.07529
2.896,5.396,-15.043,-45.113,4.252,-12.051,-37.056,0.072,-0.221,-0.758,29.12,7.07532
2.904,5.431,-15.144,-45.423,4.264,-12.088,-37.182,0.072,-0.221,-0.757,29.13,7.07535
2.913,5.467,-15.245,-45.734,4.276,-12.125,-37.308,0.071,-0.221,-0.757,29.15,7.07538
2.921,5.503,-15.347,-46.046,4.288,-12.161,-37.435,0.071,-0.221,-0.757,29.16,7.07541
2.929,5.539,-15.448,-46.359,4.299,-12.198,-37.561,0.071,-0.220,-0.757,29.18,7.07544
2.938,5.575,-15.550,-46.673,4.311,-12.235,-37.687,0.071,-0.220,-0.757,29.19,7.07547
2.946,5.611,-15.652,-46.988,4.323,-12.272,-37.813,0.071,-0.220,-0.757,29.21,7.07550
2.954,5.647,-15.755,-47.305,4.335,-12.308,-37.939,0.071,-0.219,-0.756,29.22,7.07553
2.963,5.683,-15.858,-47.622,4.347,-12.345,-38.065,0.070,-0.219,-0.756,29.24,7.07556
2.971,5.719,-15.961,-47.940,4.358,-12.381,-38.191,0.070,-0.219,-0.756,29.25,7.07559
2.979,5.756,-16.065,-48.259,4.370,-12.418,-38.317,0.070,-0.218,-0.756,29.27,7.07562
2.988,5.792,-16.168,-48.580,4.382,-12.454,-38.443,0.070,-0.218,-0.756,29.29,7.07565
2.996,5.829,-16.272,-48.901,4.393,-12.490,-38.569,0.070,-0.218,-0.756,29.30,7.07568
3.004,5.866,-16.377,-49.224,4.405,-12.527,-38.695,0.070,-0.218,-0.756,29.32,7.07571
3.013,5.902,-16.481,-49.547,4.417,-12.563,-38.821,0.069,-0.217,-0.755,29.33,7.07574
3.021,5.939,-16.586,-49.872,4.428,-12.599,-38.947,0.069,-0.217,-0.755,29.35,7.07577
3.029,5.976,-16.692,-50.197,4.440,-12.635,-39.073,0.069,-0.217,-0.755,29.36,7.07580
3.038,6.013,-16.797,-50.524,4.451,-12.671,-39.199,0.069,-0.216,-0.755,29.38,7.07583
3.046,6.051,-16.903,-50.852,4.463,-12.708,-39.325,0.069,-0.216,-0.755,29.40,7.07586
3.054,6.088,-17.009,-51.180,4.474,-12.744,-39.450,0.068,-0.216,-0.755,29.41,7.07589
3.063,6.125,-17.116,-51.510,4.486,-12.780,-39.576,0.068,-0.215,-0.754,29.43,7.07592
3.071,6.163,-17.223,-51.841,4.497,-12.815,-39.702,0.068,-0.215,-0.754,29.44,7.07595
3.079,6.200,-17.330,-52.173,4.508,-12.851,-39.828,0.068,-0.215,-0.754,29.46,7.07598
3.088,6.238,-17.437,-52.506,4.520,-12.887,-39.953,0.068,-0.215,-0.754,29.48,7.07601
3.096,6.276,-17.545,-52.840,4.531,-12.923,-40.079,0.068,-0.214,-0.754,29.49,7.07605
3.104,6.314,-17.653,-53.175,4.542,-12.959,-40.205,0.067,-0.214,-0.754,29.51,7.07608
3.113,6.351,-17.761,-53.511,4.553,-12.994,-40.330,0.067,-0.214,-0.753,29.52,7.07611
3.121,6.390,-17.870,-53.848,4.565,-13.030,-40.456,0.067,-0.213,-0.753,29.54,7.07614
3.129,6.428,-17.979,-54.187,4.576,-13.065,-40.581,0.067,-0.213,-0.753,29.56,7.07617
3.138,6.466,-18.088,-54.526,4.587,-13.101,-40.707,0.067,-0.213,-0.753,29.57,7.07620
3.146,6.504,-18.197,-54.866,4.598,-13.136,-40.832,0.066,-0.212,-0.753,29.59,7.07623
3.154,6.543,-18.307,-55.207,4.609,-13.172,-40.958,0.066,-0.212,-0.753,29.61,7.07627
3.163,6.581,-18.417,-55.550,4.620,-13.207,-41.083,0.066,-0.212,-0.752,29.62,7.07630
3.171,6.620,-18.528,-55.893,4.631,-13.242,-41.209,0.066,-0.211,-0.752,29.64,7.07633
3.179,6.658,-18.638,-56.238,4.642,-13.278,-41.334,0.066,-0.211,-0.752,29.66,7.07636
3.188,6.697,-18.749,-56.583,4.653,-13.313,-41.459,0.066,-0.211,-0.752,29.67,7.07640
3.196,6.736,-18.860,-56.930,4.664,-13.348,-41.585,0.065,-0.210,-0.752,29.69,7.07643
3.204,6.775,-18.972,-57.277,4.675,-13.383,-41.710,0.065,-0.210,-0.752,29.71,7.07646
3.213,6.814,-19.084,-57.626,4.686,-13.418,-41.835,0.065,-0.210,-0.751,29.72,7.07649
3.221,6.853,-19.196,-57.976,4.697,-13.453,-41.960,0.065,-0.210,-0.751,29.74,7.07653
3.229,6.892,-19.308,-58.326,4.707,-13.488,-42.086,0.065,-0.209,-0.751,29.76,7.07656
3.238,6.932,-19.421,-58.678,4.718,-13.523,-42.211,0.064,-0.209,-0.751,29.77,7.07659
3.246,6.971,-19.534,-59.031,4.729,-13.558,-42.336,0.064,-0.209,-0.751,29.79,7.07662
3.254,7.011,-19.647,-59.385,4.740,-13.592,-42.461,0.064,-0.208,-0.750,29.81,7.07666
3.263,7.050,-19.761,-59.740,4.750,-13.627,-42.586,0.064,-0.208,-0.750,29.82,7.07669
3.271,7.090,-19.875,-60.096,4.761,-13.662,-42.711,0.064,-0.208,-0.750,29.84,7.07672
3.279,7.130,-19.989,-60.453,4.771,-13.696,-42.836,0.063,-0.207,-0.750,29.86,7.07676
3.288,7.169,-20.103,-60.811,4.782,-13.731,-42.961,0.063,-0.207,-0.750,29.88,7.07679
3.296,7.209,-20.218,-61.170,4.793,-13.765,-43.086,0.063,-0.207,-0.750,29.89,7.07682
3.304,7.249,-20.333,-61.530,4.803,-13.800,-43.211,0.063,-0.206,-0.749,29.91,7.07686
3.313,7.290,-20.448,-61.891,4.813,-13.834,-43.336,0.063,-0.206,-0.749,29.93,7.07689
3.321,7.330,-20.564,-62.253,4.824,-13.868,-43.461,0.062,-0.206,-0.749,29.95,7.07692
3.329,7.370,-20.680,-62.616,4.834,-13.903,-43.586,0.062,-0.205,-0.749,29.96,7.07696
3.338,7.410,-20.796,-62.981,4.845,-13.937,-43.710,0.062,-0.205,-0.749,29.98,7.07699
3.346,7.451,-20.912,-63.346,4.855,-13.971,-43.835,0.062,-0.205,-0.748,30.00,7.07703
3.354,7.491,-21.029,-63.712,4.865,-14.005,-43.960,0.062,-0.204,-0.748,30.02,7.07706
3.363,7.532,-21.146,-64.080,4.876,-14.039,-44.085,0.061,-0.204,-0.748,30.03,7.07710
3.371,7.573,-21.263,-64.448,4.886,-14.073,-44.209,0.061,-0.204,-0.748,30.05,7.07713
3.379,7.614,-21.381,-64.817,4.896,-14.107,-44.334,0.061,-0.203,-0.748,30.07,7.07716
3.388,7.654,-21.499,-65.188,4.906,-14.141,-44.458,0.061,-0.203,-0.747,30.09,7.07720
3.396,7.695,-21.617,-65.559,4.916,-14.175,-44.583,0.061,-0.203,-0.747,30.11,7.07723
3.404,7.736,-21.735,-65.932,4.927,-14.209,-44.708,0.060,-0.202,-0.747,30.12,7.07727
3.413,7.778,-21.854,-66.306,4.937,-14.242,-44.832,0.060,-0.202,-0.747,30.14,7.07730
3.421,7.819,-21.973,-66.680,4.947,-14.276,-44.957,0.060,-0.202,-0.747,30.16,7.07734
3.429,7.860,-22.092,-67.056,4.957,-14.310,-45.081,0.060,-0.201,-0.746,30.18,7.07737
3.438,7.902,-22.212,-67.433,4.967,-14.343,-45.205,0.060,-0.201,-0.746,30.20,7.07741
3.446,7.943,-22.331,-67.810,4.977,-14.377,-45.330,0.059,-0.201,-0.746,30.21,7.07744
3.454,7.985,-22.451,-68.189,4.986,-14.410,-45.454,0.059,-0.200,-0.746,30.23,7.07748
3.463,8.026,-22.572,-68.569,4.996,-14.443,-45.578,0.059,-0.200,-0.746,30.25,7.07751
3.471,8.068,-22.692,-68.950,5.006,-14.477,-45.703,0.059,-0.200,-0.745,30.27,7.07755
3.479,8.110,-22.813,-69.332,5.016,-14.510,-45.827,0.059,-0.199,-0.745,30.29,7.07758
3.488,8.152,-22.935,-69.715,5.026,-14.543,-45.951,0.058,-0.199,-0.745,30.31,7.07762
3.496,8.194,-23.056,-70.099,5.036,-14.576,-46.075,0.058,-0.199,-0.745,30.33,7.07766
3.504,8.236,-23.178,-70.484,5.045,-14.610,-46.199,0.058,-0.198,-0.745,30.34,7.07769
3.513,8.278,-23.300,-70.870,5.055,-14.643,-46.324,0.058,-0.198,-0.744,30.36,7.07773
3.521,8.320,-23.422,-71.257,5.065,-14.676,-46.448,0.058,-0.198,-0.744,30.38,7.07776
3.529,8.362,-23.545,-71.645,5.074,-14.708,-46.572,0.057,-0.197,-0.744,30.40,7.07780
3.538,8.405,-23.668,-72.034,5.084,-14.741,-46.696,0.057,-0.197,-0.744,30.42,7.07784
3.546,8.447,-23.791,-72.424,5.093,-14.774,-46.820,0.057,-0.196,-0.744,30.44,7.07787
3.554,8.490,-23.914,-72.815,5.103,-14.807,-46.944,0.057,-0.196,-0.743,30.46,7.07791
3.563,8.532,-24.038,-73.208,5.112,-14.840,-47.067,0.057,-0.196,-0.743,30.48,7.07795
3.571,8.575,-24.162,-73.601,5.122,-14.872,-47.191,0.056,-0.195,-0.743,30.49,7.07798
3.579,8.618,-24.286,-73.995,5.131,-14.905,-47.315,0.056,-0.195,-0.743,30.51,7.07802
3.588,8.660,-24.410,-74.391,5.140,-14.937,-47.439,0.056,-0.195,-0.742,30.53,7.07805
3.596,8.703,-24.535,-74.787,5.150,-14.970,-47.563,0.056,-0.194,-0.742,30.55,7.07809
3.604,8.746,-24.660,-75.184,5.159,-15.002,-47.686,0.056,-0.194,-0.742,30.57,7.07813
3.613,8.789,-24.785,-75.583,5.168,-15.034,-47.810,0.055,-0.194,-0.742,30.59,7.07817
3.621,8.833,-24.911,-75.983,5.178,-15.067,-47.934,0.055,-0.193,-0.742,30.61,7.07820
3.629,8.876,-25.037,-76.384,5.187,-15.099,-48.058,0.055,-0.193,-0.741,30.63,7.07824
3.638,8.919,-25.163,-76.785,5.196,-15.131,-48.181,0.055,-0.193,-0.741,30.65,7.07828
3.646,8.963,-25.290,-77.188,5.205,-15.163,-48.305,0.054,-0.192,-0.741,30.67,7.07832
3.654,9.006,-25.416,-77.591,5.214,-15.195,-48.428,0.054,-0.192,-0.741,30.69,7.07835
3.663,9.050,-25.543,-77.996,5.223,-15.227,-48.552,0.054,-0.192,-0.741,30.71,7.07839
3.671,9.093,-25.670,-78.402,5.232,-15.259,-48.675,0.054,-0.191,-0.740,30.73,7.07843
3.679,9.137,-25.798,-78.808,5.241,-15.291,-48.798,0.054,-0.191,-0.740,30.75,7.07847
3.688,9.181,-25.925,-79.216,5.250,-15.323,-48.922,0.053,-0.190,-0.740,30.77,7.07850
3.696,9.224,-26.053,-79.625,5.259,-15.355,-49.045,0.053,-0.190,-0.740,30.79,7.07854
3.704,9.268,-26.182,-80.034,5.268,-15.386,-49.168,0.053,-0.190,-0.739,30.81,7.07858
3.713,9.312,-26.310,-80.445,5.277,-15.418,-49.292,0.053,-0.189,-0.739,30.83,7.07862
3.721,9.356,-26.439,-80.857,5.285,-15.450,-49.415,0.053,-0.189,-0.739,30.85,7.07866
3.729,9.400,-26.568,-81.270,5.294,-15.481,-49.538,0.052,-0.189,-0.739,30.87,7.07869
3.738,9.445,-26.697,-81.684,5.303,-15.512,-49.661,0.052,-0.188,-0.738,30.89,7.07873
3.746,9.489,-26.827,-82.098,5.312,-15.544,-49.784,0.052,-0.188,-0.738,30.91,7.07877
3.754,9.533,-26.956,-82.514,5.320,-15.575,-49.907,0.052,-0.188,-0.738,30.93,7.07881
3.763,9.578,-27.086,-82.931,5.329,-15.606,-50.030,0.052,-0.190,-0.748,30.95,7.07885
3.771,9.622,-27.217,-83.349,5.337,-15.638,-50.155,0.051,-0.187,-0.737,30.97,7.07889
3.779,9.667,-27.347,-83.768,5.346,-15.669,-50.278,0.052,-0.189,-0.748,30.99,7.07893
3.788,9.711,-27.478,-84.188,5.355,-15.701,-50.402,0.051,-0.186,-0.737,31.01,7.07897
3.796,9.756,-27.609,-84.609,5.363,-15.732,-50.525,0.051,-0.186,-0.737,31.03,7.07900
3.804,9.801,-27.741,-85.031,5.372,-15.763,-50.648,0.050,-0.185,-0.737,31.05,7.07904
3.813,9.846,-27.872,-85.454,5.380,-15.794,-50.771,0.050,-0.185,-0.736,31.07,7.07908
3.821,9.890,-28.004,-85.879,5.388,-15.824,-50.894,0.050,-0.185,-0.736,31.09,7.07912
3.829,9.935,-28.136,-86.304,5.397,-15.855,-51.016,0.050,-0.184,-0.736,31.11,7.07916
3.838,9.981,-28.269,-86.730,5.405,-15.886,-51.139,0.050,-0.186,-0.746,31.13,7.07920
3.846,10.026,-28.401,-87.157,5.413,-15.917,-51.263,0.050,-0.186,-0.746,31.15,7.07924
3.854,10.071,-28.534,-87.585,5.422,-15.948,-51.388,0.049,-0.183,-0.735,31.17,7.07928
3.863,10.116,-28.667,-88.015,5.430,-15.979,-51.510,0.049,-0.183,-0.735,31.19,7.07932
3.871,10.161,-28.801,-88.445,5.438,-16.009,-51.632,0.049,-0.185,-0.745,31.22,7.07936
3.879,10.207,-28.934,-88.876,5.446,-16.040,-51.757,0.049,-0.185,-0.745,31.24,7.07940
3.888,10.252,-29.068,-89.309,5.454,-16.071,-51.881,0.049,-0.184,-0.745,31.26,7.07944
3.896,10.298,-29.203,-89.742,5.462,-16.101,-52.005,0.049,-0.184,-0.744,31.28,7.07948
3.904,10.343,-29.337,-90.176,5.470,-16.132,-52.129,0.048,-0.183,-0.744,31.30,7.07952
3.913,10.389,-29.472,-90.612,5.479,-16.163,-52.253,0.047,-0.181,-0.733,31.32,7.07956
3.921,10.435,-29.607,-91.048,5.486,-16.193,-52.375,0.048,-0.183,-0.743,31.34,7.07960
3.929,10.480,-29.742,-91.486,5.494,-16.223,-52.499,0.047,-0.180,-0.733,31.36,7.07964
3.938,10.526,-29.877,-91.924,5.502,-16.253,-52.621,0.047,-0.182,-0.743,31.38,7.07968
3.946,10.572,-30.013,-92.364,5.510,-16.283,-52.745,0.047,-0.182,-0.743,31.41,7.07972
3.954,10.618,-30.149,-92.804,5.518,-16.314,-52.869,0.047,-0.181,-0.742,31.43,7.07976
3.963,10.664,-30.285,-93.246,5.526,-16.344,-52.993,0.047,-0.181,-0.742,31.45,7.07980
3.971,10.710,-30.422,-93.689,5.534,-16.374,-53.116,0.046,-0.180,-0.742,31.47,7.07985
3.979,10.757,-30.558,-94.132,5.541,-16.404,-53.240,0.046,-0.180,-0.742,31.49,7.07989
3.988,10.803,-30.695,-94.577,5.549,-16.434,-53.364,0.046,-0.180,-0.741,31.51,7.07993
3.996,10.849,-30.832,-95.023,5.557,-16.464,-53.487,0.046,-0.182,-0.752,31.53,7.07997
4.004,10.895,-30.970,-95.470,5.564,-16.494,-53.612,0.046,-0.181,-0.751,31.56,7.08001
4.013,10.942,-31.108,-95.917,5.572,-16.524,-53.738,0.045,-0.178,-0.741,31.58,7.08005
4.021,10.988,-31.245,-96.366,5.580,-16.554,-53.861,0.046,-0.181,-0.751,31.60,7.08009
4.029,11.035,-31.384,-96.816,5.587,-16.584,-53.986,0.045,-0.178,-0.740,31.62,7.08013
4.038,11.082,-31.522,-97.267,5.595,-16.614,-54.109,0.045,-0.177,-0.740,31.64,7.08018
4.046,11.128,-31.661,-97.719,5.602,-16.644,-54.233,0.045,-0.179,-0.750,31.67,7.08022
4.054,11.175,-31.800,-98.172,5.610,-16.673,-54.358,0.045,-0.179,-0.750,31.69,7.08026
4.063,11.222,-31.939,-98.626,5.617,-16.703,-54.483,0.045,-0.179,-0.749,31.71,7.08030
4.071,11.269,-32.078,-99.081,5.625,-16.733,-54.608,0.044,-0.178,-0.749,31.73,7.08034
4.079,11.316,-32.218,-99.537,5.632,-16.763,-54.732,0.043,-0.175,-0.738,31.75,7.08039
4.088,11.363,-32.358,-99.994,5.639,-16.792,-54.855,0.044,-0.177,-0.748,31.78,7.08043
4.096,11.410,-32.498,-100.452,5.647,-16.821,-54.980,0.044,-0.177,-0.748,31.80,7.08047
4.104,11.457,-32.639,-100.912,5.654,-16.851,-55.105,0.043,-0.177,-0.748,31.82,7.08051
4.113,11.504,-32.779,-101.372,5.661,-16.880,-55.230,0.043,-0.176,-0.748,31.84,7.08056
4.121,11.551,-32.920,-101.833,5.668,-16.910,-55.354,0.043,-0.176,-0.747,31.87,7.08060
4.129,11.599,-33.061,-102.296,5.675,-16.939,-55.479,0.043,-0.175,-0.747,31.89,7.08064
4.138,11.646,-33.203,-102.759,5.682,-16.968,-55.603,0.042,-0.175,-0.747,31.91,7.08068
4.146,11.693,-33.344,-103.223,5.690,-16.997,-55.728,0.042,-0.175,-0.746,31.93,7.08073
4.155,11.741,-33.486,-103.689,5.697,-17.027,-55.852,0.042,-0.174,-0.746,31.96,7.08077
4.163,11.788,-33.629,-104.155,5.704,-17.056,-55.976,0.042,-0.174,-0.746,31.98,7.08081
4.171,11.836,-33.771,-104.623,5.711,-17.085,-56.101,0.041,-0.173,-0.746,32.00,7.08086
4.180,11.884,-33.914,-105.092,5.717,-17.113,-56.225,0.041,-0.173,-0.745,32.02,7.08090
4.188,11.931,-34.056,-105.561,5.724,-17.142,-56.349,0.041,-0.173,-0.745,32.05,7.08094
4.196,11.979,-34.199,-106.032,5.731,-17.171,-56.473,0.041,-0.172,-0.745,32.07,7.08099
4.205,12.027,-34.343,-106.503,5.738,-17.200,-56.598,0.040,-0.172,-0.744,32.09,7.08103
4.213,12.075,-34.486,-106.976,5.745,-17.228,-56.722,0.040,-0.171,-0.744,32.12,7.08107
4.221,12.123,-34.630,-107.450,5.751,-17.257,-56.846,0.040,-0.171,-0.744,32.14,7.08112
4.230,12.171,-34.774,-107.925,5.758,-17.285,-56.970,0.040,-0.171,-0.743,32.16,7.08116
4.238,12.219,-34.919,-108.400,5.765,-17.314,-57.093,0.039,-0.170,-0.743,32.18,7.08120
4.246,12.267,-35.063,-108.877,5.771,-17.342,-57.217,0.039,-0.170,-0.743,32.21,7.08125
4.255,12.315,-35.208,-109.355,5.778,-17.371,-57.341,0.039,-0.169,-0.743,32.23,7.08129
4.263,12.363,-35.353,-109.834,5.784,-17.399,-57.465,0.039,-0.169,-0.742,32.25,7.08134
4.271,12.411,-35.498,-110.314,5.791,-17.427,-57.589,0.038,-0.169,-0.742,32.28,7.08138
4.280,12.460,-35.644,-110.795,5.797,-17.455,-57.712,0.038,-0.168,-0.742,32.30,7.08142
4.288,12.508,-35.789,-111.277,5.803,-17.483,-57.836,0.038,-0.168,-0.741,32.32,7.08147
4.296,12.556,-35.935,-111.760,5.810,-17.511,-57.960,0.038,-0.167,-0.741,32.35,7.08151
4.305,12.605,-36.081,-112.244,5.816,-17.539,-58.083,0.037,-0.167,-0.741,32.37,7.08156
4.313,12.653,-36.228,-112.729,5.822,-17.567,-58.206,0.037,-0.166,-0.740,32.39,7.08160
4.321,12.702,-36.374,-113.215,5.828,-17.594,-58.330,0.037,-0.166,-0.740,32.42,7.08165
4.330,12.751,-36.521,-113.702,5.835,-17.622,-58.453,0.037,-0.166,-0.740,32.44,7.08169
4.338,12.799,-36.668,-114.190,5.841,-17.650,-58.577,0.036,-0.165,-0.739,32.46,7.08174
4.346,12.848,-36.816,-114.679,5.847,-17.677,-58.700,0.036,-0.165,-0.739,32.49,7.08178
4.355,12.897,-36.963,-115.170,5.853,-17.705,-58.823,0.036,-0.164,-0.739,32.51,7.08183
4.363,12.946,-37.111,-115.661,5.859,-17.732,-58.946,0.036,-0.164,-0.739,32.54,7.08187
4.371,12.994,-37.259,-116.153,5.865,-17.759,-59.069,0.035,-0.164,-0.738,32.56,7.08192
4.380,13.043,-37.407,-116.646,5.871,-17.787,-59.192,0.035,-0.163,-0.738,32.58,7.08196
4.388,13.092,-37.556,-117.141,5.876,-17.814,-59.315,0.035,-0.163,-0.738,32.61,7.08201
4.396,13.141,-37.704,-117.636,5.882,-17.841,-59.438,0.035,-0.162,-0.737,32.63,7.08205
4.405,13.190,-37.853,-118.132,5.888,-17.868,-59.561,0.034,-0.162,-0.737,32.66,7.08210
4.413,13.240,-38.002,-118.630,5.894,-17.895,-59.684,0.034,-0.161,-0.737,32.68,7.08215
4.421,13.289,-38.152,-119.128,5.899,-17.922,-59.807,0.034,-0.161,-0.736,32.70,7.08219
4.430,13.338,-38.301,-119.628,5.905,-17.949,-59.929,0.034,-0.161,-0.736,32.73,7.08224
4.438,13.387,-38.451,-120.128,5.911,-17.976,-60.052,0.033,-0.160,-0.736,32.75,7.08228
4.446,13.437,-38.601,-120.629,5.916,-18.002,-60.175,0.033,-0.158,-0.725,32.78,7.08233
4.455,13.486,-38.751,-121.132,5.922,-18.028,-60.295,0.033,-0.159,-0.735,32.80,7.08238
4.463,13.535,-38.902,-121.635,5.927,-18.055,-60.418,0.033,-0.159,-0.735,32.83,7.08242
4.471,13.585,-39.052,-122.140,5.933,-18.082,-60.540,0.032,-0.159,-0.734,32.85,7.08247
4.480,13.634,-39.203,-122.645,5.938,-18.108,-60.663,0.032,-0.158,-0.734,32.87,7.08251
4.488,13.684,-39.354,-123.152,5.943,-18.134,-60.785,0.031,-0.156,-0.724,32.90,7.08256
4.496,13.733,-39.506,-123.660,5.949,-18.160,-60.906,0.031,-0.155,-0.723,32.92,7.08261
4.505,13.783,-39.657,-124.168,5.954,-18.186,-61.026,0.031,-0.155,-0.723,32.95,7.08265
4.513,13.833,-39.809,-124.678,5.959,-18.212,-61.147,0.030,-0.152,-0.713,32.97,7.08270
4.521,13.882,-39.961,-125.188,5.964,-18.237,-61.265,0.030,-0.152,-0.712,33.00,7.08275
4.530,13.932,-40.113,-125.700,5.969,-18.263,-61.384,0.030,-0.151,-0.712,33.02,7.08280
4.538,13.982,-40.266,-126.212,5.974,-18.288,-61.503,0.029,-0.149,-0.702,33.05,7.08284
4.546,14.032,-40.418,-126.726,5.979,-18.313,-61.620,0.029,-0.151,-0.711,33.07,7.08289
4.555,14.081,-40.571,-127.240,5.984,-18.338,-61.738,0.029,-0.148,-0.701,33.10,7.08294
4.563,14.131,-40.724,-127.756,5.988,-18.362,-61.855,0.028,-0.148,-0.701,33.12,7.08298
4.571,14.181,-40.877,-128.272,5.993,-18.387,-61.972,0.028,-0.147,-0.700,33.15,7.08303
4.580,14.231,-41.031,-128.790,5.998,-18.411,-62.089,0.028,-0.147,-0.700,33.17,7.08308
4.588,14.281,-41.184,-129.308,6.002,-18.436,-62.205,0.028,-0.146,-0.700,33.20,7.08313
4.596,14.331,-41.338,-129.827,6.007,-18.460,-62.322,0.027,-0.146,-0.699,33.22,7.08317
4.605,14.382,-41.492,-130.348,6.012,-18.485,-62.438,0.027,-0.146,-0.699,33.25,7.08322
4.613,14.432,-41.647,-130.869,6.016,-18.509,-62.555,0.027,-0.145,-0.699,33.27,7.08327
4.621,14.482,-41.801,-131.391,6.021,-18.533,-62.671,0.027,-0.145,-0.698,33.30,7.08332
4.630,14.532,-41.956,-131.915,6.025,-18.557,-62.788,0.026,-0.144,-0.698,33.32,7.08337
4.638,14.582,-42.110,-132.439,6.029,-18.581,-62.904,0.026,-0.144,-0.698,33.35,7.08341
4.646,14.633,-42.266,-132.964,6.034,-18.605,-63.020,0.026,-0.143,-0.697,33.37,7.08346
4.655,14.683,-42.421,-133.490,6.038,-18.629,-63.136,0.026,-0.143,-0.697,33.40,7.08351
4.663,14.733,-42.576,-134.017,6.042,-18.653,-63.253,0.025,-0.143,-0.696,33.42,7.08356
4.671,14.784,-42.732,-134.545,6.047,-18.677,-63.369,0.025,-0.142,-0.696,33.45,7.08361
4.680,14.834,-42.888,-135.074,6.051,-18.701,-63.485,0.025,-0.142,-0.696,33.48,7.08365
4.688,14.884,-43.044,-135.604,6.055,-18.724,-63.601,0.025,-0.141,-0.695,33.50,7.08370
4.696,14.935,-43.200,-136.135,6.059,-18.748,-63.717,0.024,-0.141,-0.695,33.53,7.08375
4.705,14.986,-43.356,-136.667,6.063,-18.771,-63.832,0.024,-0.141,-0.695,33.55,7.08380
4.713,15.036,-43.513,-137.200,6.067,-18.795,-63.948,0.024,-0.140,-0.694,33.58,7.08385
4.721,15.087,-43.670,-137.734,6.071,-18.818,-64.064,0.024,-0.140,-0.694,33.60,7.08390
4.730,15.137,-43.827,-138.269,6.075,-18.841,-64.180,0.023,-0.139,-0.694,33.63,7.08395
4.738,15.188,-43.984,-138.805,6.079,-18.865,-64.295,0.023,-0.139,-0.693,33.66,7.08400
4.746,15.239,-44.141,-139.341,6.083,-18.888,-64.411,0.023,-0.139,-0.693,33.68,7.08405
4.755,15.289,-44.299,-139.879,6.086,-18.911,-64.526,0.023,-0.138,-0.693,33.71,7.08409
4.763,15.340,-44.457,-140.418,6.090,-18.934,-64.642,0.022,-0.138,-0.692,33.73,7.08414
4.771,15.391,-44.615,-140.958,6.094,-18.957,-64.757,0.022,-0.137,-0.692,33.76,7.08419
4.780,15.442,-44.773,-141.498,6.098,-18.980,-64.872,0.022,-0.137,-0.692,33.79,7.08424
4.788,15.493,-44.931,-142.040,6.101,-19.003,-64.988,0.022,-0.136,-0.691,33.81,7.08429
4.796,15.543,-45.090,-142.582,6.105,-19.025,-65.103,0.021,-0.136,-0.691,33.84,7.08434
4.805,15.594,-45.249,-143.126,6.108,-19.048,-65.218,0.021,-0.136,-0.690,33.87,7.08439
4.813,15.645,-45.408,-143.670,6.112,-19.071,-65.333,0.021,-0.135,-0.690,33.89,7.08444
4.821,15.696,-45.567,-144.216,6.115,-19.093,-65.448,0.020,-0.135,-0.690,33.92,7.08449
4.830,15.747,-45.726,-144.762,6.119,-19.116,-65.563,0.020,-0.134,-0.689,33.94,7.08454
4.838,15.798,-45.885,-145.310,6.122,-19.138,-65.678,0.020,-0.134,-0.689,33.97,7.08459
4.846,15.849,-46.045,-145.858,6.125,-19.160,-65.793,0.020,-0.134,-0.689,34.00,7.08464
4.855,15.900,-46.205,-146.407,6.129,-19.183,-65.908,0.019,-0.133,-0.688,34.02,7.08469
4.863,15.951,-46.365,-146.957,6.132,-19.205,-66.022,0.019,-0.133,-0.688,34.05,7.08474
4.871,16.003,-46.525,-147.508,6.135,-19.227,-66.137,0.019,-0.132,-0.687,34.08,7.08479
4.880,16.054,-46.686,-148.061,6.138,-19.249,-66.252,0.019,-0.132,-0.687,34.10,7.08484
4.888,16.105,-46.846,-148.614,6.141,-19.271,-66.366,0.018,-0.131,-0.687,34.13,7.08489
4.896,16.156,-47.007,-149.168,6.144,-19.293,-66.481,0.018,-0.131,-0.686,34.16,7.08494
4.905,16.207,-47.168,-149.723,6.147,-19.315,-66.595,0.018,-0.129,-0.676,34.18,7.08499
4.913,16.259,-47.329,-150.278,6.150,-19.336,-66.708,0.017,-0.128,-0.676,34.21,7.08504
4.921,16.310,-47.490,-150.835,6.153,-19.358,-66.820,0.017,-0.128,-0.675,34.24,7.08510
4.930,16.361,-47.652,-151.393,6.156,-19.379,-66.933,0.017,-0.128,-0.675,34.27,7.08515
4.938,16.413,-47.814,-151.952,6.159,-19.400,-67.045,0.017,-0.127,-0.675,34.29,7.08520
4.946,16.464,-47.976,-152.511,6.162,-19.421,-67.158,0.016,-0.127,-0.674,34.32,7.08525
4.955,16.515,-48.138,-153.072,6.164,-19.442,-67.270,0.016,-0.126,-0.674,34.35,7.08530
4.963,16.567,-48.300,-153.634,6.167,-19.464,-67.383,0.016,-0.126,-0.674,34.37,7.08535
4.971,16.618,-48.462,-154.196,6.170,-19.485,-67.495,0.016,-0.126,-0.673,34.40,7.08540
4.980,16.669,-48.625,-154.759,6.172,-19.505,-67.607,0.015,-0.125,-0.673,34.43,7.08545
4.988,16.721,-48.787,-155.324,6.175,-19.526,-67.719,0.015,-0.125,-0.672,34.46,7.08551
4.996,16.772,-48.950,-155.889,6.177,-19.547,-67.831,0.015,-0.124,-0.672,34.48,7.08556
5.005,16.824,-49.113,-156.455,6.180,-19.568,-67.943,0.015,-0.124,-0.672,34.51,7.08561
5.013,16.875,-49.277,-157.022,6.182,-19.588,-68.055,0.014,-0.123,-0.671,34.54,7.08566
5.021,16.927,-49.440,-157.591,6.185,-19.609,-68.167,0.014,-0.123,-0.671,34.57,7.08571
5.030,16.979,-49.604,-158.160,6.187,-19.629,-68.279,0.014,-0.124,-0.680,34.59,7.08576
5.038,17.030,-49.767,-158.729,6.189,-19.650,-68.392,0.014,-0.122,-0.670,34.62,7.08581
5.046,17.082,-49.931,-159.300,6.192,-19.671,-68.504,0.013,-0.122,-0.670,34.65,7.08587
5.055,17.133,-50.095,-159.872,6.194,-19.691,-68.616,0.013,-0.121,-0.669,34.68,7.08592
5.063,17.185,-50.260,-160.445,6.196,-19.711,-68.727,0.013,-0.123,-0.679,34.70,7.08597
5.071,17.237,-50.424,-161.019,6.198,-19.732,-68.840,0.013,-0.124,-0.688,34.73,7.08602
5.080,17.288,-50.589,-161.593,6.200,-19.752,-68.955,0.013,-0.124,-0.688,34.76,7.08608
5.088,17.340,-50.753,-162.169,6.203,-19.773,-69.070,0.012,-0.123,-0.687,34.79,7.08613
5.096,17.392,-50.918,-162.745,6.205,-19.793,-69.184,0.012,-0.121,-0.677,34.81,7.08618
5.105,17.443,-51.083,-163.323,6.207,-19.814,-69.297,0.012,-0.121,-0.677,34.84,7.08623
5.113,17.495,-51.249,-163.901,6.209,-19.834,-69.410,0.011,-0.120,-0.676,34.87,7.08629
5.121,17.547,-51.414,-164.481,6.210,-19.854,-69.523,0.011,-0.122,-0.686,34.90,7.08634
5.130,17.599,-51.580,-165.061,6.212,-19.874,-69.637,0.011,-0.119,-0.676,34.93,7.08639
5.138,17.650,-51.746,-165.642,6.214,-19.894,-69.750,0.011,-0.121,-0.685,34.95,7.08644
5.146,17.702,-51.912,-166.224,6.216,-19.914,-69.864,0.011,-0.120,-0.685,34.98,7.08650
5.155,17.754,-52.078,-166.808,6.218,-19.934,-69.978,0.010,-0.118,-0.674,35.01,7.08655
5.163,17.806,-52.244,-167.392,6.219,-19.954,-70.090,0.010,-0.119,-0.684,35.04,7.08660
5.171,17.858,-52.410,-167.977,6.221,-19.974,-70.204,0.010,-0.119,-0.683,35.07,7.08666
5.180,17.910,-52.577,-168.563,6.223,-19.993,-70.318,0.009,-0.119,-0.683,35.10,7.08671
5.188,17.961,-52.744,-169.150,6.224,-20.013,-70.432,0.009,-0.118,-0.682,35.12,7.08676
5.196,18.013,-52.911,-169.738,6.226,-20.033,-70.546,0.009,-0.118,-0.682,35.15,7.08682
5.205,18.065,-53.078,-170.327,6.227,-20.052,-70.659,0.009,-0.117,-0.682,35.18,7.08687
5.213,18.117,-53.245,-170.917,6.229,-20.072,-70.773,0.008,-0.117,-0.681,35.21,7.08692
5.221,18.169,-53.413,-171.508,6.230,-20.091,-70.886,0.008,-0.116,-0.681,35.24,7.08698
5.230,18.221,-53.580,-172.099,6.231,-20.111,-71.000,0.008,-0.116,-0.680,35.27,7.08703
5.238,18.273,-53.748,-172.692,6.233,-20.130,-71.113,0.008,-0.116,-0.680,35.29,7.08708
5.246,18.325,-53.916,-173.286,6.234,-20.149,-71.227,0.007,-0.115,-0.679,35.32,7.08714
5.255,18.377,-54.084,-173.880,6.235,-20.169,-71.340,0.007,-0.115,-0.679,35.35,7.08719
5.263,18.429,-54.252,-174.475,6.236,-20.188,-71.453,0.007,-0.114,-0.679,35.38,7.08725
5.271,18.481,-54.421,-175.072,6.237,-20.207,-71.566,0.007,-0.114,-0.678,35.41,7.08730
5.280,18.533,-54.589,-175.669,6.239,-20.226,-71.679,0.006,-0.113,-0.678,35.44,7.08736
5.288,18.585,-54.758,-176.267,6.240,-20.245,-71.792,0.006,-0.113,-0.677,35.47,7.08741
5.296,18.637,-54.927,-176.867,6.241,-20.263,-71.905,0.006,-0.113,-0.677,35.49,7.08746
5.305,18.689,-55.096,-177.467,6.242,-20.282,-72.018,0.005,-0.111,-0.667,35.52,7.08752
5.313,18.741,-55.265,-178.068,6.242,-20.301,-72.129,0.005,-0.110,-0.666,35.55,7.08757
5.321,18.793,-55.434,-178.670,6.243,-20.319,-72.240,0.005,-0.111,-0.676,35.58,7.08763
5.330,18.845,-55.604,-179.273,6.244,-20.337,-72.353,0.005,-0.109,-0.666,35.61,7.08768
5.338,18.897,-55.774,-179.877,6.245,-20.356,-72.463,0.004,-0.109,-0.665,35.64,7.08774
5.346,18.949,-55.943,-180.482,6.246,-20.374,-72.574,0.004,-0.108,-0.665,35.67,7.08779
5.355,19.001,-56.113,-181.087,6.246,-20.392,-72.685,0.004,-0.108,-0.664,35.70,7.08785
5.363,19.053,-56.283,-181.694,6.247,-20.410,-72.796,0.004,-0.108,-0.664,35.73,7.08790
5.371,19.105,-56.454,-182.301,6.247,-20.428,-72.906,0.003,-0.107,-0.663,35.76,7.08796
5.380,19.157,-56.624,-182.910,6.248,-20.446,-73.017,0.003,-0.107,-0.663,35.78,7.08801
5.388,19.209,-56.794,-183.519,6.249,-20.463,-73.128,0.003,-0.106,-0.663,35.81,7.08807
5.396,19.261,-56.965,-184.130,6.249,-20.481,-73.238,0.002,-0.106,-0.662,35.84,7.08812
5.405,19.314,-57.136,-184.741,6.249,-20.499,-73.348,0.002,-0.105,-0.662,35.87,7.08818
5.413,19.366,-57.307,-185.353,6.250,-20.516,-73.459,0.002,-0.105,-0.661,35.90,7.08823
5.421,19.418,-57.478,-185.966,6.250,-20.534,-73.569,0.002,-0.105,-0.661,35.93,7.08829
5.430,19.470,-57.649,-186.580,6.250,-20.551,-73.679,0.001,-0.104,-0.660,35.96,7.08834
5.438,19.522,-57.821,-187.195,6.251,-20.569,-73.789,0.001,-0.104,-0.660,35.99,7.08840
5.446,19.574,-57.992,-187.811,6.251,-20.586,-73.899,0.001,-0.103,-0.659,36.02,7.08845
5.455,19.626,-58.164,-188.428,6.251,-20.603,-74.009,0.001,-0.103,-0.659,36.05,7.08851
5.463,19.678,-58.336,-189.045,6.251,-20.620,-74.119,0.000,-0.102,-0.658,36.08,7.08857
5.471,19.730,-58.508,-189.664,6.251,-20.637,-74.228,0.000,-0.102,-0.658,36.11,7.08862
5.480,19.782,-58.680,-190.283,6.251,-20.654,-74.338,-0.000,-0.102,-0.658,36.14,7.08868
5.488,19.834,-58.852,-190.904,6.251,-20.671,-74.448,-0.000,-0.101,-0.657,36.17,7.08873
5.496,19.887,-59.025,-191.525,6.251,-20.688,-74.557,-0.001,-0.101,-0.657,36.20,7.08879
5.505,19.939,-59.197,-192.147,6.251,-20.705,-74.667,-0.001,-0.100,-0.656,36.23,7.08885
5.513,19.991,-59.370,-192.771,6.251,-20.722,-74.776,-0.001,-0.100,-0.656,36.26,7.08890
5.521,20.043,-59.543,-193.395,6.251,-20.738,-74.885,-0.001,-0.100,-0.655,36.29,7.08896
5.530,20.095,-59.716,-194.020,6.250,-20.755,-74.995,-0.002,-0.099,-0.655,36.31,7.08902
5.538,20.147,-59.889,-194.645,6.250,-20.772,-75.104,-0.002,-0.099,-0.654,36.34,7.08907
5.546,20.199,-60.062,-195.272,6.250,-20.788,-75.213,-0.002,-0.098,-0.654,36.37,7.08913
5.555,20.251,-60.235,-195.900,6.249,-20.804,-75.322,-0.003,-0.098,-0.653,36.40,7.08919
5.563,20.303,-60.409,-196.529,6.249,-20.821,-75.431,-0.003,-0.097,-0.653,36.43,7.08924
5.571,20.355,-60.582,-197.158,6.248,-20.837,-75.539,-0.003,-0.097,-0.653,36.46,7.08930
5.580,20.407,-60.756,-197.788,6.248,-20.853,-75.648,-0.003,-0.097,-0.652,36.49,7.08936
5.588,20.459,-60.930,-198.420,6.247,-20.869,-75.757,-0.004,-0.096,-0.652,36.52,7.08941
5.596,20.511,-61.104,-199.052,6.247,-20.885,-75.865,-0.004,-0.096,-0.651,36.55,7.08947
5.605,20.564,-61.278,-199.685,6.246,-20.901,-75.974,-0.004,-0.095,-0.651,36.58,7.08953
5.613,20.616,-61.453,-200.319,6.245,-20.917,-76.082,-0.004,-0.095,-0.650,36.61,7.08958
5.621,20.668,-61.627,-200.954,6.245,-20.933,-76.191,-0.005,-0.095,-0.650,36.65,7.08964
5.630,20.720,-61.802,-201.590,6.244,-20.949,-76.299,-0.005,-0.094,-0.649,36.68,7.08970
5.638,20.772,-61.976,-202.227,6.243,-20.964,-76.407,-0.005,-0.094,-0.649,36.71,7.08976
5.646,20.824,-62.151,-202.864,6.242,-20.980,-76.515,-0.005,-0.093,-0.648,36.74,7.08981
5.655,20.876,-62.326,-203.503,6.241,-20.996,-76.623,-0.006,-0.093,-0.648,36.77,7.08987
5.663,20.928,-62.501,-204.142,6.240,-21.011,-76.731,-0.006,-0.092,-0.647,36.80,7.08993
5.671,20.980,-62.677,-204.783,6.239,-21.026,-76.839,-0.006,-0.092,-0.647,36.83,7.08999
5.680,21.032,-62.852,-205.424,6.238,-21.042,-76.947,-0.006,-0.092,-0.646,36.86,7.09005
5.688,21.084,-63.027,-206.066,6.237,-21.057,-77.055,-0.007,-0.091,-0.646,36.89,7.09010
5.696,21.136,-63.203,-206.709,6.236,-21.072,-77.162,-0.007,-0.091,-0.645,36.92,7.09016
5.705,21.188,-63.379,-207.353,6.235,-21.087,-77.270,-0.007,-0.090,-0.645,36.95,7.09022
5.713,21.240,-63.555,-207.998,6.234,-21.102,-77.378,-0.008,-0.090,-0.644,36.98,7.09028
5.721,21.291,-63.731,-208.644,6.232,-21.117,-77.485,-0.008,-0.089,-0.644,37.01,7.09034
5.730,21.343,-63.907,-209.290,6.231,-21.132,-77.592,-0.008,-0.089,-0.643,37.04,7.09039
5.738,21.395,-64.083,-209.938,6.230,-21.147,-77.700,-0.008,-0.089,-0.643,37.07,7.09045
5.746,21.447,-64.259,-210.586,6.228,-21.162,-77.807,-0.009,-0.088,-0.642,37.10,7.09051
5.755,21.499,-64.436,-211.235,6.227,-21.177,-77.914,-0.009,-0.088,-0.642,37.13,7.09057
5.763,21.551,-64.612,-211.886,6.226,-21.191,-78.021,-0.009,-0.087,-0.641,37.16,7.09063
5.771,21.603,-64.789,-212.537,6.224,-21.206,-78.128,-0.009,-0.087,-0.641,37.19,7.09069
5.780,21.655,-64.966,-213.189,6.222,-21.220,-78.234,-0.010,-0.087,-0.640,37.23,7.09074
5.788,21.707,-65.143,-213.841,6.221,-21.235,-78.341,-0.010,-0.086,-0.640,37.26,7.09080
5.796,21.758,-65.320,-214.495,6.219,-21.249,-78.448,-0.010,-0.086,-0.639,37.29,7.09086
5.805,21.810,-65.497,-215.150,6.217,-21.263,-78.554,-0.010,-0.085,-0.639,37.32,7.09092
5.813,21.862,-65.674,-215.805,6.216,-21.278,-78.661,-0.011,-0.085,-0.639,37.35,7.09098
5.821,21.914,-65.852,-216.462,6.214,-21.292,-78.767,-0.011,-0.084,-0.638,37.38,7.09104
5.830,21.966,-66.029,-217.119,6.212,-21.306,-78.874,-0.011,-0.084,-0.638,37.41,7.09110
5.838,22.017,-66.207,-217.777,6.210,-21.320,-78.980,-0.011,-0.084,-0.637,37.44,7.09116
5.846,22.069,-66.385,-218.436,6.208,-21.334,-79.086,-0.012,-0.083,-0.636,37.47,7.09122
5.855,22.121,-66.563,-219.096,6.206,-21.348,-79.192,-0.012,-0.083,-0.636,37.51,7.09128
5.863,22.172,-66.741,-219.757,6.204,-21.362,-79.298,-0.012,-0.082,-0.635,37.54,7.09133
5.871,22.224,-66.919,-220.419,6.202,-21.375,-79.404,-0.013,-0.082,-0.635,37.57,7.09139
5.880,22.276,-67.097,-221.081,6.200,-21.389,-79.510,-0.013,-0.082,-0.634,37.60,7.09145
5.888,22.327,-67.276,-221.745,6.198,-21.403,-79.616,-0.013,-0.081,-0.634,37.63,7.09151
5.896,22.379,-67.454,-222.409,6.196,-21.416,-79.721,-0.013,-0.081,-0.633,37.66,7.09157
5.905,22.431,-67.633,-223.074,6.194,-21.430,-79.827,-0.014,-0.080,-0.633,37.69,7.09163
5.913,22.482,-67.811,-223.741,6.192,-21.443,-79.933,-0.014,-0.080,-0.632,37.72,7.09169
5.921,22.534,-67.990,-224.408,6.189,-21.456,-80.038,-0.014,-0.080,-0.632,37.76,7.09175
5.930,22.586,-68.169,-225.077,6.187,-21.470,-80.143,-0.014,-0.079,-0.631,37.79,7.09181
5.938,22.637,-68.348,-225.745,6.184,-21.483,-80.249,-0.015,-0.079,-0.631,37.82,7.09187
5.946,22.689,-68.527,-226.415,6.182,-21.496,-80.354,-0.015,-0.078,-0.630,37.85,7.09193
5.955,22.740,-68.707,-227.085,6.180,-21.509,-80.459,-0.015,-0.078,-0.630,37.88,7.09199
5.963,22.792,-68.886,-227.757,6.177,-21.522,-80.564,-0.015,-0.077,-0.629,37.91,7.09205
5.971,22.843,-69.066,-228.429,6.174,-21.535,-80.669,-0.016,-0.077,-0.629,37.95,7.09211
5.980,22.894,-69.245,-229.102,6.172,-21.548,-80.774,-0.016,-0.077,-0.628,37.98,7.09217
5.988,22.946,-69.425,-229.776,6.169,-21.560,-80.878,-0.016,-0.076,-0.628,38.01,7.09223
5.996,22.997,-69.605,-230.451,6.167,-21.573,-80.983,-0.016,-0.075,-0.618,38.04,7.09229
6.005,23.049,-69.784,-231.127,6.164,-21.586,-81.086,-0.017,-0.075,-0.627,38.07,7.09235
6.013,23.100,-69.964,-231.803,6.161,-21.598,-81.190,-0.017,-0.075,-0.626,38.11,7.09242
6.021,23.151,-70.145,-232.481,6.158,-21.611,-81.295,-0.017,-0.074,-0.617,38.14,7.09248
6.030,23.203,-70.325,-233.159,6.155,-21.623,-81.398,-0.017,-0.073,-0.616,38.17,7.09254
6.038,23.254,-70.505,-233.838,6.153,-21.635,-81.500,-0.017,-0.073,-0.616,38.20,7.09260
6.046,23.305,-70.685,-234.518,6.150,-21.647,-81.603,-0.018,-0.072,-0.615,38.23,7.09266
6.055,23.356,-70.867,-235.202,6.147,-21.659,-81.706,-0.018,-0.072,-0.615,38.27,7.09272
6.063,23.408,-71.047,-235.883,6.144,-21.671,-81.808,-0.018,-0.072,-0.614,38.30,7.09278
6.071,23.459,-71.228,-236.566,6.141,-21.683,-81.911,-0.018,-0.071,-0.614,38.33,7.09284
6.080,23.510,-71.409,-237.249,6.138,-21.695,-82.013,-0.019,-0.071,-0.613,38.36,7.09290
6.088,23.561,-71.589,-237.934,6.134,-21.707,-82.115,-0.019,-0.070,-0.613,38.39,7.09296
6.096,23.612,-71.770,-238.619,6.131,-21.719,-82.217,-0.019,-0.070,-0.612,38.43,7.09303
6.105,23.663,-71.952,-239.305,6.128,-21.730,-82.319,-0.019,-0.069,-0.612,38.46,7.09309
6.113,23.714,-72.133,-239.992,6.125,-21.742,-82.421,-0.020,-0.069,-0.611,38.49,7.09315
6.121,23.765,-72.314,-240.679,6.122,-21.753,-82.523,-0.020,-0.069,-0.610,38.52,7.09321
6.130,23.816,-72.495,-241.368,6.118,-21.765,-82.625,-0.020,-0.068,-0.610,38.56,7.09327
6.138,23.867,-72.677,-242.057,6.115,-21.776,-82.726,-0.020,-0.068,-0.609,38.59,7.09333
6.146,23.918,-72.858,-242.748,6.111,-21.787,-82.828,-0.021,-0.067,-0.609,38.62,7.09340
6.155,23.969,-73.040,-243.439,6.108,-21.799,-82.929,-0.021,-0.067,-0.608,38.65,7.09346
6.163,24.020,-73.222,-244.131,6.105,-21.810,-83.031,-0.021,-0.067,-0.608,38.69,7.09352
6.171,24.071,-73.404,-244.823,6.101,-21.821,-83.132,-0.022,-0.067,-0.616,38.72,7.09358
6.180,24.122,-73.586,-245.517,6.097,-21.832,-83.235,-0.022,-0.066,-0.607,38.75,7.09364
6.188,24.172,-73.768,-246.212,6.094,-21.843,-83.336,-0.022,-0.066,-0.615,38.78,7.09370
6.196,24.223,-73.950,-246.907,6.090,-21.854,-83.439,-0.023,-0.066,-0.615,38.82,7.09377
6.205,24.274,-74.132,-247.603,6.086,-21.865,-83.541,-0.022,-0.065,-0.605,38.85,7.09383
6.213,24.325,-74.314,-248.300,6.083,-21.876,-83.642,-0.023,-0.065,-0.613,38.88,7.09389
6.221,24.375,-74.497,-248.998,6.079,-21.887,-83.744,-0.023,-0.065,-0.613,38.91,7.09395
6.230,24.426,-74.679,-249.697,6.075,-21.898,-83.846,-0.024,-0.064,-0.612,38.95,7.09402
6.238,24.476,-74.862,-250.396,6.071,-21.908,-83.948,-0.024,-0.064,-0.612,38.98,7.09408
6.246,24.527,-75.044,-251.097,6.067,-21.919,-84.050,-0.024,-0.064,-0.611,39.01,7.09414
6.255,24.578,-75.227,-251.798,6.063,-21.930,-84.152,-0.024,-0.063,-0.611,39.05,7.09420
6.263,24.628,-75.410,-252.500,6.059,-21.940,-84.254,-0.025,-0.063,-0.610,39.08,7.09427
6.271,24.679,-75.593,-253.203,6.055,-21.951,-84.356,-0.025,-0.062,-0.610,39.11,7.09433
6.280,24.729,-75.776,-253.907,6.051,-21.961,-84.457,-0.025,-0.062,-0.609,39.14,7.09439
6.288,24.779,-75.959,-254.612,6.046,-21.971,-84.559,-0.025,-0.062,-0.608,39.18,7.09445
6.296,24.830,-76.142,-255.317,6.042,-21.982,-84.660,-0.026,-0.061,-0.608,39.21,7.09452
6.305,24.880,-76.326,-256.023,6.038,-21.992,-84.761,-0.026,-0.061,-0.607,39.24,7.09458
6.313,24.930,-76.509,-256.731,6.034,-22.002,-84.863,-0.026,-0.060,-0.607,39.28,7.09464
6.321,24.981,-76.692,-257.439,6.029,-22.012,-84.964,-0.026,-0.060,-0.606,39.31,7.09471
6.330,25.031,-76.876,-258.148,6.025,-22.022,-85.065,-0.027,-0.060,-0.606,39.34,7.09477
6.338,25.081,-77.059,-258.857,6.020,-22.032,-85.166,-0.027,-0.059,-0.605,39.38,7.09483
6.346,25.131,-77.243,-259.568,6.016,-22.042,-85.267,-0.027,-0.059,-0.605,39.41,7.09490
6.355,25.181,-77.427,-260.279,6.011,-22.052,-85.367,-0.027,-0.058,-0.604,39.44,7.09496
6.363,25.231,-77.611,-260.992,6.007,-22.061,-85.468,-0.028,-0.058,-0.603,39.48,7.09502
6.371,25.281,-77.795,-261.705,6.002,-22.071,-85.569,-0.028,-0.058,-0.603,39.51,7.09509
6.380,25.331,-77.979,-262.419,5.998,-22.081,-85.669,-0.028,-0.057,-0.602,39.54,7.09515
6.388,25.381,-78.163,-263.133,5.993,-22.090,-85.769,-0.028,-0.057,-0.602,39.58,7.09521
6.396,25.431,-78.347,-263.849,5.988,-22.100,-85.870,-0.029,-0.056,-0.601,39.61,7.09528
6.405,25.481,-78.531,-264.565,5.983,-22.109,-85.970,-0.029,-0.056,-0.601,39.64,7.09534
6.413,25.531,-78.715,-265.283,5.979,-22.118,-86.070,-0.029,-0.056,-0.600,39.68,7.09541
6.421,25.580,-78.900,-266.001,5.974,-22.128,-86.170,-0.029,-0.055,-0.599,39.71,7.09547
6.430,25.630,-79.084,-266.720,5.969,-22.137,-86.270,-0.030,-0.055,-0.599,39.74,7.09553
6.438,25.680,-79.269,-267.439,5.964,-22.146,-86.370,-0.030,-0.054,-0.598,39.78,7.09560
6.446,25.730,-79.454,-268.160,5.959,-22.155,-86.469,-0.030,-0.054,-0.598,39.81,7.09566
6.455,25.779,-79.638,-268.881,5.954,-22.164,-86.569,-0.030,-0.054,-0.597,39.84,7.09573
6.463,25.829,-79.823,-269.604,5.949,-22.173,-86.669,-0.031,-0.053,-0.596,39.88,7.09579
6.471,25.878,-80.008,-270.327,5.944,-22.182,-86.768,-0.031,-0.053,-0.596,39.91,7.09585
6.480,25.928,-80.193,-271.051,5.939,-22.191,-86.867,-0.031,-0.052,-0.595,39.95,7.09592
6.488,25.977,-80.378,-271.775,5.934,-22.200,-86.966,-0.031,-0.052,-0.595,39.98,7.09598
6.496,26.027,-80.563,-272.501,5.928,-22.208,-87.066,-0.032,-0.052,-0.594,40.01,7.09605
6.505,26.076,-80.748,-273.227,5.923,-22.217,-87.165,-0.032,-0.051,-0.594,40.05,7.09611
6.513,26.125,-80.933,-273.954,5.918,-22.225,-87.264,-0.032,-0.051,-0.593,40.08,7.09618
6.521,26.175,-81.119,-274.683,5.912,-22.234,-87.362,-0.032,-0.050,-0.584,40.11,7.09624
6.530,26.224,-81.304,-275.411,5.907,-22.242,-87.460,-0.032,-0.049,-0.583,40.15,7.09631
6.538,26.273,-81.489,-276.141,5.902,-22.250,-87.557,-0.032,-0.049,-0.583,40.18,7.09637
6.546,26.322,-81.675,-276.871,5.896,-22.259,-87.654,-0.032,-0.048,-0.574,40.22,7.09643
6.555,26.371,-81.860,-277.603,5.891,-22.267,-87.750,-0.032,-0.048,-0.573,40.25,7.09650
6.563,26.420,-82.046,-278.335,5.886,-22.275,-87.845,-0.033,-0.047,-0.573,40.28,7.09656
6.571,26.469,-82.232,-279.069,5.880,-22.282,-87.941,-0.033,-0.047,-0.572,40.32,7.09663
6.580,26.518,-82.418,-279.803,5.875,-22.290,-88.036,-0.033,-0.046,-0.572,40.35,7.09669
6.588,26.567,-82.604,-280.537,5.869,-22.298,-88.132,-0.033,-0.046,-0.571,40.39,7.09676
6.596,26.616,-82.789,-281.272,5.864,-22.306,-88.227,-0.034,-0.046,-0.570,40.42,7.09683
6.605,26.665,-82.975,-282.008,5.858,-22.313,-88.322,-0.034,-0.045,-0.570,40.46,7.09689
6.613,26.714,-83.161,-282.745,5.852,-22.321,-88.417,-0.034,-0.045,-0.569,40.49,7.09696
6.621,26.762,-83.347,-283.483,5.847,-22.328,-88.512,-0.034,-0.045,-0.569,40.52,7.09702
6.630,26.811,-83.534,-284.221,5.841,-22.336,-88.606,-0.034,-0.044,-0.568,40.56,7.09709
6.638,26.860,-83.720,-284.960,5.835,-22.343,-88.701,-0.035,-0.044,-0.568,40.59,7.09715
6.646,26.908,-83.906,-285.700,5.830,-22.351,-88.796,-0.035,-0.043,-0.567,40.63,7.09722
6.655,26.957,-84.092,-286.441,5.824,-22.358,-88.890,-0.035,-0.043,-0.566,40.66,7.09728
6.663,27.005,-84.279,-287.183,5.818,-22.365,-88.985,-0.035,-0.043,-0.566,40.69,7.09735
6.671,27.054,-84.465,-287.925,5.812,-22.372,-89.079,-0.036,-0.042,-0.565,40.73,7.09741
6.680,27.102,-84.652,-288.668,5.806,-22.379,-89.173,-0.036,-0.042,-0.565,40.76,7.09748
6.688,27.150,-84.838,-289.412,5.800,-22.386,-89.267,-0.036,-0.042,-0.564,40.80,7.09755
6.696,27.199,-85.025,-290.157,5.794,-22.393,-89.361,-0.036,-0.041,-0.563,40.83,7.09761
6.705,27.247,-85.212,-290.902,5.788,-22.400,-89.455,-0.037,-0.041,-0.563,40.87,7.09768
6.713,27.295,-85.398,-291.648,5.782,-22.407,-89.549,-0.037,-0.041,-0.562,40.90,7.09774
6.721,27.343,-85.585,-292.395,5.776,-22.414,-89.643,-0.037,-0.040,-0.562,40.94,7.09781
6.730,27.392,-85.773,-293.146,5.770,-22.420,-89.737,-0.037,-0.040,-0.561,40.97,7.09788
6.738,27.440,-85.959,-293.895,5.763,-22.427,-89.830,-0.037,-0.039,-0.560,41.01,7.09794
6.746,27.488,-86.146,-294.644,5.757,-22.433,-89.923,-0.038,-0.039,-0.560,41.04,7.09801
6.755,27.536,-86.333,-295.394,5.751,-22.440,-90.017,-0.038,-0.039,-0.559,41.07,7.09808
6.763,27.583,-86.520,-296.145,5.745,-22.446,-90.110,-0.038,-0.038,-0.559,41.11,7.09814
6.771,27.631,-86.708,-296.897,5.738,-22.453,-90.203,-0.038,-0.038,-0.558,41.14,7.09821
6.780,27.679,-86.895,-297.649,5.732,-22.459,-90.296,-0.039,-0.038,-0.557,41.18,7.09828
6.788,27.727,-87.082,-298.403,5.725,-22.465,-90.389,-0.039,-0.037,-0.557,41.21,7.09834
6.796,27.774,-87.269,-299.157,5.719,-22.472,-90.482,-0.039,-0.037,-0.556,41.25,7.09841
6.805,27.822,-87.457,-299.911,5.712,-22.478,-90.574,-0.039,-0.037,-0.556,41.28,7.09848
6.813,27.869,-87.644,-300.667,5.706,-22.484,-90.667,-0.040,-0.036,-0.555,41.32,7.09854
6.821,27.917,-87.831,-301.423,5.699,-22.490,-90.760,-0.040,-0.036,-0.554,41.35,7.09861
6.830,27.964,-88.019,-302.180,5.693,-22.496,-90.852,-0.040,-0.035,-0.554,41.39,7.09868
6.838,28.012,-88.206,-302.938,5.686,-22.502,-90.944,-0.040,-0.035,-0.553,41.42,7.09874
6.846,28.059,-88.394,-303.697,5.679,-22.508,-91.037,-0.040,-0.035,-0.553,41.46,7.09881
6.855,28.106,-88.582,-304.456,5.672,-22.513,-91.129,-0.041,-0.034,-0.552,41.49,7.09888
6.863,28.154,-88.769,-305.217,5.666,-22.519,-91.221,-0.041,-0.034,-0.551,41.53,7.09894
6.871,28.201,-88.957,-305.978,5.659,-22.525,-91.313,-0.041,-0.034,-0.551,41.56,7.09901
6.880,28.248,-89.145,-306.739,5.652,-22.530,-91.404,-0.041,-0.033,-0.550,41.60,7.09908
6.888,28.295,-89.332,-307.502,5.645,-22.536,-91.496,-0.042,-0.033,-0.550,41.63,7.09915
6.896,28.342,-89.520,-308.265,5.638,-22.541,-91.588,-0.042,-0.033,-0.549,41.67,7.09921
6.905,28.389,-89.708,-309.029,5.631,-22.547,-91.679,-0.042,-0.032,-0.548,41.70,7.09928
6.913,28.436,-89.896,-309.794,5.624,-22.552,-91.771,-0.042,-0.032,-0.548,41.74,7.09935
6.921,28.483,-90.084,-310.559,5.617,-22.558,-91.862,-0.042,-0.032,-0.547,41.77,7.09942
6.930,28.529,-90.272,-311.326,5.610,-22.563,-91.953,-0.043,-0.031,-0.547,41.81,7.09948
6.938,28.576,-90.460,-312.093,5.603,-22.568,-92.044,-0.043,-0.031,-0.546,41.84,7.09955
6.946,28.623,-90.648,-312.860,5.596,-22.573,-92.135,-0.043,-0.030,-0.545,41.88,7.09962
6.955,28.669,-90.836,-313.629,5.589,-22.578,-92.226,-0.043,-0.030,-0.545,41.91,7.09969
6.963,28.716,-91.025,-314.398,5.581,-22.583,-92.317,-0.044,-0.030,-0.544,41.95,7.09975
6.971,28.762,-91.213,-315.168,5.574,-22.588,-92.407,-0.044,-0.029,-0.543,41.98,7.09982
6.980,28.809,-91.401,-315.939,5.567,-22.593,-92.498,-0.044,-0.029,-0.543,42.02,7.09989
6.988,28.855,-91.590,-316.711,5.560,-22.598,-92.588,-0.044,-0.029,-0.542,42.06,7.09996
6.996,28.901,-91.778,-317.483,5.552,-22.603,-92.679,-0.044,-0.028,-0.542,42.09,7.10003
7.005,28.947,-91.966,-318.256,5.545,-22.607,-92.769,-0.045,-0.028,-0.541,42.13,7.10009
7.013,28.993,-92.155,-319.030,5.537,-22.612,-92.859,-0.045,-0.028,-0.540,42.16,7.10016
7.021,29.040,-92.343,-319.805,5.530,-22.617,-92.949,-0.045,-0.027,-0.540,42.20,7.10023
7.030,29.086,-92.532,-320.580,5.522,-22.621,-93.039,-0.045,-0.027,-0.539,42.23,7.10030
7.038,29.132,-92.720,-321.356,5.515,-22.626,-93.129,-0.046,-0.027,-0.538,42.27,7.10037
7.046,29.177,-92.909,-322.133,5.507,-22.630,-93.219,-0.046,-0.026,-0.538,42.30,7.10043
7.055,29.223,-93.097,-322.910,5.500,-22.635,-93.308,-0.046,-0.026,-0.537,42.34,7.10050
7.063,29.269,-93.286,-323.689,5.492,-22.639,-93.398,-0.046,-0.026,-0.537,42.37,7.10057
7.071,29.315,-93.475,-324.468,5.484,-22.643,-93.487,-0.046,-0.025,-0.536,42.41,7.10064
7.080,29.360,-93.664,-325.248,5.477,-22.647,-93.577,-0.047,-0.025,-0.535,42.45,7.10071
7.088,29.406,-93.852,-326.028,5.469,-22.651,-93.666,-0.047,-0.025,-0.535,42.48,7.10078
7.096,29.451,-94.041,-326.810,5.461,-22.656,-93.755,-0.047,-0.024,-0.534,42.52,7.10085
7.105,29.497,-94.230,-327.592,5.453,-22.660,-93.844,-0.047,-0.024,-0.533,42.55,7.10091
7.113,29.542,-94.419,-328.374,5.445,-22.664,-93.933,-0.047,-0.023,-0.525,42.59,7.10098
7.121,29.588,-94.608,-329.158,5.437,-22.667,-94.020,-0.047,-0.023,-0.524,42.62,7.10105
7.130,29.633,-94.797,-329.942,5.430,-22.671,-94.108,-0.047,-0.023,-0.524,42.66,7.10112
7.138,29.678,-94.986,-330.727,5.422,-22.675,-94.195,-0.047,-0.022,-0.523,42.70,7.10119
7.146,29.723,-95.175,-331.513,5.414,-22.679,-94.282,-0.048,-0.022,-0.523,42.73,7.10126
7.155,29.768,-95.364,-332.299,5.406,-22.682,-94.369,-0.048,-0.022,-0.522,42.77,7.10133
7.163,29.813,-95.553,-333.086,5.398,-22.686,-94.456,-0.047,-0.021,-0.514,42.80,7.10140
7.171,29.858,-95.742,-333.874,5.390,-22.689,-94.542,-0.048,-0.021,-0.521,42.84,7.10147
7.180,29.903,-95.931,-334.663,5.382,-22.693,-94.629,-0.047,-0.020,-0.505,42.88,7.10154
7.188,29.948,-96.120,-335.452,5.374,-22.696,-94.713,-0.048,-0.020,-0.512,42.91,7.10161
7.196,29.992,-96.309,-336.242,5.366,-22.699,-94.798,-0.047,-0.019,-0.503,42.95,7.10167
7.205,30.037,-96.498,-337.033,5.358,-22.703,-94.882,-0.048,-0.019,-0.503,42.98,7.10174
7.213,30.082,-96.688,-337.824,5.350,-22.706,-94.966,-0.048,-0.019,-0.502,43.02,7.10181
7.221,30.126,-96.877,-338.618,5.342,-22.709,-95.050,-0.048,-0.018,-0.501,43.06,7.10188
7.230,30.171,-97.066,-339.410,5.334,-22.712,-95.133,-0.048,-0.018,-0.501,43.09,7.10195
7.238,30.215,-97.256,-340.204,5.326,-22.715,-95.217,-0.048,-0.018,-0.500,43.13,7.10202
7.246,30.259,-97.445,-340.998,5.318,-22.718,-95.300,-0.049,-0.017,-0.500,43.16,7.10209
7.255,30.304,-97.634,-341.793,5.310,-22.721,-95.383,-0.049,-0.017,-0.499,43.20,7.10216
7.263,30.348,-97.824,-342.589,5.302,-22.724,-95.467,-0.049,-0.017,-0.498,43.24,7.10223
7.271,30.392,-98.013,-343.385,5.294,-22.726,-95.550,-0.049,-0.016,-0.498,43.27,7.10230
7.280,30.436,-98.203,-344.182,5.286,-22.729,-95.633,-0.049,-0.016,-0.497,43.31,7.10237
7.288,30.480,-98.392,-344.979,5.278,-22.732,-95.715,-0.050,-0.016,-0.497,43.35,7.10244
7.296,30.524,-98.581,-345.778,5.269,-22.735,-95.798,-0.050,-0.015,-0.496,43.38,7.10251
7.305,30.568,-98.771,-346.577,5.261,-22.737,-95.881,-0.050,-0.015,-0.495,43.42,7.10258
7.313,30.612,-98.960,-347.377,5.253,-22.740,-95.963,-0.050,-0.015,-0.495,43.46,7.10265
7.321,30.655,-99.150,-348.177,5.244,-22.742,-96.046,-0.050,-0.015,-0.494,43.49,7.10272
7.330,30.699,-99.339,-348.978,5.236,-22.745,-96.128,-0.051,-0.014,-0.493,43.53,7.10279
7.338,30.742,-99.529,-349.780,5.228,-22.747,-96.210,-0.051,-0.014,-0.493,43.56,7.10286
7.346,30.786,-99.719,-350.582,5.219,-22.749,-96.292,-0.051,-0.014,-0.492,43.60,7.10293
7.355,30.829,-99.908,-351.385,5.211,-22.751,-96.375,-0.051,-0.013,-0.492,43.64,7.10300
7.363,30.873,-100.098,-352.189,5.202,-22.754,-96.456,-0.051,-0.013,-0.491,43.67,7.10307
7.371,30.916,-100.287,-352.994,5.194,-22.756,-96.538,-0.051,-0.013,-0.490,43.71,7.10314
7.380,30.959,-100.477,-353.799,5.185,-22.758,-96.620,-0.052,-0.012,-0.490,43.75,7.10321
7.388,31.002,-100.667,-354.605,5.176,-22.760,-96.702,-0.052,-0.012,-0.489,43.78,7.10328
7.396,31.045,-100.857,-355.411,5.168,-22.762,-96.783,-0.052,-0.012,-0.488,43.82,7.10335
7.405,31.088,-101.046,-356.218,5.159,-22.764,-96.864,-0.052,-0.011,-0.488,43.86,7.10343
7.413,31.131,-101.236,-357.026,5.150,-22.766,-96.946,-0.052,-0.011,-0.487,43.89,7.10350
7.421,31.174,-101.426,-357.835,5.142,-22.768,-97.027,-0.053,-0.011,-0.486,43.93,7.10357
7.430,31.217,-101.615,-358.644,5.133,-22.770,-97.108,-0.053,-0.011,-0.486,43.97,7.10364
7.438,31.260,-101.805,-359.454,5.124,-22.771,-97.189,-0.053,-0.010,-0.485,44.00,7.10371
7.446,31.302,-101.995,-360.265,5.115,-22.773,-97.270,-0.053,-0.010,-0.485,44.04,7.10378
7.455,31.345,-102.185,-361.076,5.106,-22.775,-97.351,-0.053,-0.010,-0.484,44.08,7.10385
7.463,31.387,-102.375,-361.888,5.097,-22.776,-97.431,-0.054,-0.009,-0.483,44.11,7.10392
7.471,31.430,-102.564,-362.701,5.088,-22.778,-97.512,-0.055,-0.009,-0.490,44.15,7.10399
7.480,31.472,-102.754,-363.514,5.079,-22.779,-97.594,-0.053,-0.009,-0.475,44.19,7.10406
7.488,31.514,-102.944,-364.328,5.070,-22.781,-97.673,-0.054,-0.008,-0.482,44.22,7.10413
7.496,31.556,-103.134,-365.142,5.061,-22.782,-97.753,-0.053,-0.008,-0.473,44.26,7.10420
7.505,31.599,-103.324,-365.958,5.053,-22.784,-97.832,-0.055,-0.008,-0.480,44.30,7.10428
7.513,31.641,-103.514,-366.774,5.043,-22.785,-97.912,-0.055,-0.008,-0.480,44.33,7.10435
7.521,31.683,-103.704,-367.590,5.034,-22.786,-97.992,-0.055,-0.007,-0.479,44.37,7.10442
7.530,31.724,-103.893,-368.408,5.025,-22.787,-98.072,-0.055,-0.007,-0.478,44.41,7.10449
7.538,31.766,-104.083,-369.225,5.016,-22.788,-98.151,-0.055,-0.007,-0.478,44.44,7.10456
7.546,31.808,-104.273,-370.044,5.007,-22.790,-98.231,-0.055,-0.006,-0.477,44.48,7.10463
7.555,31.850,-104.463,-370.863,4.998,-22.791,-98.311,-0.056,-0.006,-0.476,44.52,7.10470
7.563,31.891,-104.653,-371.684,4.988,-22.792,-98.390,-0.056,-0.006,-0.476,44.56,7.10478
7.571,31.933,-104.843,-372.505,4.979,-22.793,-98.469,-0.056,-0.005,-0.475,44.59,7.10485
7.580,31.974,-105.033,-373.326,4.970,-22.794,-98.549,-0.056,-0.005,-0.475,44.63,7.10492
7.588,32.015,-105.223,-374.148,4.960,-22.794,-98.628,-0.056,-0.005,-0.474,44.67,7.10499
7.596,32.057,-105.413,-374.970,4.951,-22.795,-98.707,-0.057,-0.005,-0.473,44.70,7.10506
7.605,32.098,-105.603,-375.794,4.941,-22.796,-98.786,-0.057,-0.004,-0.473,44.74,7.10513
7.613,32.139,-105.793,-376.617,4.932,-22.797,-98.864,-0.057,-0.004,-0.472,44.78,7.10521
7.621,32.180,-105.983,-377.442,4.923,-22.797,-98.943,-0.057,-0.004,-0.471,44.82,7.10528
7.630,32.221,-106.173,-378.267,4.913,-22.798,-99.021,-0.057,-0.003,-0.471,44.85,7.10535
7.638,32.262,-106.363,-379.093,4.904,-22.799,-99.100,-0.057,-0.003,-0.470,44.89,7.10542
7.646,32.303,-106.553,-379.920,4.894,-22.799,-99.178,-0.058,-0.003,-0.469,44.93,7.10549
7.655,32.343,-106.743,-380.747,4.884,-22.800,-99.257,-0.058,-0.003,-0.469,44.96,7.10557
7.663,32.384,-106.933,-381.575,4.875,-22.800,-99.335,-0.058,-0.002,-0.468,45.00,7.10564
7.671,32.424,-107.123,-382.403,4.865,-22.800,-99.413,-0.057,-0.002,-0.460,45.04,7.10571
7.680,32.465,-107.313,-383.232,4.856,-22.801,-99.489,-0.057,-0.002,-0.453,45.08,7.10578
7.688,32.505,-107.503,-384.062,4.846,-22.801,-99.565,-0.058,-0.001,-0.459,45.11,7.10585
7.696,32.546,-107.693,-384.892,4.837,-22.801,-99.641,-0.058,-0.001,-0.459,45.15,7.10593
7.705,32.586,-107.883,-385.723,4.827,-22.801,-99.718,-0.058,-0.001,-0.458,45.19,7.10600
7.713,32.626,-108.073,-386.555,4.817,-22.802,-99.794,-0.058,-0.001,-0.457,45.22,7.10607
7.721,32.666,-108.263,-387.387,4.808,-22.802,-99.870,-0.058,-0.000,-0.457,45.26,7.10614
7.730,32.706,-108.453,-388.220,4.798,-22.802,-99.946,-0.058,-0.000,-0.456,45.30,7.10622
7.738,32.746,-108.643,-389.054,4.788,-22.802,-100.022,-0.060,0.000,-0.463,45.34,7.10629
7.746,32.786,-108.833,-389.888,4.778,-22.802,-100.099,-0.060,0.000,-0.462,45.37,7.10636
7.755,32.826,-109.023,-390.723,4.768,-22.802,-100.176,-0.060,0.001,-0.461,45.41,7.10643
7.763,32.865,-109.213,-391.558,4.758,-22.802,-100.253,-0.059,0.001,-0.453,45.45,7.10651
7.771,32.905,-109.403,-392.394,4.748,-22.801,-100.329,-0.060,0.001,-0.460,45.49,7.10658
7.780,32.944,-109.593,-393.231,4.738,-22.801,-100.406,-0.060,0.002,-0.459,45.52,7.10665
7.788,32.984,-109.783,-394.068,4.728,-22.801,-100.482,-0.061,0.002,-0.459,45.56,7.10672
7.796,33.023,-109.973,-394.906,4.718,-22.801,-100.558,-0.061,0.002,-0.458,45.60,7.10680
7.805,33.062,-110.163,-395.745,4.708,-22.800,-100.635,-0.061,0.002,-0.457,45.64,7.10687
7.813,33.101,-110.353,-396.584,4.698,-22.800,-100.711,-0.061,0.003,-0.457,45.67,7.10694
7.821,33.140,-110.543,-397.424,4.688,-22.799,-100.787,-0.061,0.003,-0.456,45.71,7.10702
7.830,33.179,-110.733,-398.265,4.678,-22.799,-100.863,-0.061,0.003,-0.455,45.75,7.10709
7.838,33.218,-110.923,-399.106,4.667,-22.798,-100.939,-0.062,0.003,-0.455,45.79,7.10716
7.846,33.257,-111.113,-399.948,4.657,-22.798,-101.015,-0.062,0.004,-0.454,45.82,7.10724
7.855,33.296,-111.303,-400.790,4.647,-22.797,-101.090,-0.062,0.004,-0.453,45.86,7.10731
7.863,33.334,-111.493,-401.633,4.636,-22.797,-101.166,-0.062,0.004,-0.453,45.90,7.10738
7.871,33.373,-111.683,-402.477,4.626,-22.796,-101.241,-0.063,0.005,-0.459,45.94,7.10745
7.880,33.411,-111.873,-403.321,4.616,-22.795,-101.318,-0.062,0.005,-0.452,45.97,7.10753
7.888,33.450,-112.063,-404.166,4.605,-22.794,-101.393,-0.063,0.005,-0.451,46.01,7.10760
7.896,33.488,-112.253,-405.012,4.595,-22.793,-101.468,-0.064,0.005,-0.457,46.05,7.10768
7.905,33.526,-112.443,-405.858,4.584,-22.793,-101.545,-0.063,0.006,-0.450,46.09,7.10775
7.913,33.564,-112.633,-406.705,4.574,-22.792,-101.620,-0.063,0.006,-0.449,46.12,7.10782
7.921,33.602,-112.823,-407.552,4.563,-22.791,-101.694,-0.063,0.006,-0.448,46.16,7.10790
7.930,33.640,-113.013,-408.400,4.553,-22.790,-101.769,-0.063,0.006,-0.448,46.20,7.10797
7.938,33.678,-113.203,-409.249,4.542,-22.789,-101.844,-0.064,0.007,-0.447,46.24,7.10804
7.946,33.716,-113.393,-410.098,4.531,-22.788,-101.918,-0.064,0.007,-0.446,46.27,7.10812
7.955,33.754,-113.582,-410.948,4.521,-22.786,-101.993,-0.064,0.007,-0.446,46.31,7.10819
7.963,33.791,-113.772,-411.799,4.510,-22.785,-102.067,-0.064,0.007,-0.445,46.35,7.10826
7.971,33.829,-113.962,-412.650,4.499,-22.784,-102.141,-0.064,0.008,-0.444,46.39,7.10834
7.980,33.866,-114.152,-413.502,4.489,-22.783,-102.215,-0.064,0.008,-0.444,46.43,7.10841
7.988,33.904,-114.342,-414.354,4.478,-22.781,-102.289,-0.064,0.008,-0.443,46.46,7.10848
7.996,33.941,-114.532,-415.207,4.467,-22.780,-102.363,-0.065,0.008,-0.442,46.50,7.10856
8.005,33.978,-114.722,-416.061,4.457,-22.779,-102.437,-0.065,0.009,-0.442,46.54,7.10863
8.013,34.015,-114.911,-416.915,4.446,-22.777,-102.510,-0.065,0.009,-0.441,46.58,7.10871
8.021,34.052,-115.101,-417.770,4.435,-22.776,-102.584,-0.064,0.009,-0.434,46.61,7.10878
8.030,34.089,-115.291,-418.626,4.424,-22.774,-102.656,-0.064,0.009,-0.433,46.65,7.10885
8.038,34.126,-115.481,-419.482,4.414,-22.773,-102.728,-0.064,0.009,-0.432,46.69,7.10893
8.046,34.162,-115.670,-420.338,4.403,-22.771,-102.800,-0.065,0.010,-0.432,46.73,7.10900
8.055,34.199,-115.860,-421.196,4.392,-22.769,-102.872,-0.065,0.010,-0.431,46.76,7.10908
8.063,34.235,-116.050,-422.053,4.381,-22.768,-102.944,-0.065,0.010,-0.430,46.80,7.10915
8.071,34.272,-116.240,-422.912,4.370,-22.766,-103.016,-0.065,0.010,-0.430,46.84,7.10923
8.080,34.308,-116.429,-423.771,4.360,-22.764,-103.087,-0.065,0.011,-0.429,46.88,7.10930
8.088,34.344,-116.619,-424.631,4.349,-22.763,-103.159,-0.065,0.011,-0.428,46.92,7.10937
8.096,34.380,-116.809,-425.491,4.338,-22.761,-103.230,-0.065,0.011,-0.428,46.95,7.10945
8.105,34.417,-116.998,-426.352,4.327,-22.759,-103.301,-0.066,0.011,-0.427,46.99,7.10952
8.113,34.452,-117.188,-427.213,4.316,-22.757,-103.373,-0.066,0.012,-0.426,47.03,7.10960
8.121,34.488,-117.378,-428.075,4.305,-22.755,-103.444,-0.066,0.012,-0.426,47.07,7.10967
8.130,34.524,-117.567,-428.938,4.294,-22.753,-103.515,-0.066,0.012,-0.425,47.10,7.10975
8.138,34.560,-117.757,-429.801,4.283,-22.751,-103.586,-0.066,0.012,-0.424,47.14,7.10982
8.146,34.595,-117.946,-430.665,4.272,-22.749,-103.656,-0.066,0.013,-0.424,47.18,7.10990
8.155,34.631,-118.136,-431.529,4.261,-22.747,-103.727,-0.066,0.013,-0.423,47.22,7.10997
8.163,34.666,-118.326,-432.394,4.250,-22.745,-103.797,-0.068,0.013,-0.429,47.26,7.11004
8.171,34.702,-118.515,-433.260,4.239,-22.742,-103.869,-0.067,0.013,-0.422,47.29,7.11012
8.180,34.737,-118.705,-434.126,4.228,-22.740,-103.939,-0.068,0.014,-0.428,47.33,7.11019
8.188,34.772,-118.894,-434.993,4.216,-22.738,-104.011,-0.068,0.014,-0.427,47.37,7.11027
8.196,34.807,-119.084,-435.860,4.205,-22.736,-104.082,-0.068,0.014,-0.426,47.41,7.11034
8.205,34.842,-119.273,-436.728,4.193,-22.733,-104.153,-0.068,0.014,-0.426,47.44,7.11042
8.213,34.877,-119.462,-437.597,4.182,-22.731,-104.224,-0.069,0.015,-0.425,47.48,7.11049
8.221,34.912,-119.652,-438.466,4.171,-22.728,-104.295,-0.069,0.015,-0.424,47.52,7.11057
8.230,34.946,-119.841,-439.336,4.159,-22.726,-104.365,-0.069,0.015,-0.424,47.56,7.11064
8.238,34.981,-120.031,-440.206,4.148,-22.723,-104.436,-0.069,0.015,-0.423,47.60,7.11072
8.246,35.015,-120.220,-441.077,4.136,-22.721,-104.507,-0.070,0.016,-0.429,47.63,7.11079
8.255,35.050,-120.409,-441.948,4.125,-22.718,-104.578,-0.069,0.016,-0.422,47.67,7.11087
8.263,35.084,-120.599,-442.821,4.113,-22.716,-104.648,-0.069,0.016,-0.421,47.71,7.11094
8.271,35.118,-120.788,-443.693,4.101,-22.713,-104.719,-0.070,0.016,-0.421,47.75,7.11102
8.280,35.152,-120.977,-444.566,4.090,-22.710,-104.789,-0.070,0.016,-0.420,47.78,7.11110
8.288,35.186,-121.166,-445.440,4.078,-22.707,-104.859,-0.070,0.017,-0.419,47.82,7.11117
8.296,35.220,-121.356,-446.315,4.067,-22.705,-104.929,-0.070,0.017,-0.419,47.86,7.11125
8.305,35.254,-121.545,-447.190,4.055,-22.702,-104.998,-0.070,0.017,-0.418,47.90,7.11132
8.313,35.288,-121.734,-448.065,4.043,-22.699,-105.068,-0.070,0.017,-0.417,47.94,7.11140
8.321,35.321,-121.923,-448.941,4.032,-22.696,-105.138,-0.070,0.018,-0.417,47.97,7.11147
8.330,35.355,-122.112,-449.818,4.020,-22.693,-105.207,-0.070,0.018,-0.416,48.01,7.11155
8.338,35.388,-122.301,-450.696,4.008,-22.690,-105.276,-0.071,0.018,-0.415,48.05,7.11162
8.346,35.421,-122.490,-451.573,3.996,-22.687,-105.346,-0.071,0.018,-0.415,48.09,7.11170
8.355,35.455,-122.679,-452.452,3.985,-22.684,-105.415,-0.071,0.018,-0.414,48.13,7.11177
8.363,35.488,-122.868,-453.331,3.973,-22.681,-105.484,-0.072,0.019,-0.420,48.16,7.11185
8.371,35.521,-123.057,-454.211,3.961,-22.678,-105.554,-0.071,0.019,-0.413,48.20,7.11193
8.380,35.554,-123.246,-455.091,3.949,-22.675,-105.622,-0.072,0.019,-0.418,48.24,7.11200
8.388,35.586,-123.435,-455.972,3.937,-22.671,-105.692,-0.072,0.020,-0.418,48.28,7.11208
8.396,35.619,-123.624,-456.853,3.925,-22.668,-105.762,-0.071,0.020,-0.411,48.31,7.11215
8.405,35.652,-123.813,-457.735,3.913,-22.665,-105.830,-0.073,0.020,-0.416,48.35,7.11223
8.413,35.684,-124.002,-458.617,3.901,-22.662,-105.899,-0.073,0.020,-0.415,48.39,7.11231
8.421,35.717,-124.191,-459.500,3.889,-22.658,-105.969,-0.073,0.020,-0.415,48.43,7.11238
8.430,35.749,-124.379,-460.384,3.876,-22.655,-106.038,-0.073,0.021,-0.414,48.47,7.11246
8.438,35.781,-124.568,-461.268,3.864,-22.651,-106.107,-0.073,0.021,-0.413,48.50,7.11253
8.446,35.813,-124.757,-462.153,3.852,-22.648,-106.176,-0.073,0.021,-0.413,48.54,7.11261
8.455,35.845,-124.946,-463.039,3.840,-22.644,-106.244,-0.073,0.021,-0.412,48.58,7.11269
8.463,35.877,-125.134,-463.924,3.828,-22.641,-106.313,-0.074,0.022,-0.411,48.62,7.11276
8.471,35.909,-125.323,-464.811,3.815,-22.637,-106.382,-0.074,0.022,-0.411,48.66,7.11284
8.480,35.941,-125.512,-465.698,3.803,-22.634,-106.450,-0.075,0.022,-0.416,48.69,7.11291
8.488,35.972,-125.700,-466.586,3.791,-22.630,-106.520,-0.074,0.022,-0.409,48.73,7.11299
8.496,36.004,-125.889,-467.474,3.778,-22.626,-106.588,-0.075,0.023,-0.415,48.77,7.11307
8.505,36.035,-126.077,-468.363,3.766,-22.622,-106.657,-0.074,0.023,-0.408,48.81,7.11314
8.513,36.066,-126.266,-469.252,3.753,-22.619,-106.725,-0.077,0.023,-0.420,48.84,7.11322
8.521,36.098,-126.454,-470.142,3.741,-22.615,-106.795,-0.076,0.023,-0.413,48.88,7.11330
8.530,36.129,-126.643,-471.033,3.728,-22.611,-106.864,-0.077,0.024,-0.418,48.92,7.11337
8.538,36.160,-126.831,-471.924,3.715,-22.607,-106.933,-0.077,0.024,-0.418,48.96,7.11345
8.546,36.191,-127.020,-472.817,3.702,-22.603,-107.003,-0.077,0.024,-0.417,49.00,7.11353
8.555,36.221,-127.208,-473.709,3.689,-22.599,-107.073,-0.077,0.025,-0.416,49.03,7.11360
8.563,36.252,-127.396,-474.602,3.677,-22.595,-107.142,-0.077,0.025,-0.416,49.07,7.11368
8.571,36.282,-127.584,-475.495,3.664,-22.591,-107.211,-0.077,0.025,-0.415,49.11,7.11376
8.580,36.313,-127.773,-476.389,3.651,-22.586,-107.280,-0.078,0.025,-0.414,49.15,7.11383
8.588,36.343,-127.961,-477.284,3.638,-22.582,-107.349,-0.078,0.025,-0.413,49.19,7.11391
8.596,36.373,-128.149,-478.179,3.625,-22.578,-107.418,-0.078,0.026,-0.413,49.22,7.11399
8.605,36.403,-128.337,-479.075,3.612,-22.574,-107.487,-0.078,0.026,-0.412,49.26,7.11406
8.613,36.433,-128.525,-479.971,3.599,-22.569,-107.556,-0.077,0.026,-0.405,49.30,7.11414
8.621,36.463,-128.713,-480.868,3.586,-22.565,-107.623,-0.077,0.026,-0.405,49.34,7.11422
8.630,36.493,-128.901,-481.765,3.573,-22.561,-107.691,-0.077,0.026,-0.404,49.37,7.11429
8.638,36.523,-129.089,-482.663,3.560,-22.557,-107.758,-0.077,0.026,-0.403,49.41,7.11437
8.646,36.552,-129.277,-483.562,3.547,-22.552,-107.825,-0.077,0.026,-0.403,49.45,7.11445
8.655,36.582,-129.465,-484.461,3.535,-22.548,-107.893,-0.078,0.027,-0.402,49.49,7.11452
8.663,36.611,-129.653,-485.361,3.522,-22.543,-107.960,-0.078,0.027,-0.401,49.53,7.11460
8.671,36.640,-129.841,-486.261,3.509,-22.539,-108.026,-0.078,0.027,-0.401,49.56,7.11468
8.680,36.670,-130.029,-487.162,3.496,-22.534,-108.093,-0.079,0.028,-0.406,49.60,7.11476
8.688,36.699,-130.216,-488.063,3.483,-22.530,-108.161,-0.079,0.028,-0.405,49.64,7.11483
8.696,36.727,-130.404,-488.965,3.469,-22.525,-108.228,-0.079,0.028,-0.405,49.68,7.11491
8.705,36.756,-130.592,-489.868,3.456,-22.521,-108.296,-0.078,0.028,-0.398,49.71,7.11499
8.713,36.785,-130.779,-490.771,3.443,-22.516,-108.362,-0.078,0.028,-0.397,49.75,7.11506
8.721,36.814,-130.967,-491.674,3.430,-22.511,-108.428,-0.080,0.028,-0.402,49.79,7.11514
8.730,36.842,-131.155,-492.579,3.417,-22.507,-108.495,-0.080,0.029,-0.402,49.83,7.11522
8.738,36.870,-131.342,-493.483,3.403,-22.502,-108.562,-0.080,0.029,-0.401,49.87,7.11530
8.746,36.899,-131.530,-494.388,3.390,-22.497,-108.629,-0.080,0.029,-0.400,49.90,7.11537
8.755,36.927,-131.717,-495.295,3.377,-22.492,-108.696,-0.080,0.029,-0.400,49.94,7.11545
8.763,36.955,-131.905,-496.202,3.364,-22.487,-108.763,-0.080,0.029,-0.399,49.98,7.11553
8.771,36.983,-132.092,-497.109,3.350,-22.482,-108.829,-0.080,0.030,-0.398,50.02,7.11561
8.780,37.011,-132.279,-498.016,3.337,-22.477,-108.895,-0.079,0.029,-0.392,50.05,7.11568
8.788,37.038,-132.467,-498.924,3.324,-22.473,-108.961,-0.079,0.030,-0.391,50.09,7.11576
8.796,37.066,-132.654,-499.833,3.310,-22.468,-109.026,-0.079,0.030,-0.390,50.13,7.11584
8.805,37.093,-132.841,-500.742,3.297,-22.463,-109.091,-0.080,0.030,-0.390,50.17,7.11592
8.813,37.121,-133.028,-501.652,3.284,-22.458,-109.156,-0.080,0.030,-0.389,50.21,7.11599
8.821,37.148,-133.216,-502.563,3.271,-22.453,-109.221,-0.080,0.030,-0.388,50.24,7.11607
8.830,37.175,-133.403,-503.474,3.257,-22.448,-109.286,-0.080,0.030,-0.388,50.28,7.11615
8.838,37.202,-133.590,-504.385,3.244,-22.443,-109.350,-0.080,0.031,-0.387,50.32,7.11623
8.846,37.229,-133.777,-505.297,3.231,-22.437,-109.415,-0.079,0.030,-0.381,50.36,7.11631
8.855,37.256,-133.964,-506.209,3.217,-22.432,-109.478,-0.079,0.030,-0.380,50.39,7.11638
8.863,37.283,-134.151,-507.122,3.204,-22.427,-109.542,-0.079,0.031,-0.379,50.43,7.11646
8.871,37.309,-134.337,-508.035,3.191,-22.422,-109.605,-0.079,0.031,-0.379,50.47,7.11654
8.880,37.336,-134.524,-508.949,3.178,-22.417,-109.668,-0.079,0.031,-0.378,50.51,7.11662
8.888,37.362,-134.711,-509.864,3.165,-22.412,-109.731,-0.079,0.031,-0.377,50.55,7.11670
8.896,37.388,-134.898,-510.779,3.152,-22.407,-109.794,-0.079,0.031,-0.377,50.58,7.11677
8.905,37.414,-135.084,-511.694,3.138,-22.402,-109.856,-0.078,0.031,-0.370,50.62,7.11685
8.913,37.441,-135.271,-512.610,3.125,-22.396,-109.918,-0.080,0.032,-0.375,50.66,7.11693
8.921,37.466,-135.458,-513.527,3.112,-22.391,-109.981,-0.080,0.032,-0.375,50.70,7.11701
8.930,37.492,-135.644,-514.444,3.099,-22.386,-110.043,-0.079,0.031,-0.368,50.73,7.11709
8.938,37.518,-135.831,-515.361,3.086,-22.381,-110.105,-0.079,0.032,-0.368,50.77,7.11717
8.946,37.544,-136.017,-516.279,3.072,-22.375,-110.166,-0.079,0.032,-0.367,50.81,7.11724
8.955,37.569,-136.204,-517.198,3.059,-22.370,-110.227,-0.079,0.032,-0.366,50.85,7.11732
8.963,37.594,-136.390,-518.117,3.046,-22.365,-110.288,-0.079,0.032,-0.366,50.88,7.11740
8.971,37.620,-136.576,-519.037,3.033,-22.359,-110.349,-0.079,0.032,-0.365,50.92,7.11748
8.980,37.645,-136.763,-519.957,3.020,-22.354,-110.410,-0.079,0.032,-0.364,50.96,7.11756
8.988,37.670,-136.949,-520.877,3.007,-22.349,-110.471,-0.079,0.033,-0.364,51.00,7.11764
8.996,37.695,-137.135,-521.799,2.993,-22.343,-110.531,-0.079,0.033,-0.363,51.03,7.11771
9.005,37.720,-137.321,-522.720,2.980,-22.338,-110.592,-0.079,0.033,-0.362,51.07,7.11779
9.013,37.744,-137.507,-523.642,2.967,-22.332,-110.652,-0.080,0.033,-0.362,51.11,7.11787
9.021,37.769,-137.693,-524.565,2.954,-22.327,-110.712,-0.080,0.033,-0.361,51.15,7.11795
9.030,37.794,-137.879,-525.488,2.940,-22.321,-110.773,-0.080,0.033,-0.360,51.18,7.11803
9.038,37.818,-138.065,-526.412,2.927,-22.316,-110.833,-0.080,0.033,-0.360,51.22,7.11811
9.046,37.842,-138.251,-527.336,2.914,-22.310,-110.893,-0.080,0.034,-0.359,51.26,7.11819
9.055,37.866,-138.437,-528.260,2.901,-22.304,-110.953,-0.079,0.033,-0.353,51.30,7.11826
9.063,37.890,-138.623,-529.185,2.887,-22.299,-111.011,-0.079,0.033,-0.352,51.33,7.11834
9.071,37.914,-138.809,-530.111,2.874,-22.293,-111.070,-0.080,0.034,-0.357,51.37,7.11842
9.080,37.938,-138.994,-531.037,2.861,-22.288,-111.130,-0.079,0.034,-0.351,51.41,7.11850
9.088,37.962,-139.180,-531.964,2.848,-22.282,-111.188,-0.079,0.034,-0.350,51.45,7.11858
9.096,37.986,-139.366,-532.891,2.835,-22.276,-111.247,-0.080,0.034,-0.355,51.48,7.11866
9.105,38.009,-139.551,-533.818,2.821,-22.271,-111.306,-0.079,0.034,-0.349,51.52,7.11874
9.113,38.033,-139.737,-534.746,2.808,-22.265,-111.364,-0.081,0.035,-0.354,51.56,7.11882
9.121,38.056,-139.922,-535.675,2.795,-22.259,-111.423,-0.081,0.035,-0.353,51.59,7.11890
9.130,38.079,-140.108,-536.604,2.781,-22.253,-111.482,-0.081,0.035,-0.353,51.63,7.11897
9.138,38.102,-140.293,-537.533,2.768,-22.247,-111.541,-0.081,0.035,-0.352,51.67,7.11905
9.146,38.125,-140.479,-538.464,2.754,-22.242,-111.599,-0.081,0.035,-0.351,51.71,7.11913
9.155,38.148,-140.664,-539.394,2.741,-22.236,-111.658,-0.081,0.035,-0.351,51.74,7.11921
9.163,38.171,-140.849,-540.325,2.727,-22.230,-111.716,-0.081,0.036,-0.350,51.78,7.11929
9.171,38.193,-141.034,-541.256,2.714,-22.224,-111.775,-0.081,0.036,-0.349,51.82,7.11937
9.180,38.216,-141.219,-542.188,2.700,-22.218,-111.833,-0.081,0.036,-0.349,51.86,7.11945
9.188,38.238,-141.405,-543.121,2.687,-22.212,-111.891,-0.081,0.036,-0.348,51.89,7.11953
9.196,38.260,-141.590,-544.054,2.673,-22.206,-111.949,-0.081,0.036,-0.347,51.93,7.11961
9.205,38.283,-141.775,-544.987,2.660,-22.200,-112.007,-0.081,0.036,-0.347,51.97,7.11969
9.213,38.305,-141.960,-545.921,2.646,-22.194,-112.065,-0.081,0.036,-0.346,52.00,7.11977
9.221,38.327,-142.144,-546.855,2.632,-22.188,-112.122,-0.082,0.037,-0.345,52.04,7.11985
9.230,38.348,-142.329,-547.790,2.619,-22.182,-112.180,-0.082,0.037,-0.345,52.08,7.11993
9.238,38.370,-142.514,-548.726,2.605,-22.176,-112.237,-0.082,0.037,-0.344,52.12,7.12000
9.246,38.392,-142.699,-549.661,2.592,-22.169,-112.295,-0.082,0.037,-0.344,52.15,7.12008
9.255,38.413,-142.884,-550.598,2.578,-22.163,-112.352,-0.082,0.037,-0.343,52.19,7.12016
9.263,38.435,-143.068,-551.534,2.564,-22.157,-112.409,-0.082,0.037,-0.342,52.23,7.12024
9.271,38.456,-143.253,-552.472,2.551,-22.151,-112.466,-0.082,0.037,-0.342,52.26,7.12032
9.280,38.477,-143.437,-553.409,2.537,-22.145,-112.523,-0.082,0.037,-0.341,52.30,7.12040
9.288,38.498,-143.622,-554.348,2.523,-22.138,-112.580,-0.082,0.038,-0.340,52.34,7.12048
9.296,38.519,-143.806,-555.286,2.510,-22.132,-112.637,-0.082,0.038,-0.340,52.38,7.12056
9.305,38.540,-143.991,-556.225,2.496,-22.126,-112.693,-0.082,0.038,-0.339,52.41,7.12064
9.313,38.560,-144.175,-557.165,2.482,-22.120,-112.750,-0.082,0.038,-0.338,52.45,7.12072
9.321,38.581,-144.359,-558.105,2.469,-22.113,-112.806,-0.082,0.038,-0.338,52.49,7.12080
9.330,38.601,-144.543,-559.046,2.455,-22.107,-112.862,-0.082,0.038,-0.337,52.52,7.12088
9.338,38.622,-144.728,-559.987,2.441,-22.101,-112.919,-0.082,0.038,-0.336,52.56,7.12096
9.346,38.642,-144.912,-560.928,2.427,-22.094,-112.975,-0.083,0.038,-0.336,52.60,7.12104
9.355,38.662,-145.096,-561.870,2.414,-22.088,-113.031,-0.083,0.039,-0.335,52.63,7.12112
9.363,38.682,-145.280,-562.812,2.400,-22.081,-113.087,-0.083,0.039,-0.334,52.67,7.12120
9.371,38.702,-145.464,-563.755,2.386,-22.075,-113.142,-0.083,0.039,-0.334,52.71,7.12128
9.380,38.722,-145.648,-564.699,2.372,-22.069,-113.198,-0.083,0.039,-0.333,52.74,7.12136
9.388,38.741,-145.832,-565.642,2.358,-22.062,-113.253,-0.083,0.039,-0.333,52.78,7.12144
9.396,38.761,-146.015,-566.587,2.345,-22.056,-113.309,-0.083,0.039,-0.332,52.82,7.12152
9.405,38.780,-146.199,-567.531,2.331,-22.049,-113.364,-0.082,0.039,-0.326,52.86,7.12160
9.413,38.800,-146.383,-568.477,2.317,-22.043,-113.419,-0.082,0.039,-0.326,52.89,7.12168
9.421,38.819,-146.567,-569.423,2.304,-22.036,-113.473,-0.082,0.039,-0.325,52.93,7.12176
9.430,38.838,-146.750,-570.369,2.290,-22.030,-113.527,-0.082,0.039,-0.324,52.97,7.12184
9.438,38.857,-146.934,-571.315,2.276,-22.023,-113.581,-0.082,0.039,-0.324,53.00,7.12192
9.446,38.876,-147.117,-572.262,2.263,-22.017,-113.635,-0.082,0.039,-0.323,53.04,7.12200
9.455,38.894,-147.301,-573.210,2.249,-22.010,-113.689,-0.082,0.039,-0.322,53.08,7.12208
9.463,38.913,-147.484,-574.157,2.235,-22.004,-113.743,-0.082,0.039,-0.322,53.11,7.12216
9.479,38.932,-147.667,-575.106,2.222,-21.997,-113.796,-0.082,0.039,-0.321,53.15,7.12224
9.487,38.966,-148.008,-576.871,2.196,-21.985,-113.896,-0.082,0.040,-0.320,53.22,7.12239
9.495,38.984,-148.191,-577.821,2.182,-21.978,-113.949,-0.082,0.040,-0.319,53.25,7.12247
9.504,39.002,-148.374,-578.771,2.169,-21.972,-114.002,-0.082,0.040,-0.319,53.29,7.12255
9.512,39.020,-148.557,-579.721,2.155,-21.965,-114.056,-0.082,0.040,-0.318,53.33,7.12263
9.520,39.038,-148.740,-580.672,2.141,-21.958,-114.109,-0.083,0.040,-0.318,53.36,7.12271
9.529,39.055,-148.923,-581.623,2.127,-21.952,-114.161,-0.083,0.040,-0.317,53.40,7.12279
9.537,39.073,-149.106,-582.575,2.114,-21.945,-114.214,-0.083,0.040,-0.316,53.44,7.12287
9.545,39.091,-149.289,-583.527,2.100,-21.938,-114.267,-0.083,0.040,-0.316,53.47,7.12295
9.554,39.108,-149.472,-584.480,2.086,-21.931,-114.320,-0.083,0.040,-0.315,53.51,7.12303
9.562,39.125,-149.654,-585.433,2.072,-21.925,-114.372,-0.083,0.041,-0.314,53.55,7.12311
9.570,39.142,-149.837,-586.387,2.058,-21.918,-114.425,-0.083,0.041,-0.314,53.58,7.12319
9.579,39.159,-150.020,-587.341,2.045,-21.911,-114.477,-0.083,0.041,-0.313,53.62,7.12328
9.587,39.176,-150.202,-588.295,2.031,-21.904,-114.529,-0.083,0.041,-0.313,53.66,7.12336
9.595,39.193,-150.385,-589.250,2.017,-21.898,-114.581,-0.083,0.041,-0.312,53.69,7.12344
9.604,39.210,-150.567,-590.205,2.003,-21.891,-114.633,-0.083,0.041,-0.311,53.73,7.12352
9.612,39.226,-150.749,-591.161,1.989,-21.884,-114.685,-0.083,0.041,-0.311,53.77,7.12360
9.620,39.243,-150.932,-592.117,1.976,-21.877,-114.737,-0.083,0.041,-0.310,53.80,7.12368
9.629,39.259,-151.114,-593.074,1.962,-21.870,-114.788,-0.083,0.041,-0.309,53.84,7.12376
9.637,39.275,-151.296,-594.031,1.948,-21.863,-114.840,-0.083,0.041,-0.309,53.88,7.12384
9.645,39.292,-151.478,-594.988,1.934,-21.856,-114.892,-0.083,0.042,-0.308,53.91,7.12392
9.654,39.308,-151.660,-595.946,1.920,-21.849,-114.943,-0.083,0.042,-0.308,53.95,7.12400
9.662,39.323,-151.842,-596.905,1.906,-21.842,-114.994,-0.083,0.042,-0.307,53.99,7.12408
9.670,39.339,-152.024,-597.863,1.892,-21.836,-115.045,-0.083,0.042,-0.306,54.02,7.12416
9.679,39.355,-152.206,-598.822,1.878,-21.829,-115.096,-0.083,0.042,-0.306,54.06,7.12424
9.687,39.370,-152.388,-599.782,1.865,-21.822,-115.147,-0.083,0.042,-0.305,54.10,7.12433
9.695,39.386,-152.570,-600.742,1.851,-21.815,-115.198,-0.084,0.042,-0.305,54.13,7.12441
9.704,39.401,-152.752,-601.702,1.837,-21.808,-115.249,-0.084,0.042,-0.304,54.17,7.12449
9.712,39.416,-152.933,-602.663,1.823,-21.801,-115.300,-0.084,0.042,-0.303,54.20,7.12457
9.720,39.431,-153.115,-603.626,1.809,-21.794,-115.350,-0.084,0.042,-0.303,54.24,7.12465
9.729,39.446,-153.297,-604.587,1.795,-21.786,-115.401,-0.084,0.042,-0.302,54.28,7.12473
9.737,39.461,-153.478,-605.549,1.781,-21.779,-115.451,-0.084,0.042,-0.301,54.31,7.12481
9.745,39.476,-153.660,-606.514,1.767,-21.772,-115.501,-0.084,0.043,-0.301,54.35,7.12489
9.754,39.491,-153.841,-607.477,1.753,-21.765,-115.552,-0.084,0.043,-0.300,54.39,7.12497
9.762,39.505,-154.023,-608.440,1.739,-21.758,-115.602,-0.084,0.043,-0.300,54.42,7.12506
9.770,39.519,-154.204,-609.404,1.725,-21.751,-115.651,-0.084,0.043,-0.299,54.46,7.12514
9.779,39.534,-154.385,-610.368,1.711,-21.744,-115.701,-0.084,0.043,-0.298,54.49,7.12522
9.787,39.548,-154.566,-611.333,1.697,-21.737,-115.751,-0.084,0.043,-0.298,54.53,7.12530
9.795,39.562,-154.748,-612.299,1.683,-21.730,-115.801,-0.084,0.043,-0.297,54.57,7.12538
9.804,39.576,-154.929,-613.264,1.669,-21.722,-115.850,-0.084,0.043,-0.297,54.60,7.12546
9.812,39.590,-155.110,-614.230,1.655,-21.715,-115.900,-0.084,0.043,-0.296,54.64,7.12554
9.820,39.603,-155.290,-615.196,1.641,-21.708,-115.949,-0.084,0.043,-0.295,54.68,7.12562
9.829,39.617,-155.471,-616.163,1.627,-21.701,-115.998,-0.084,0.043,-0.295,54.71,7.12571
9.837,39.630,-155.652,-617.131,1.613,-21.694,-116.047,-0.084,0.043,-0.294,54.75,7.12579
9.845,39.644,-155.833,-618.098,1.599,-21.686,-116.096,-0.085,0.044,-0.298,54.78,7.12587
9.854,39.657,-156.014,-619.066,1.585,-21.679,-116.146,-0.084,0.044,-0.293,54.82,7.12595
9.862,39.670,-156.194,-620.035,1.571,-21.672,-116.195,-0.086,0.044,-0.297,54.86,7.12603
9.870,39.683,-156.375,-621.003,1.557,-21.664,-116.244,-0.084,0.044,-0.292,54.89,7.12611
9.879,39.696,-156.555,-621.972,1.542,-21.657,-116.293,-0.087,0.045,-0.300,54.93,7.12619
9.889,39.708,-156.736,-622.942,1.528,-21.650,-116.343,-0.087,0.045,-0.300,54.96,7.12628
9.897,39.724,-156.956,-624.126,1.510,-21.640,-116.404,-0.087,0.045,-0.299,55.01,7.12638
9.905,39.736,-157.136,-625.097,1.496,-21.633,-116.454,-0.087,0.045,-0.298,55.04,7.12646
9.914,39.749,-157.316,-626.068,1.481,-21.625,-116.504,-0.087,0.045,-0.298,55.08,7.12654
9.922,39.761,-157.497,-627.039,1.467,-21.618,-116.553,-0.087,0.046,-0.297,55.12,7.12662
9.930,39.773,-157.677,-628.011,1.452,-21.610,-116.603,-0.087,0.046,-0.296,55.15,7.12670
9.939,39.785,-157.857,-628.983,1.438,-21.602,-116.652,-0.087,0.046,-0.296,55.19,7.12678
9.947,39.797,-158.037,-629.955,1.423,-21.595,-116.701,-0.087,0.046,-0.295,55.22,7.12687
9.955,39.809,-158.216,-630.928,1.409,-21.587,-116.751,-0.087,0.046,-0.295,55.26,7.12695
9.964,39.820,-158.396,-631.902,1.394,-21.580,-116.800,-0.087,0.046,-0.294,55.30,7.12703
9.972,39.832,-158.576,-632.875,1.380,-21.572,-116.849,-0.087,0.046,-0.293,55.33,7.12711
9.980,39.843,-158.756,-633.849,1.365,-21.564,-116.897,-0.087,0.046,-0.293,55.37,7.12719
9.989,39.854,-158.935,-634.824,1.351,-21.557,-116.946,-0.087,0.046,-0.292,55.40,7.12728
9.997,39.865,-159.115,-635.799,1.336,-21.549,-116.995,-0.087,0.046,-0.291,55.44,7.12736
10.005,39.876,-159.295,-636.774,1.321,-21.541,-117.044,-0.087,0.046,-0.291,55.48,7.12744
10.014,39.887,-159.474,-637.750,1.307,-21.534,-117.092,-0.087,0.046,-0.290,55.51,7.12752
10.022,39.898,-159.653,-638.726,1.292,-21.526,-117.140,-0.087,0.046,-0.290,55.55,7.12760
10.030,39.909,-159.833,-639.703,1.278,-21.518,-117.189,-0.087,0.046,-0.289,55.58,7.12769
10.039,39.919,-160.012,-640.680,1.263,-21.510,-117.237,-0.087,0.046,-0.288,55.62,7.12777
10.047,39.930,-160.191,-641.657,1.249,-21.503,-117.285,-0.087,0.046,-0.288,55.65,7.12785
10.055,39.940,-160.370,-642.635,1.234,-21.495,-117.333,-0.087,0.047,-0.287,55.69,7.12793
10.064,39.950,-160.549,-643.613,1.219,-21.487,-117.381,-0.087,0.047,-0.287,55.73,7.12801
10.072,39.960,-160.728,-644.592,1.205,-21.479,-117.428,-0.088,0.047,-0.286,55.76,7.12810
10.080,39.970,-160.907,-645.571,1.190,-21.472,-117.476,-0.089,0.047,-0.290,55.80,7.12818
10.089,39.980,-161.086,-646.550,1.175,-21.464,-117.524,-0.088,0.047,-0.285,55.83,7.12826
10.097,39.990,-161.265,-647.530,1.161,-21.456,-117.572,-0.089,0.048,-0.288,55.87,7.12834
10.105,39.999,-161.444,-648.510,1.146,-21.448,-117.620,-0.089,0.048,-0.288,55.90,7.12842
10.114,40.009,-161.622,-649.491,1.131,-21.440,-117.668,-0.089,0.048,-0.287,55.94,7.12851
10.122,40.018,-161.801,-650.472,1.116,-21.432,-117.716,-0.089,0.048,-0.287,55.98,7.12859
10.130,40.027,-161.979,-651.453,1.102,-21.424,-117.763,-0.089,0.048,-0.286,56.01,7.12867
10.139,40.036,-162.158,-652.435,1.087,-21.416,-117.811,-0.089,0.048,-0.285,56.05,7.12875
10.147,40.045,-162.336,-653.417,1.072,-21.408,-117.859,-0.089,0.048,-0.285,56.08,7.12884
10.155,40.054,-162.515,-654.400,1.057,-21.400,-117.906,-0.089,0.048,-0.284,56.12,7.12892
10.164,40.063,-162.693,-655.383,1.042,-21.392,-117.954,-0.089,0.048,-0.284,56.15,7.12900
10.172,40.071,-162.871,-656.366,1.027,-21.384,-118.001,-0.089,0.048,-0.283,56.19,7.12908
10.180,40.080,-163.049,-657.350,1.013,-21.376,-118.048,-0.089,0.048,-0.282,56.23,7.12917
10.189,40.088,-163.227,-658.334,0.998,-21.368,-118.095,-0.089,0.048,-0.282,56.26,7.12925
10.197,40.096,-163.405,-659.319,0.983,-21.360,-118.142,-0.089,0.048,-0.281,56.30,7.12933
10.205,40.104,-163.583,-660.303,0.968,-21.352,-118.189,-0.089,0.048,-0.280,56.33,7.12941
10.214,40.112,-163.761,-661.289,0.953,-21.344,-118.236,-0.089,0.048,-0.280,56.37,7.12950
10.222,40.120,-163.939,-662.274,0.938,-21.336,-118.282,-0.089,0.048,-0.279,56.40,7.12958
10.230,40.128,-164.117,-663.261,0.923,-21.328,-118.329,-0.089,0.048,-0.279,56.44,7.12966
10.239,40.135,-164.294,-664.247,0.909,-21.320,-118.375,-0.089,0.048,-0.278,56.47,7.12974
10.247,40.143,-164.472,-665.235,0.894,-21.312,-118.422,-0.089,0.048,-0.277,56.51,7.12983
10.256,40.150,-164.650,-666.222,0.879,-21.304,-118.468,-0.089,0.048,-0.277,56.55,7.12991
10.264,40.157,-164.827,-667.210,0.864,-21.296,-118.514,-0.089,0.049,-0.276,56.58,7.12999
10.272,40.164,-165.005,-668.198,0.849,-21.288,-118.560,-0.089,0.049,-0.276,56.62,7.13007
10.281,40.171,-165.182,-669.187,0.834,-21.280,-118.606,-0.089,0.049,-0.275,56.65,7.13016
10.289,40.178,-165.359,-670.175,0.819,-21.272,-118.652,-0.089,0.049,-0.274,56.69,7.13024
10.297,40.185,-165.536,-671.164,0.805,-21.263,-118.697,-0.089,0.049,-0.274,56.72,7.13032
10.306,40.191,-165.714,-672.154,0.790,-21.255,-118.743,-0.089,0.049,-0.273,56.76,7.13040
10.314,40.198,-165.891,-673.144,0.775,-21.247,-118.789,-0.089,0.049,-0.273,56.79,7.13049
10.322,40.204,-166.068,-674.136,0.760,-21.239,-118.834,-0.089,0.049,-0.272,56.83,7.13057
10.331,40.210,-166.245,-675.126,0.745,-21.231,-118.879,-0.089,0.049,-0.271,56.86,7.13065
10.339,40.216,-166.422,-676.117,0.730,-21.223,-118.925,-0.089,0.049,-0.271,56.90,7.13074
10.347,40.222,-166.598,-677.109,0.715,-21.215,-118.970,-0.088,0.048,-0.266,56.93,7.13082
10.356,40.228,-166.775,-678.101,0.701,-21.207,-119.014,-0.088,0.048,-0.266,56.97,7.13090
10.364,40.234,-166.952,-679.096,0.686,-21.199,-119.059,-0.088,0.048,-0.265,57.01,7.13099
10.372,40.239,-167.129,-680.088,0.671,-21.190,-119.103,-0.087,0.048,-0.261,57.04,7.13107
10.381,40.245,-167.305,-681.081,0.657,-21.183,-119.146,-0.088,0.048,-0.264,57.08,7.13115
10.389,40.250,-167.482,-682.074,0.642,-21.174,-119.190,-0.087,0.048,-0.259,57.11,7.13123
10.397,40.256,-167.658,-683.068,0.628,-21.167,-119.233,-0.087,0.048,-0.259,57.15,7.13132
10.406,40.261,-167.835,-684.062,0.613,-21.159,-119.277,-0.087,0.048,-0.258,57.18,7.13140
10.414,40.266,-168.011,-685.056,0.599,-21.151,-119.320,-0.088,0.049,-0.262,57.22,7.13148
10.422,40.271,-168.187,-686.051,0.584,-21.143,-119.363,-0.088,0.049,-0.261,57.25,7.13157
10.431,40.275,-168.363,-687.046,0.570,-21.134,-119.407,-0.088,0.049,-0.260,57.29,7.13165
10.439,40.280,-168.539,-688.042,0.555,-21.126,-119.450,-0.088,0.049,-0.260,57.32,7.13173
10.447,40.284,-168.715,-689.037,0.540,-21.118,-119.493,-0.088,0.049,-0.259,57.36,7.13182
10.456,40.289,-168.892,-690.040,0.526,-21.110,-119.537,-0.088,0.049,-0.259,57.39,7.13190
10.464,40.293,-169.068,-691.037,0.511,-21.102,-119.580,-0.088,0.049,-0.258,57.43,7.13198
10.472,40.297,-169.244,-692.033,0.496,-21.094,-119.623,-0.088,0.049,-0.258,57.46,7.13207
10.481,40.301,-169.420,-693.031,0.482,-21.086,-119.666,-0.088,0.049,-0.257,57.50,7.13215
10.489,40.305,-169.595,-694.028,0.467,-21.078,-119.709,-0.088,0.049,-0.256,57.53,7.13223
10.497,40.309,-169.771,-695.026,0.452,-21.069,-119.751,-0.088,0.049,-0.256,57.57,7.13232
10.506,40.313,-169.946,-696.025,0.438,-21.061,-119.794,-0.088,0.049,-0.255,57.60,7.13240
10.514,40.316,-170.122,-697.023,0.423,-21.053,-119.837,-0.088,0.049,-0.255,57.64,7.13248
10.522,40.319,-170.297,-698.022,0.408,-21.045,-119.879,-0.088,0.049,-0.254,57.67,7.13257
10.531,40.323,-170.473,-699.022,0.394,-21.037,-119.921,-0.089,0.050,-0.257,57.71,7.13265
10.539,40.326,-170.648,-700.021,0.379,-21.029,-119.964,-0.088,0.049,-0.253,57.74,7.13273
10.547,40.329,-170.823,-701.021,0.364,-21.020,-120.006,-0.089,0.050,-0.256,57.78,7.13282
10.556,40.332,-170.998,-702.022,0.349,-21.012,-120.049,-0.089,0.050,-0.256,57.81,7.13290
10.564,40.335,-171.173,-703.023,0.334,-21.004,-120.092,-0.089,0.050,-0.255,57.85,7.13298
10.572,40.337,-171.348,-704.024,0.320,-20.996,-120.134,-0.089,0.050,-0.254,57.88,7.13307
10.581,40.340,-171.523,-705.025,0.305,-20.987,-120.177,-0.089,0.050,-0.254,57.92,7.13315
10.589,40.342,-171.698,-706.027,0.290,-20.979,-120.219,-0.089,0.050,-0.253,57.95,7.13323
10.597,40.345,-171.873,-707.029,0.275,-20.971,-120.261,-0.089,0.050,-0.253,57.99,7.13332
10.606,40.347,-172.047,-708.032,0.260,-20.962,-120.303,-0.089,0.050,-0.252,58.02,7.13340
10.614,40.349,-172.222,-709.035,0.245,-20.954,-120.345,-0.089,0.050,-0.252,58.06,7.13348
10.622,40.351,-172.396,-710.038,0.230,-20.946,-120.387,-0.088,0.049,-0.247,58.09,7.13357
10.631,40.352,-172.571,-711.041,0.216,-20.937,-120.428,-0.088,0.049,-0.247,58.13,7.13365
10.639,40.354,-172.745,-712.045,0.201,-20.929,-120.470,-0.088,0.049,-0.246,58.16,7.13374
10.647,40.356,-172.920,-713.050,0.187,-20.921,-120.511,-0.088,0.049,-0.246,58.20,7.13382
10.656,40.357,-173.094,-714.054,0.172,-20.913,-120.552,-0.088,0.049,-0.245,58.23,7.13390
10.664,40.358,-173.268,-715.059,0.157,-20.905,-120.592,-0.088,0.049,-0.244,58.27,7.13399
10.672,40.360,-173.442,-716.065,0.143,-20.896,-120.633,-0.088,0.049,-0.244,58.30,7.13407
10.681,40.361,-173.616,-717.070,0.128,-20.888,-120.674,-0.088,0.049,-0.243,58.33,7.13415
10.689,40.362,-173.790,-718.076,0.113,-20.880,-120.714,-0.088,0.049,-0.243,58.37,7.13424
10.697,40.362,-173.964,-719.082,0.099,-20.872,-120.755,-0.088,0.049,-0.242,58.40,7.13432
10.706,40.363,-174.138,-720.089,0.084,-20.863,-120.795,-0.088,0.049,-0.242,58.44,7.13440
10.714,40.364,-174.312,-721.096,0.070,-20.855,-120.835,-0.088,0.049,-0.241,58.47,7.13449
10.722,40.364,-174.486,-722.103,0.055,-20.847,-120.876,-0.088,0.049,-0.241,58.51,7.13457
10.731,40.365,-174.659,-723.111,0.040,-20.839,-120.916,-0.086,0.049,-0.236,58.54,7.13466
10.739,40.365,-174.833,-724.119,0.026,-20.831,-120.955,-0.088,0.049,-0.239,58.58,7.13474
10.747,40.365,-175.007,-725.127,0.011,-20.822,-120.995,-0.088,0.049,-0.239,58.61,7.13482
10.756,40.365,-175.180,-726.136,-0.003,-20.814,-121.035,-0.088,0.049,-0.238,58.65,7.13491
10.764,40.365,-175.353,-727.145,-0.018,-20.806,-121.075,-0.088,0.049,-0.238,58.68,7.13499
10.772,40.364,-175.527,-728.154,-0.032,-20.798,-121.114,-0.086,0.049,-0.234,58.72,7.13508
10.781,40.364,-175.700,-729.164,-0.047,-20.790,-121.153,-0.086,0.049,-0.233,58.75,7.13516
10.789,40.363,-175.873,-730.174,-0.061,-20.781,-121.192,-0.086,0.049,-0.233,58.78,7.13524
10.797,40.363,-176.046,-731.184,-0.076,-20.773,-121.231,-0.087,0.050,-0.236,58.82,7.13533
10.806,40.362,-176.219,-732.195,-0.090,-20.765,-121.270,-0.086,0.049,-0.231,58.85,7.13541
10.814,40.361,-176.392,-733.206,-0.105,-20.757,-121.309,-0.087,0.050,-0.234,58.89,7.13550
10.822,40.360,-176.565,-734.217,-0.119,-20.749,-121.348,-0.087,0.050,-0.234,58.92,7.13558
10.831,40.359,-176.738,-735.228,-0.134,-20.740,-121.387,-0.089,0.050,-0.237,58.96,7.13566
10.839,40.358,-176.911,-736.240,-0.148,-20.732,-121.426,-0.087,0.050,-0.233,58.99,7.13575
10.847,40.357,-177.083,-737.253,-0.163,-20.724,-121.465,-0.087,0.050,-0.232,59.03,7.13583
10.856,40.355,-177.256,-738.265,-0.178,-20.716,-121.504,-0.087,0.050,-0.232,59.06,7.13592
10.864,40.353,-177.429,-739.278,-0.192,-20.707,-121.542,-0.087,0.050,-0.231,59.09,7.13600
10.872,40.352,-177.601,-740.291,-0.207,-20.699,-121.581,-0.087,0.050,-0.231,59.13,7.13608
10.881,40.350,-177.774,-741.305,-0.221,-20.691,-121.619,-0.087,0.050,-0.230,59.16,7.13617
10.889,40.348,-177.946,-742.319,-0.236,-20.682,-121.657,-0.087,0.050,-0.229,59.20,7.13625
10.897,40.346,-178.118,-743.333,-0.250,-20.674,-121.696,-0.087,0.050,-0.229,59.23,7.13634
10.906,40.344,-178.290,-744.347,-0.265,-20.666,-121.734,-0.087,0.050,-0.228,59.27,7.13642
10.914,40.341,-178.463,-745.362,-0.279,-20.658,-121.772,-0.087,0.050,-0.228,59.30,7.13651
10.922,40.339,-178.635,-746.377,-0.294,-20.649,-121.810,-0.087,0.050,-0.227,59.33,7.13659
10.931,40.336,-178.807,-747.392,-0.308,-20.641,-121.848,-0.088,0.050,-0.230,59.37,7.13667
10.939,40.334,-178.979,-748.408,-0.323,-20.633,-121.886,-0.088,0.050,-0.230,59.40,7.13676
10.947,40.331,-179.150,-749.424,-0.338,-20.624,-121.924,-0.088,0.050,-0.229,59.44,7.13684
10.956,40.328,-179.322,-750.441,-0.353,-20.616,-121.963,-0.088,0.050,-0.229,59.47,7.13693
10.964,40.325,-179.494,-751.457,-0.367,-20.608,-122.001,-0.088,0.050,-0.228,59.50,7.13701
10.972,40.322,-179.666,-752.474,-0.382,-20.599,-122.039,-0.088,0.050,-0.227,59.54,7.13710
10.981,40.318,-179.837,-753.492,-0.397,-20.591,-122.077,-0.088,0.050,-0.227,59.57,7.13718
10.989,40.315,-180.009,-754.509,-0.411,-20.582,-122.114,-0.088,0.050,-0.226,59.61,7.13726
10.997,40.311,-180.180,-755.527,-0.426,-20.574,-122.152,-0.088,0.050,-0.226,59.64,7.13735
11.006,40.308,-180.352,-756.545,-0.441,-20.566,-122.190,-0.088,0.050,-0.225,59.68,7.13743
11.014,40.304,-180.533,-757.624,-0.456,-20.557,-122.230,-0.088,0.050,-0.225,59.71,7.13752
11.023,40.300,-180.705,-758.645,-0.471,-20.548,-122.267,-0.088,0.050,-0.224,59.75,7.13761
11.031,40.296,-180.876,-759.664,-0.486,-20.540,-122.304,-0.088,0.050,-0.224,59.78,7.13769
11.039,40.291,-181.047,-760.684,-0.500,-20.532,-122.342,-0.088,0.050,-0.223,59.81,7.13778
11.048,40.287,-181.218,-761.704,-0.515,-20.523,-122.379,-0.088,0.050,-0.223,59.85,7.13786
11.056,40.283,-181.389,-762.724,-0.530,-20.515,-122.416,-0.088,0.050,-0.222,59.88,7.13795
11.064,40.278,-181.560,-763.744,-0.544,-20.506,-122.453,-0.088,0.050,-0.221,59.92,7.13803
11.073,40.274,-181.731,-764.765,-0.559,-20.498,-122.490,-0.088,0.050,-0.221,59.95,7.13812
11.081,40.269,-181.901,-765.786,-0.574,-20.490,-122.527,-0.088,0.050,-0.220,59.98,7.13820
11.089,40.264,-182.072,-766.807,-0.588,-20.481,-122.563,-0.088,0.050,-0.220,60.02,7.13828
11.098,40.259,-182.243,-767.829,-0.603,-20.473,-122.600,-0.089,0.051,-0.223,60.05,7.13837
11.106,40.254,-182.413,-768.851,-0.618,-20.464,-122.637,-0.089,0.051,-0.222,60.08,7.13845
11.114,40.248,-182.584,-769.873,-0.633,-20.456,-122.674,-0.089,0.051,-0.221,60.12,7.13854
11.123,40.243,-182.754,-770.896,-0.648,-20.447,-122.711,-0.089,0.051,-0.221,60.15,7.13862
11.131,40.237,-182.924,-771.919,-0.662,-20.439,-122.748,-0.089,0.051,-0.220,60.19,7.13871
11.139,40.232,-183.095,-772.942,-0.677,-20.430,-122.785,-0.089,0.051,-0.220,60.22,7.13879
11.148,40.226,-183.265,-773.966,-0.692,-20.422,-122.821,-0.089,0.051,-0.219,60.25,7.13888
11.156,40.220,-183.435,-774.990,-0.707,-20.413,-122.858,-0.089,0.051,-0.219,60.29,7.13896
11.164,40.214,-183.605,-776.014,-0.722,-20.405,-122.894,-0.089,0.051,-0.218,60.32,7.13905
11.173,40.208,-183.775,-777.038,-0.736,-20.396,-122.931,-0.089,0.051,-0.218,60.36,7.13913
11.181,40.202,-183.945,-778.063,-0.751,-20.388,-122.967,-0.089,0.051,-0.217,60.39,7.13922
11.189,40.195,-184.115,-779.088,-0.766,-20.379,-123.003,-0.089,0.051,-0.217,60.42,7.13930
11.198,40.189,-184.284,-780.113,-0.781,-20.371,-123.039,-0.089,0.051,-0.216,60.46,7.13939
11.206,40.182,-184.454,-781.139,-0.796,-20.362,-123.075,-0.089,0.051,-0.216,60.49,7.13947
11.214,40.176,-184.624,-782.165,-0.810,-20.354,-123.111,-0.089,0.051,-0.215,60.52,7.13956
11.223,40.169,-184.793,-783.191,-0.825,-20.345,-123.147,-0.088,0.051,-0.214,60.56,7.13964
11.231,40.162,-184.963,-784.218,-0.840,-20.337,-123.183,-0.088,0.051,-0.214,60.59,7.13973
11.239,40.155,-185.132,-785.245,-0.855,-20.328,-123.218,-0.088,0.051,-0.213,60.63,7.13981
11.248,40.147,-185.301,-786.272,-0.869,-20.320,-123.254,-0.088,0.051,-0.213,60.66,7.13990
11.256,40.140,-185.471,-787.299,-0.884,-20.312,-123.289,-0.088,0.051,-0.212,60.69,7.13998
11.264,40.132,-185.640,-788.327,-0.899,-20.303,-123.325,-0.088,0.051,-0.212,60.73,7.14007
11.273,40.125,-185.809,-789.355,-0.913,-20.295,-123.360,-0.089,0.051,-0.214,60.76,7.14015
11.281,40.117,-185.978,-790.383,-0.928,-20.286,-123.396,-0.089,0.051,-0.214,60.79,7.14024
11.289,40.109,-186.147,-791.412,-0.943,-20.277,-123.432,-0.089,0.051,-0.213,60.83,7.14032
11.298,40.101,-186.316,-792.441,-0.958,-20.269,-123.467,-0.089,0.051,-0.213,60.86,7.14041
11.306,40.093,-186.485,-793.470,-0.973,-20.260,-123.503,-0.089,0.051,-0.212,60.89,7.14049
11.314,40.085,-186.654,-794.499,-0.988,-20.252,-123.538,-0.089,0.051,-0.212,60.93,7.14058
11.323,40.077,-186.822,-795.529,-1.003,-20.243,-123.573,-0.090,0.052,-0.214,60.96,7.14066
11.331,40.068,-186.991,-796.559,-1.018,-20.234,-123.609,-0.089,0.051,-0.211,60.99,7.14075
11.339,40.059,-187.159,-797.590,-1.033,-20.226,-123.644,-0.090,0.052,-0.213,61.03,7.14083
11.348,40.051,-187.328,-798.620,-1.048,-20.217,-123.679,-0.090,0.052,-0.213,61.06,7.14092
11.356,40.042,-187.496,-799.651,-1.063,-20.209,-123.715,-0.090,0.052,-0.212,61.09,7.14100
11.364,40.033,-187.665,-800.683,-1.078,-20.200,-123.750,-0.090,0.052,-0.211,61.13,7.14109
11.373,40.024,-187.833,-801.714,-1.093,-20.191,-123.785,-0.090,0.052,-0.211,61.16,7.14117
11.381,40.015,-188.001,-802.746,-1.108,-20.183,-123.821,-0.090,0.052,-0.210,61.20,7.14126
11.389,40.005,-188.169,-803.778,-1.123,-20.174,-123.856,-0.090,0.052,-0.210,61.23,7.14134
11.398,39.996,-188.337,-804.811,-1.138,-20.165,-123.891,-0.090,0.052,-0.209,61.26,7.14143
11.406,39.986,-188.505,-805.843,-1.153,-20.157,-123.926,-0.090,0.052,-0.209,61.30,7.14151
11.414,39.976,-188.673,-806.876,-1.168,-20.148,-123.960,-0.090,0.052,-0.208,61.33,7.14160
11.423,39.966,-188.841,-807.910,-1.183,-20.139,-123.995,-0.090,0.052,-0.208,61.36,7.14168
11.431,39.956,-189.009,-808.943,-1.198,-20.131,-124.030,-0.090,0.052,-0.207,61.40,7.14177
11.439,39.946,-189.177,-809.977,-1.213,-20.122,-124.064,-0.090,0.052,-0.207,61.43,7.14185
11.448,39.936,-189.344,-811.011,-1.228,-20.113,-124.099,-0.090,0.052,-0.206,61.46,7.14194
11.456,39.926,-189.512,-812.046,-1.243,-20.105,-124.133,-0.090,0.052,-0.206,61.50,7.14203
11.464,39.915,-189.679,-813.081,-1.258,-20.096,-124.167,-0.090,0.052,-0.205,61.53,7.14211
11.473,39.905,-189.847,-814.116,-1.273,-20.087,-124.201,-0.090,0.052,-0.205,61.56,7.14220
11.481,39.894,-190.014,-815.151,-1.288,-20.079,-124.235,-0.089,0.052,-0.204,61.60,7.14228
11.489,39.883,-190.181,-816.187,-1.303,-20.070,-124.269,-0.089,0.052,-0.203,61.63,7.14237
11.498,39.872,-190.348,-817.222,-1.318,-20.062,-124.303,-0.089,0.052,-0.203,61.66,7.14245
11.506,39.861,-190.515,-818.259,-1.332,-20.053,-124.337,-0.089,0.052,-0.202,61.70,7.14254
11.514,39.850,-190.682,-819.295,-1.347,-20.044,-124.371,-0.089,0.052,-0.202,61.73,7.14262
11.523,39.838,-190.849,-820.332,-1.362,-20.036,-124.405,-0.089,0.052,-0.201,61.76,7.14271
11.531,39.827,-191.016,-821.369,-1.377,-20.027,-124.438,-0.090,0.052,-0.204,61.80,7.14279
11.539,39.815,-191.183,-822.406,-1.392,-20.019,-124.472,-0.090,0.052,-0.203,61.83,7.14288
11.548,39.804,-191.350,-823.444,-1.407,-20.010,-124.506,-0.090,0.052,-0.203,61.86,7.14297
11.556,39.792,-191.517,-824.481,-1.422,-20.001,-124.540,-0.090,0.052,-0.202,61.90,7.14305
11.564,39.780,-191.683,-825.520,-1.437,-19.992,-124.573,-0.090,0.052,-0.202,61.93,7.14314
11.573,39.768,-191.850,-826.558,-1.452,-19.984,-124.607,-0.091,0.053,-0.204,61.96,7.14322
11.581,39.755,-192.016,-827.597,-1.468,-19.975,-124.641,-0.091,0.053,-0.203,62.00,7.14331
11.589,39.743,-192.183,-828.636,-1.483,-19.966,-124.675,-0.091,0.053,-0.203,62.03,7.14339
11.598,39.731,-192.349,-829.675,-1.498,-19.957,-124.709,-0.091,0.053,-0.202,62.06,7.14348
11.606,39.718,-192.515,-830.714,-1.513,-19.949,-124.742,-0.091,0.053,-0.202,62.09,7.14356
11.614,39.705,-192.681,-831.754,-1.528,-19.940,-124.776,-0.091,0.053,-0.201,62.13,7.14365
11.623,39.692,-192.847,-832.794,-1.544,-19.931,-124.810,-0.091,0.053,-0.201,62.16,7.14374
11.631,39.679,-193.013,-833.835,-1.559,-19.922,-124.843,-0.091,0.053,-0.200,62.19,7.14382
11.639,39.666,-193.179,-834.875,-1.574,-19.914,-124.876,-0.091,0.053,-0.200,62.23,7.14391
11.648,39.653,-193.345,-835.916,-1.589,-19.905,-124.910,-0.091,0.053,-0.199,62.26,7.14399
11.656,39.640,-193.511,-836.958,-1.604,-19.896,-124.943,-0.091,0.052,-0.199,62.29,7.14408
11.664,39.626,-193.677,-837.999,-1.619,-19.887,-124.976,-0.091,0.052,-0.198,62.33,7.14416
11.673,39.613,-193.842,-839.041,-1.634,-19.879,-125.009,-0.091,0.052,-0.198,62.36,7.14425
11.681,39.599,-194.008,-840.083,-1.650,-19.870,-125.042,-0.092,0.053,-0.200,62.39,7.14434
11.689,39.585,-194.174,-841.125,-1.665,-19.861,-125.075,-0.090,0.052,-0.197,62.43,7.14442
