Time,PosX,PosY,PosZ,VelX,VelY,VelZ,ForceX,ForceY,ForceZ,IncidenceAngle,DistanceAU
0.000,0.000,0.000,0.000,0.000,0.000,0.000,0.000,0.000,0.000,0.00,0.00000
0.008,0.000,0.000,0.000,0.000,0.000,0.000,0.136,-0.375,-1.096,26.91,7.07107
0.122,0.000,-0.001,-0.002,0.023,-0.062,-0.183,0.136,-0.375,-1.096,26.91,7.07107
0.163,0.004,-0.011,-0.032,0.114,-0.312,-0.913,0.136,-0.375,-1.096,26.91,7.07107
0.183,0.011,-0.030,-0.087,0.205,-0.562,-1.644,0.136,-0.375,-1.096,26.91,7.07108
0.191,0.016,-0.044,-0.129,0.259,-0.712,-2.083,0.136,-0.375,-1.096,26.91,7.07108
0.200,0.018,-0.050,-0.147,0.282,-0.775,-2.266,0.136,-0.375,-1.096,26.91,7.07108
0.208,0.021,-0.057,-0.168,0.305,-0.837,-2.448,0.136,-0.375,-1.096,26.91,7.07108
0.216,0.024,-0.065,-0.190,0.328,-0.900,-2.631,0.136,-0.375,-1.096,26.91,7.07109
0.225,0.027,-0.073,-0.213,0.350,-0.962,-2.814,0.136,-0.375,-1.096,26.91,7.07109
0.233,0.030,-0.081,-0.238,0.373,-1.025,-2.996,0.136,-0.375,-1.096,26.91,7.07109
0.241,0.033,-0.091,-0.265,0.396,-1.087,-3.179,0.136,-0.375,-1.096,26.91,7.07109
0.250,0.036,-0.100,-0.293,0.418,-1.150,-3.362,0.136,-0.375,-1.096,26.91,7.07110
0.258,0.040,-0.110,-0.322,0.441,-1.212,-3.544,0.136,-0.375,-1.096,26.91,7.07110
0.266,0.044,-0.121,-0.353,0.464,-1.275,-3.727,0.136,-0.375,-1.096,26.91,7.07110
0.275,0.048,-0.132,-0.386,0.487,-1.337,-3.910,0.136,-0.375,-1.096,26.91,7.07110
0.283,0.052,-0.144,-0.420,0.509,-1.400,-4.092,0.136,-0.375,-1.096,26.91,7.07111
0.291,0.057,-0.156,-0.456,0.532,-1.462,-4.275,0.136,-0.375,-1.096,26.91,7.07111
0.300,0.061,-0.169,-0.493,0.555,-1.525,-4.458,0.136,-0.375,-1.096,26.91,7.07111
0.308,0.066,-0.182,-0.531,0.578,-1.587,-4.640,0.136,-0.375,-1.096,26.91,7.07112
0.316,0.071,-0.195,-0.572,0.600,-1.650,-4.823,0.136,-0.375,-1.096,26.91,7.07112
0.325,0.076,-0.210,-0.613,0.623,-1.712,-5.006,0.136,-0.375,-1.096,26.91,7.07113
0.333,0.082,-0.225,-0.657,0.646,-1.775,-5.188,0.136,-0.375,-1.096,26.91,7.07113
0.341,0.087,-0.240,-0.701,0.669,-1.837,-5.371,0.136,-0.375,-1.096,26.91,7.07113
0.350,0.093,-0.256,-0.748,0.691,-1.899,-5.554,0.136,-0.375,-1.096,26.91,7.07114
0.358,0.099,-0.272,-0.795,0.714,-1.962,-5.736,0.136,-0.375,-1.096,26.91,7.07114
0.366,0.105,-0.289,-0.845,0.737,-2.024,-5.919,0.136,-0.375,-1.096,26.91,7.07115
0.375,0.111,-0.306,-0.896,0.760,-2.087,-6.102,0.136,-0.375,-1.096,26.91,7.07115
0.383,0.118,-0.324,-0.948,0.782,-2.149,-6.284,0.136,-0.375,-1.096,26.91,7.07116
0.391,0.125,-0.343,-1.002,0.805,-2.212,-6.467,0.136,-0.375,-1.096,26.91,7.07116
0.400,0.132,-0.362,-1.057,0.828,-2.274,-6.649,0.136,-0.375,-1.096,26.91,7.07117
0.408,0.139,-0.381,-1.114,0.850,-2.337,-6.832,0.136,-0.375,-1.096,26.91,7.07117
0.416,0.146,-0.401,-1.173,0.873,-2.399,-7.015,0.136,-0.375,-1.096,26.91,7.07118
0.425,0.153,-0.422,-1.233,0.896,-2.462,-7.197,0.136,-0.375,-1.096,26.91,7.07118
0.433,0.161,-0.443,-1.294,0.919,-2.524,-7.380,0.136,-0.375,-1.096,26.91,7.07119
0.441,0.169,-0.464,-1.357,0.941,-2.587,-7.563,0.136,-0.375,-1.096,26.91,7.07120
0.450,0.177,-0.486,-1.422,0.964,-2.649,-7.745,0.136,-0.375,-1.096,26.91,7.07120
0.458,0.185,-0.509,-1.488,0.987,-2.712,-7.928,0.136,-0.375,-1.096,26.91,7.07121
0.466,0.194,-0.532,-1.555,1.010,-2.774,-8.111,0.136,-0.375,-1.096,26.91,7.07122
0.475,0.202,-0.556,-1.624,1.032,-2.837,-8.293,0.136,-0.375,-1.096,26.91,7.07122
0.483,0.211,-0.580,-1.695,1.055,-2.899,-8.476,0.136,-0.375,-1.096,26.91,7.07123
0.491,0.220,-0.604,-1.767,1.078,-2.962,-8.659,0.136,-0.375,-1.096,26.91,7.07124
0.500,0.229,-0.630,-1.841,1.101,-3.024,-8.841,0.136,-0.375,-1.096,26.91,7.07124
0.508,0.239,-0.655,-1.916,1.123,-3.087,-9.024,0.136,-0.375,-1.096,26.91,7.07125
0.516,0.248,-0.682,-1.993,1.146,-3.149,-9.207,0.136,-0.375,-1.096,26.91,7.07126
0.525,0.258,-0.708,-2.071,1.169,-3.211,-9.389,0.136,-0.375,-1.096,26.91,7.07126
0.533,0.268,-0.736,-2.151,1.192,-3.274,-9.572,0.136,-0.375,-1.096,26.91,7.07127
0.541,0.278,-0.763,-2.232,1.214,-3.336,-9.755,0.136,-0.375,-1.096,26.91,7.07128
0.550,0.288,-0.792,-2.315,1.237,-3.399,-9.937,0.136,-0.375,-1.096,26.90,7.07129
0.558,0.299,-0.821,-2.399,1.260,-3.461,-10.120,0.136,-0.375,-1.096,26.90,7.07130
0.566,0.309,-0.850,-2.485,1.282,-3.524,-10.303,0.136,-0.375,-1.096,26.90,7.07130
0.575,0.320,-0.880,-2.573,1.305,-3.586,-10.485,0.136,-0.375,-1.096,26.90,7.07131
0.583,0.331,-0.910,-2.661,1.328,-3.649,-10.668,0.136,-0.375,-1.096,26.90,7.07132
0.591,0.343,-0.941,-2.752,1.351,-3.711,-10.851,0.136,-0.375,-1.096,26.90,7.07133
0.600,0.354,-0.973,-2.844,1.373,-3.774,-11.033,0.136,-0.375,-1.096,26.90,7.07134
0.608,0.366,-1.005,-2.937,1.396,-3.836,-11.216,0.136,-0.375,-1.096,26.90,7.07135
0.616,0.377,-1.037,-3.032,1.419,-3.899,-11.399,0.136,-0.375,-1.096,26.90,7.07136
0.625,0.389,-1.070,-3.129,1.442,-3.961,-11.581,0.136,-0.375,-1.096,26.90,7.07136
0.633,0.402,-1.104,-3.227,1.464,-4.024,-11.764,0.136,-0.375,-1.096,26.90,7.07137
0.641,0.414,-1.138,-3.326,1.487,-4.086,-11.947,0.136,-0.375,-1.096,26.90,7.07138
0.650,0.427,-1.172,-3.428,1.510,-4.149,-12.129,0.136,-0.375,-1.096,26.90,7.07139
0.658,0.439,-1.207,-3.530,1.533,-4.211,-12.312,0.136,-0.375,-1.096,26.90,7.07140
0.666,0.452,-1.243,-3.634,1.555,-4.274,-12.495,0.136,-0.375,-1.096,26.90,7.07141
0.675,0.466,-1.279,-3.740,1.578,-4.336,-12.677,0.136,-0.375,-1.096,26.90,7.07142
0.683,0.479,-1.316,-3.847,1.601,-4.399,-12.860,0.136,-0.375,-1.096,26.90,7.07143
0.691,0.492,-1.353,-3.956,1.624,-4.461,-13.042,0.136,-0.375,-1.096,26.90,7.07144
0.700,0.506,-1.391,-4.066,1.646,-4.524,-13.225,0.136,-0.375,-1.096,26.90,7.07145
0.708,0.520,-1.429,-4.178,1.669,-4.586,-13.408,0.136,-0.375,-1.096,26.90,7.07146
0.716,0.534,-1.468,-4.291,1.692,-4.649,-13.590,0.136,-0.375,-1.096,26.90,7.07148
0.725,0.548,-1.507,-4.406,1.714,-4.711,-13.773,0.136,-0.375,-1.096,26.90,7.07149
0.733,0.563,-1.547,-4.522,1.737,-4.774,-13.956,0.136,-0.375,-1.096,26.90,7.07150
0.741,0.578,-1.587,-4.640,1.760,-4.836,-14.138,0.136,-0.375,-1.096,26.90,7.07151
0.750,0.592,-1.628,-4.759,1.783,-4.899,-14.321,0.136,-0.375,-1.096,26.90,7.07152
0.758,0.607,-1.669,-4.880,1.805,-4.961,-14.504,0.136,-0.375,-1.096,26.90,7.07153
0.766,0.623,-1.711,-5.002,1.828,-5.024,-14.686,0.136,-0.375,-1.096,26.90,7.07154
0.775,0.638,-1.753,-5.126,1.851,-5.086,-14.869,0.136,-0.375,-1.096,26.90,7.07155
0.783,0.654,-1.796,-5.252,1.874,-5.149,-15.052,0.136,-0.375,-1.096,26.90,7.07157
0.791,0.670,-1.840,-5.379,1.896,-5.211,-15.234,0.136,-0.375,-1.096,26.90,7.07158
0.800,0.686,-1.884,-5.507,1.919,-5.274,-15.417,0.136,-0.375,-1.096,26.90,7.07159
0.808,0.702,-1.928,-5.637,1.942,-5.336,-15.600,0.136,-0.375,-1.096,26.90,7.07160
0.816,0.718,-1.973,-5.769,1.964,-5.399,-15.782,0.136,-0.375,-1.096,26.90,7.07162
0.825,0.735,-2.019,-5.902,1.987,-5.461,-15.965,0.136,-0.375,-1.096,26.90,7.07163
0.833,0.751,-2.065,-6.036,2.010,-5.524,-16.148,0.136,-0.375,-1.096,26.90,7.07164
0.841,0.768,-2.111,-6.172,2.033,-5.586,-16.330,0.136,-0.375,-1.096,26.90,7.07165
0.850,0.785,-2.158,-6.310,2.055,-5.649,-16.513,0.136,-0.375,-1.096,26.90,7.07167
0.858,0.803,-2.206,-6.449,2.078,-5.711,-16.696,0.136,-0.375,-1.096,26.90,7.07168
0.866,0.820,-2.254,-6.590,2.101,-5.774,-16.878,0.136,-0.375,-1.096,26.90,7.07169
0.875,0.838,-2.303,-6.732,2.124,-5.836,-17.061,0.136,-0.375,-1.096,26.90,7.07171
0.883,0.856,-2.352,-6.876,2.146,-5.899,-17.243,0.136,-0.375,-1.096,26.90,7.07172
0.891,0.874,-2.402,-7.021,2.169,-5.961,-17.426,0.136,-0.375,-1.096,26.90,7.07173
0.900,0.892,-2.452,-7.168,2.192,-6.024,-17.609,0.136,-0.375,-1.096,26.90,7.07175
0.908,0.911,-2.502,-7.316,2.215,-6.086,-17.791,0.136,-0.375,-1.096,26.90,7.07176
0.916,0.929,-2.554,-7.466,2.237,-6.149,-17.974,0.136,-0.375,-1.096,26.90,7.07178
0.925,0.948,-2.605,-7.617,2.260,-6.211,-18.157,0.136,-0.375,-1.096,26.89,7.07179
0.933,0.967,-2.658,-7.770,2.283,-6.274,-18.339,0.136,-0.375,-1.096,26.89,7.07181
0.941,0.986,-2.711,-7.924,2.305,-6.336,-18.522,0.136,-0.375,-1.096,26.89,7.07182
0.950,1.006,-2.764,-8.080,2.328,-6.399,-18.705,0.136,-0.375,-1.096,26.89,7.07183
0.958,1.025,-2.818,-8.237,2.351,-6.461,-18.887,0.136,-0.375,-1.096,26.89,7.07185
0.966,1.045,-2.872,-8.396,2.374,-6.524,-19.070,0.136,-0.375,-1.096,26.89,7.07186
0.975,1.065,-2.927,-8.557,2.396,-6.586,-19.253,0.136,-0.375,-1.096,26.89,7.07188
0.983,1.085,-2.982,-8.719,2.419,-6.649,-19.435,0.136,-0.375,-1.096,26.89,7.07190
0.991,1.106,-3.038,-8.882,2.442,-6.711,-19.618,0.136,-0.375,-1.096,26.89,7.07191
1.000,1.126,-3.095,-9.047,2.465,-6.774,-19.801,0.136,-0.375,-1.096,26.89,7.07193
1.012,1.147,-3.152,-9.214,2.487,-6.836,-19.983,0.136,-0.375,-1.096,26.89,7.07194
1.021,1.178,-3.238,-9.466,2.521,-6.930,-20.256,0.136,-0.375,-1.096,26.89,7.07197
1.029,1.200,-3.296,-9.637,2.544,-6.992,-20.439,0.136,-0.375,-1.096,26.89,7.07198
1.037,1.221,-3.355,-9.809,2.567,-7.055,-20.622,0.136,-0.375,-1.096,26.89,7.07200
1.046,1.243,-3.414,-9.982,2.589,-7.118,-20.804,0.136,-0.375,-1.096,26.89,7.07202
1.054,1.264,-3.474,-10.157,2.612,-7.180,-20.987,0.136,-0.375,-1.096,26.89,7.07203
1.062,1.286,-3.535,-10.333,2.635,-7.243,-21.170,0.136,-0.375,-1.096,26.89,7.07205
1.071,1.308,-3.596,-10.511,2.658,-7.305,-21.352,0.136,-0.375,-1.096,26.89,7.07207
1.079,1.331,-3.657,-10.691,2.680,-7.368,-21.535,0.136,-0.375,-1.096,26.89,7.07208
1.087,1.353,-3.719,-10.872,2.703,-7.430,-21.718,0.136,-0.375,-1.096,26.89,7.07210
1.096,1.376,-3.781,-11.054,2.726,-7.493,-21.900,0.136,-0.375,-1.096,26.89,7.07212
1.104,1.399,-3.844,-11.238,2.749,-7.555,-22.083,0.136,-0.375,-1.096,26.89,7.07213
1.112,1.422,-3.908,-11.424,2.771,-7.618,-22.266,0.136,-0.375,-1.096,26.89,7.07215
1.121,1.445,-3.972,-11.611,2.794,-7.680,-22.448,0.136,-0.375,-1.096,26.89,7.07217
1.129,1.469,-4.036,-11.799,2.817,-7.743,-22.631,0.136,-0.375,-1.096,26.89,7.07219
1.137,1.492,-4.101,-11.989,2.839,-7.805,-22.814,0.136,-0.375,-1.096,26.89,7.07221
1.146,1.516,-4.167,-12.181,2.862,-7.868,-22.996,0.136,-0.375,-1.096,26.89,7.07222
1.154,1.540,-4.233,-12.374,2.885,-7.930,-23.179,0.136,-0.375,-1.096,26.89,7.07224
1.162,1.565,-4.300,-12.569,2.908,-7.993,-23.362,0.136,-0.375,-1.096,26.89,7.07226
1.171,1.589,-4.367,-12.765,2.930,-8.056,-23.544,0.136,-0.375,-1.096,26.88,7.07228
1.179,1.614,-4.434,-12.963,2.953,-8.118,-23.727,0.136,-0.375,-1.096,26.88,7.07230
1.187,1.638,-4.503,-13.162,2.976,-8.181,-23.909,0.136,-0.375,-1.096,26.88,7.07232
1.196,1.663,-4.571,-13.363,2.999,-8.243,-24.092,0.136,-0.375,-1.096,26.88,7.07234
1.204,1.688,-4.640,-13.565,3.021,-8.306,-24.275,0.136,-0.375,-1.096,26.88,7.07236
1.212,1.714,-4.710,-13.769,3.044,-8.368,-24.457,0.136,-0.375,-1.096,26.88,7.07237
1.221,1.739,-4.780,-13.974,3.067,-8.431,-24.640,0.136,-0.375,-1.096,26.88,7.07239
1.229,1.765,-4.851,-14.181,3.089,-8.493,-24.823,0.136,-0.375,-1.096,26.88,7.07241
1.237,1.791,-4.923,-14.390,3.112,-8.556,-25.005,0.136,-0.375,-1.096,26.88,7.07243
1.246,1.817,-4.994,-14.599,3.135,-8.618,-25.188,0.136,-0.375,-1.096,26.88,7.07245
1.254,1.844,-5.067,-14.811,3.158,-8.681,-25.371,0.136,-0.375,-1.096,26.88,7.07247
1.262,1.870,-5.140,-15.024,3.180,-8.743,-25.553,0.136,-0.375,-1.096,26.88,7.07249
1.271,1.897,-5.213,-15.239,3.203,-8.806,-25.736,0.136,-0.375,-1.096,26.88,7.07251
1.279,1.924,-5.287,-15.455,3.226,-8.869,-25.919,0.136,-0.375,-1.096,26.88,7.07253
1.287,1.951,-5.361,-15.672,3.249,-8.931,-26.102,0.136,-0.375,-1.096,26.88,7.07256
1.296,1.978,-5.436,-15.891,3.271,-8.994,-26.284,0.136,-0.375,-1.096,26.88,7.07258
1.304,2.005,-5.512,-16.112,3.294,-9.056,-26.467,0.136,-0.375,-1.096,26.88,7.07260
1.312,2.033,-5.588,-16.334,3.317,-9.119,-26.650,0.136,-0.375,-1.096,26.88,7.07262
1.321,2.061,-5.664,-16.558,3.339,-9.181,-26.832,0.136,-0.375,-1.096,26.88,7.07264
1.329,2.089,-5.741,-16.783,3.362,-9.244,-27.015,0.136,-0.375,-1.096,26.88,7.07266
1.337,2.117,-5.819,-17.009,3.385,-9.307,-27.198,0.136,-0.375,-1.096,26.88,7.07268
1.346,2.146,-5.897,-17.237,3.408,-9.369,-27.380,0.136,-0.375,-1.096,26.88,7.07270
1.354,2.174,-5.976,-17.467,3.430,-9.432,-27.563,0.136,-0.375,-1.096,26.88,7.07273
1.362,2.203,-6.055,-17.698,3.453,-9.494,-27.745,0.136,-0.375,-1.096,26.88,7.07275
1.371,2.232,-6.134,-17.931,3.476,-9.557,-27.928,0.136,-0.375,-1.096,26.87,7.07277
1.379,2.261,-6.215,-18.165,3.498,-9.619,-28.111,0.136,-0.375,-1.096,26.87,7.07279
1.387,2.290,-6.295,-18.401,3.521,-9.682,-28.293,0.136,-0.375,-1.096,26.87,7.07281
1.396,2.320,-6.376,-18.638,3.544,-9.745,-28.476,0.136,-0.375,-1.096,26.87,7.07284
1.404,2.350,-6.458,-18.877,3.567,-9.807,-28.659,0.136,-0.375,-1.096,26.87,7.07286
1.412,2.380,-6.540,-19.118,3.589,-9.870,-28.841,0.136,-0.375,-1.096,26.87,7.07288
1.421,2.410,-6.623,-19.360,3.612,-9.932,-29.024,0.136,-0.375,-1.096,26.87,7.07291
1.429,2.440,-6.706,-19.603,3.635,-9.995,-29.207,0.136,-0.375,-1.096,26.87,7.07293
1.437,2.470,-6.790,-19.848,3.657,-10.057,-29.389,0.136,-0.375,-1.096,26.87,7.07295
1.446,2.501,-6.875,-20.094,3.680,-10.120,-29.572,0.136,-0.375,-1.096,26.87,7.07297
1.454,2.532,-6.960,-20.342,3.703,-10.183,-29.755,0.136,-0.375,-1.096,26.87,7.07300
1.462,2.563,-7.045,-20.592,3.726,-10.245,-29.937,0.136,-0.375,-1.096,26.87,7.07302
1.471,2.594,-7.131,-20.843,3.748,-10.308,-30.120,0.136,-0.375,-1.096,26.87,7.07305
1.479,2.626,-7.217,-21.095,3.771,-10.370,-30.303,0.136,-0.375,-1.096,26.87,7.07307
1.487,2.657,-7.304,-21.349,3.794,-10.433,-30.485,0.136,-0.376,-1.096,26.87,7.07309
1.496,2.689,-7.392,-21.605,3.816,-10.496,-30.668,0.136,-0.376,-1.096,26.87,7.07312
1.504,2.721,-7.480,-21.862,3.839,-10.558,-30.851,0.136,-0.376,-1.096,26.87,7.07314
1.512,2.753,-7.568,-22.121,3.862,-10.621,-31.033,0.136,-0.376,-1.096,26.87,7.07317
1.521,2.786,-7.657,-22.381,3.885,-10.683,-31.216,0.136,-0.376,-1.096,26.87,7.07319
1.529,2.818,-7.747,-22.642,3.907,-10.746,-31.398,0.136,-0.376,-1.096,26.87,7.07322
1.537,2.851,-7.837,-22.906,3.930,-10.808,-31.581,0.136,-0.376,-1.096,26.87,7.07324
1.546,2.884,-7.927,-23.170,3.953,-10.871,-31.764,0.136,-0.376,-1.096,26.86,7.07327
1.554,2.917,-8.018,-23.437,3.975,-10.934,-31.946,0.136,-0.376,-1.096,26.86,7.07329
1.562,2.950,-8.110,-23.704,3.998,-10.996,-32.129,0.136,-0.376,-1.096,26.86,7.07332
1.571,2.984,-8.202,-23.974,4.021,-11.059,-32.312,0.136,-0.376,-1.096,26.86,7.07334
1.579,3.018,-8.295,-24.244,4.044,-11.121,-32.494,0.136,-0.376,-1.096,26.86,7.07337
1.587,3.051,-8.388,-24.517,4.066,-11.184,-32.677,0.136,-0.376,-1.096,26.86,7.07339
1.596,3.085,-8.482,-24.790,4.089,-11.247,-32.860,0.136,-0.376,-1.096,26.86,7.07342
1.604,3.120,-8.576,-25.066,4.112,-11.309,-33.042,0.136,-0.376,-1.096,26.86,7.07345
1.612,3.154,-8.671,-25.343,4.134,-11.372,-33.225,0.136,-0.376,-1.096,26.86,7.07347
1.621,3.189,-8.766,-25.621,4.157,-11.434,-33.408,0.136,-0.376,-1.096,26.86,7.07350
1.629,3.224,-8.862,-25.901,4.180,-11.497,-33.590,0.136,-0.376,-1.096,26.86,7.07353
1.637,3.259,-8.958,-26.182,4.203,-11.560,-33.773,0.136,-0.376,-1.096,26.86,7.07355
1.646,3.294,-9.055,-26.465,4.225,-11.622,-33.956,0.136,-0.376,-1.096,26.86,7.07358
1.654,3.329,-9.153,-26.750,4.248,-11.685,-34.138,0.136,-0.376,-1.096,26.86,7.07361
1.662,3.365,-9.250,-27.036,4.271,-11.748,-34.321,0.136,-0.376,-1.096,26.86,7.07363
1.671,3.401,-9.349,-27.323,4.293,-11.810,-34.503,0.136,-0.376,-1.096,26.86,7.07366
1.679,3.437,-9.448,-27.613,4.316,-11.873,-34.686,0.136,-0.376,-1.096,26.86,7.07369
1.687,3.473,-9.547,-27.903,4.339,-11.935,-34.869,0.136,-0.376,-1.096,26.86,7.07372
1.696,3.509,-9.647,-28.195,4.362,-11.998,-35.051,0.136,-0.376,-1.096,26.85,7.07374
1.704,3.546,-9.748,-28.489,4.384,-12.061,-35.234,0.136,-0.376,-1.096,26.85,7.07377
1.712,3.582,-9.849,-28.784,4.407,-12.123,-35.417,0.136,-0.376,-1.096,26.85,7.07380
1.721,3.619,-9.950,-29.081,4.430,-12.186,-35.599,0.136,-0.376,-1.096,26.85,7.07383
1.729,3.656,-10.052,-29.379,4.452,-12.248,-35.782,0.136,-0.376,-1.096,26.85,7.07386
1.737,3.694,-10.155,-29.679,4.475,-12.311,-35.965,0.136,-0.376,-1.096,26.85,7.07388
1.746,3.731,-10.258,-29.980,4.498,-12.374,-36.147,0.136,-0.376,-1.096,26.85,7.07391
1.754,3.769,-10.362,-30.283,4.521,-12.436,-36.330,0.136,-0.376,-1.096,26.85,7.07394
1.762,3.807,-10.466,-30.587,4.543,-12.499,-36.513,0.136,-0.376,-1.096,26.85,7.07397
1.771,3.845,-10.571,-30.893,4.566,-12.562,-36.695,0.136,-0.376,-1.096,26.85,7.07400
1.779,3.883,-10.676,-31.200,4.589,-12.624,-36.878,0.136,-0.376,-1.096,26.85,7.07403
1.787,3.921,-10.782,-31.509,4.611,-12.687,-37.061,0.136,-0.376,-1.096,26.85,7.07406
1.796,3.960,-10.888,-31.819,4.634,-12.750,-37.243,0.136,-0.376,-1.096,26.85,7.07409
1.804,3.999,-10.995,-32.131,4.657,-12.812,-37.426,0.136,-0.376,-1.096,26.85,7.07412
1.812,4.038,-11.102,-32.444,4.679,-12.875,-37.608,0.136,-0.376,-1.096,26.85,7.07415
1.821,4.077,-11.210,-32.759,4.702,-12.937,-37.791,0.136,-0.376,-1.096,26.85,7.07418
1.829,4.116,-11.318,-33.076,4.725,-13.000,-37.974,0.136,-0.376,-1.096,26.85,7.07421
1.837,4.156,-11.427,-33.394,4.748,-13.063,-38.156,0.136,-0.376,-1.096,26.84,7.07424
1.846,4.196,-11.536,-33.713,4.770,-13.125,-38.339,0.136,-0.376,-1.096,26.84,7.07427
1.854,4.236,-11.646,-34.034,4.793,-13.188,-38.522,0.136,-0.376,-1.096,26.84,7.07430
1.862,4.276,-11.757,-34.357,4.816,-13.251,-38.704,0.136,-0.376,-1.096,26.84,7.07433
1.871,4.316,-11.867,-34.681,4.838,-13.313,-38.887,0.136,-0.376,-1.096,26.84,7.07436
1.879,4.357,-11.979,-35.007,4.861,-13.376,-39.070,0.136,-0.376,-1.096,26.84,7.07439
1.887,4.397,-12.091,-35.334,4.884,-13.439,-39.252,0.136,-0.376,-1.096,26.84,7.07442
1.896,4.438,-12.203,-35.662,4.906,-13.501,-39.435,0.136,-0.376,-1.096,26.84,7.07445
1.904,4.479,-12.316,-35.992,4.929,-13.564,-39.618,0.136,-0.376,-1.096,26.84,7.07448
1.912,4.521,-12.430,-36.324,4.952,-13.627,-39.800,0.136,-0.376,-1.096,26.84,7.07452
1.921,4.562,-12.544,-36.657,4.975,-13.689,-39.983,0.136,-0.376,-1.096,26.84,7.07455
1.929,4.604,-12.659,-36.992,4.997,-13.752,-40.166,0.136,-0.376,-1.096,26.84,7.07458
1.937,4.646,-12.774,-37.328,5.020,-13.815,-40.348,0.136,-0.376,-1.096,26.84,7.07461
1.946,4.688,-12.890,-37.666,5.043,-13.877,-40.531,0.136,-0.376,-1.096,26.84,7.07464
1.954,4.730,-13.006,-38.005,5.065,-13.940,-40.713,0.136,-0.376,-1.096,26.84,7.07468
1.962,4.772,-13.122,-38.346,5.088,-14.003,-40.896,0.136,-0.376,-1.096,26.84,7.07471
1.971,4.815,-13.240,-38.688,5.111,-14.065,-41.079,0.136,-0.376,-1.096,26.83,7.07474
1.979,4.858,-13.357,-39.032,5.133,-14.128,-41.261,0.136,-0.376,-1.096,26.83,7.07477
1.987,4.900,-13.476,-39.378,5.156,-14.191,-41.444,0.136,-0.376,-1.096,26.83,7.07481
1.996,4.944,-13.594,-39.725,5.179,-14.253,-41.627,0.136,-0.376,-1.096,26.83,7.07484
2.004,4.987,-13.714,-40.073,5.202,-14.316,-41.809,0.136,-0.376,-1.096,26.83,7.07487
2.012,5.031,-13.833,-40.423,5.224,-14.379,-41.992,0.136,-0.376,-1.096,26.83,7.07490
2.021,5.074,-13.954,-40.774,5.247,-14.441,-42.175,0.136,-0.376,-1.096,26.83,7.07494
2.029,5.118,-14.075,-41.127,5.270,-14.504,-42.357,0.136,-0.376,-1.096,26.83,7.07497
2.037,5.162,-14.196,-41.482,5.292,-14.567,-42.540,0.136,-0.376,-1.096,26.83,7.07501
2.046,5.207,-14.318,-41.838,5.315,-14.629,-42.723,0.136,-0.376,-1.096,26.83,7.07504
2.054,5.251,-14.440,-42.195,5.338,-14.692,-42.905,0.136,-0.376,-1.096,26.83,7.07507
2.062,5.296,-14.563,-42.554,5.360,-14.755,-43.088,0.136,-0.376,-1.096,26.83,7.07511
2.071,5.341,-14.687,-42.915,5.383,-14.818,-43.271,0.136,-0.376,-1.096,26.83,7.07514
2.079,5.386,-14.811,-43.277,5.406,-14.880,-43.453,0.136,-0.376,-1.096,26.83,7.07518
2.087,5.431,-14.935,-43.641,5.428,-14.943,-43.636,0.136,-0.376,-1.096,26.83,7.07521
2.096,5.476,-15.060,-44.006,5.451,-15.006,-43.818,0.136,-0.376,-1.096,26.82,7.07524
2.104,5.522,-15.186,-44.373,5.474,-15.068,-44.001,0.136,-0.376,-1.096,26.82,7.07528
2.112,5.568,-15.312,-44.741,5.497,-15.131,-44.184,0.136,-0.376,-1.096,26.82,7.07531
2.121,5.614,-15.439,-45.111,5.519,-15.194,-44.366,0.136,-0.376,-1.096,26.82,7.07535
2.129,5.660,-15.566,-45.482,5.542,-15.257,-44.549,0.136,-0.376,-1.096,26.82,7.07539
2.137,5.706,-15.694,-45.855,5.565,-15.319,-44.732,0.136,-0.376,-1.096,26.82,7.07542
2.146,5.753,-15.822,-46.229,5.587,-15.382,-44.914,0.136,-0.376,-1.096,26.82,7.07546
2.154,5.800,-15.950,-46.605,5.610,-15.445,-45.097,0.136,-0.376,-1.096,26.82,7.07549
2.162,5.847,-16.080,-46.982,5.633,-15.507,-45.280,0.136,-0.376,-1.096,26.82,7.07553
2.171,5.894,-16.209,-47.361,5.655,-15.570,-45.462,0.136,-0.376,-1.096,26.82,7.07556
2.179,5.941,-16.340,-47.741,5.678,-15.633,-45.645,0.136,-0.376,-1.096,26.82,7.07560
2.187,5.988,-16.471,-48.123,5.701,-15.696,-45.828,0.136,-0.376,-1.096,26.82,7.07564
2.196,6.036,-16.602,-48.507,5.723,-15.758,-46.010,0.136,-0.376,-1.096,26.82,7.07567
2.204,6.084,-16.734,-48.892,5.746,-15.821,-46.193,0.136,-0.376,-1.096,26.81,7.07571
2.212,6.132,-16.866,-49.278,5.769,-15.884,-46.375,0.136,-0.376,-1.096,26.81,7.07575
2.221,6.180,-16.999,-49.666,5.792,-15.946,-46.558,0.136,-0.376,-1.096,26.81,7.07578
2.229,6.229,-17.132,-50.056,5.814,-16.009,-46.741,0.136,-0.376,-1.096,26.81,7.07582
2.237,6.277,-17.266,-50.447,5.837,-16.072,-46.923,0.136,-0.376,-1.096,26.81,7.07586
2.246,6.326,-17.401,-50.839,5.860,-16.135,-47.106,0.136,-0.376,-1.096,26.81,7.07589
2.254,6.375,-17.536,-51.233,5.882,-16.197,-47.289,0.136,-0.376,-1.096,26.81,7.07593
2.262,6.425,-17.671,-51.629,5.905,-16.260,-47.471,0.136,-0.376,-1.096,26.81,7.07597
2.271,6.474,-17.807,-52.026,5.928,-16.323,-47.654,0.136,-0.376,-1.096,26.81,7.07601
2.279,6.524,-17.944,-52.425,5.950,-16.386,-47.837,0.136,-0.376,-1.096,26.81,7.07604
2.287,6.573,-18.081,-52.825,5.973,-16.448,-48.019,0.136,-0.377,-1.096,26.81,7.07608
2.296,6.623,-18.218,-53.226,5.996,-16.511,-48.202,0.136,-0.377,-1.096,26.81,7.07612
2.304,6.673,-18.357,-53.630,6.018,-16.574,-48.385,0.136,-0.377,-1.096,26.81,7.07616
2.312,6.724,-18.495,-54.034,6.041,-16.637,-48.567,0.136,-0.377,-1.096,26.80,7.07620
2.321,6.774,-18.634,-54.441,6.064,-16.699,-48.750,0.136,-0.377,-1.096,26.80,7.07624
2.329,6.825,-18.774,-54.848,6.086,-16.762,-48.932,0.136,-0.377,-1.096,26.80,7.07627
2.337,6.876,-18.914,-55.258,6.109,-16.825,-49.115,0.136,-0.377,-1.096,26.80,7.07631
2.346,6.927,-19.055,-55.669,6.132,-16.888,-49.298,0.136,-0.377,-1.096,26.80,7.07635
2.354,6.978,-19.196,-56.081,6.154,-16.950,-49.480,0.136,-0.377,-1.096,26.80,7.07639
2.362,7.030,-19.338,-56.495,6.177,-17.013,-49.663,0.136,-0.377,-1.096,26.80,7.07643
2.371,7.081,-19.480,-56.910,6.200,-17.076,-49.846,0.136,-0.377,-1.096,26.80,7.07647
2.379,7.133,-19.623,-57.327,6.222,-17.139,-50.028,0.136,-0.377,-1.096,26.80,7.07651
2.387,7.185,-19.767,-57.746,6.245,-17.202,-50.211,0.136,-0.377,-1.096,26.80,7.07655
2.396,7.238,-19.910,-58.165,6.268,-17.264,-50.394,0.136,-0.377,-1.096,26.80,7.07659
2.404,7.290,-20.055,-58.587,6.290,-17.327,-50.576,0.136,-0.377,-1.096,26.80,7.07663
2.412,7.343,-20.200,-59.010,6.313,-17.390,-50.759,0.136,-0.377,-1.096,26.80,7.07667
2.421,7.395,-20.345,-59.434,6.336,-17.453,-50.942,0.136,-0.377,-1.096,26.79,7.07671
2.429,7.448,-20.491,-59.861,6.359,-17.515,-51.124,0.136,-0.377,-1.096,26.79,7.07675
2.437,7.502,-20.638,-60.288,6.381,-17.578,-51.307,0.136,-0.377,-1.096,26.79,7.07679
2.446,7.555,-20.785,-60.717,6.404,-17.641,-51.489,0.136,-0.377,-1.096,26.79,7.07683
2.454,7.609,-20.932,-61.148,6.427,-17.704,-51.672,0.136,-0.377,-1.096,26.79,7.07687
2.462,7.662,-21.080,-61.580,6.449,-17.767,-51.855,0.136,-0.377,-1.096,26.79,7.07691
2.471,7.716,-21.229,-62.014,6.472,-17.829,-52.037,0.136,-0.377,-1.096,26.79,7.07695
2.479,7.770,-21.378,-62.449,6.495,-17.892,-52.220,0.136,-0.377,-1.096,26.79,7.07700
2.487,7.825,-21.528,-62.885,6.517,-17.955,-52.403,0.136,-0.377,-1.096,26.79,7.07704
2.496,7.879,-21.678,-63.324,6.540,-18.018,-52.585,0.136,-0.377,-1.096,26.79,7.07708
2.504,7.934,-21.828,-63.763,6.563,-18.081,-52.768,0.136,-0.377,-1.096,26.79,7.07712
2.512,7.989,-21.980,-64.205,6.585,-18.144,-52.951,0.136,-0.377,-1.096,26.79,7.07716
2.521,8.044,-22.131,-64.647,6.608,-18.206,-53.133,0.136,-0.377,-1.096,26.78,7.07720
2.529,8.099,-22.284,-65.092,6.631,-18.269,-53.316,0.136,-0.377,-1.096,26.78,7.07725
2.537,8.154,-22.436,-65.538,6.653,-18.332,-53.498,0.136,-0.377,-1.096,26.78,7.07729
2.546,8.210,-22.590,-65.985,6.676,-18.395,-53.681,0.136,-0.377,-1.096,26.78,7.07733
2.554,8.266,-22.743,-66.434,6.699,-18.458,-53.864,0.136,-0.377,-1.096,26.78,7.07737
2.562,8.322,-22.898,-66.884,6.721,-18.520,-54.046,0.136,-0.377,-1.096,26.78,7.07742
2.571,8.378,-23.053,-67.336,6.744,-18.583,-54.229,0.136,-0.377,-1.096,26.78,7.07746
2.579,8.435,-23.208,-67.790,6.767,-18.646,-54.412,0.136,-0.377,-1.096,26.78,7.07750
2.587,8.491,-23.364,-68.245,6.789,-18.709,-54.594,0.136,-0.377,-1.096,26.78,7.07755
2.596,8.548,-23.520,-68.701,6.812,-18.772,-54.777,0.136,-0.377,-1.096,26.78,7.07759
2.604,8.605,-23.677,-69.159,6.835,-18.835,-54.960,0.136,-0.377,-1.096,26.78,7.07763
2.612,8.662,-23.835,-69.619,6.857,-18.897,-55.142,0.136,-0.377,-1.096,26.77,7.07768
2.621,8.719,-23.993,-70.080,6.880,-18.960,-55.325,0.136,-0.377,-1.096,26.77,7.07772
2.629,8.777,-24.151,-70.542,6.903,-19.023,-55.508,0.136,-0.377,-1.096,26.77,7.07776
2.637,8.835,-24.310,-71.006,6.925,-19.086,-55.690,0.136,-0.377,-1.096,26.77,7.07781
2.646,8.892,-24.470,-71.472,6.948,-19.149,-55.873,0.136,-0.377,-1.096,26.77,7.07785
2.654,8.951,-24.630,-71.939,6.971,-19.212,-56.055,0.136,-0.377,-1.096,26.77,7.07790
2.662,9.009,-24.791,-72.408,6.993,-19.274,-56.238,0.136,-0.377,-1.096,26.77,7.07794
2.671,9.067,-24.952,-72.878,7.016,-19.337,-56.421,0.136,-0.377,-1.096,26.77,7.07799
2.679,9.126,-25.113,-73.350,7.039,-19.400,-56.603,0.136,-0.377,-1.096,26.77,7.07803
2.687,9.185,-25.276,-73.823,7.061,-19.463,-56.786,0.136,-0.377,-1.096,26.77,7.07808
2.696,9.244,-25.438,-74.298,7.084,-19.526,-56.969,0.136,-0.377,-1.096,26.77,7.07812
2.704,9.303,-25.602,-74.774,7.107,-19.589,-57.151,0.136,-0.377,-1.096,26.76,7.07817
2.712,9.362,-25.765,-75.252,7.129,-19.652,-57.334,0.136,-0.377,-1.096,26.76,7.07821
2.721,9.422,-25.930,-75.731,7.152,-19.715,-57.517,0.136,-0.377,-1.096,26.76,7.07826
2.729,9.482,-26.095,-76.212,7.175,-19.777,-57.699,0.136,-0.377,-1.096,26.76,7.07830
2.737,9.542,-26.260,-76.694,7.197,-19.840,-57.882,0.136,-0.377,-1.096,26.76,7.07835
2.746,9.602,-26.426,-77.178,7.220,-19.903,-58.064,0.136,-0.377,-1.096,26.76,7.07839
2.754,9.662,-26.592,-77.663,7.243,-19.966,-58.247,0.136,-0.377,-1.096,26.76,7.07844
2.762,9.723,-26.759,-78.150,7.265,-20.029,-58.430,0.136,-0.377,-1.096,26.76,7.07849
2.771,9.784,-26.926,-78.639,7.288,-20.092,-58.612,0.136,-0.377,-1.096,26.76,7.07853
2.779,9.845,-27.094,-79.129,7.310,-20.155,-58.795,0.136,-0.377,-1.096,26.76,7.07858
2.787,9.906,-27.263,-79.620,7.333,-20.218,-58.978,0.136,-0.377,-1.096,26.76,7.07863
2.796,9.967,-27.432,-80.113,7.356,-20.281,-59.160,0.136,-0.377,-1.096,26.75,7.07867
2.804,10.028,-27.601,-80.608,7.378,-20.343,-59.343,0.136,-0.377,-1.096,26.75,7.07872
2.812,10.090,-27.771,-81.104,7.401,-20.406,-59.526,0.136,-0.377,-1.096,26.75,7.07877
2.821,10.152,-27.942,-81.601,7.424,-20.469,-59.708,0.136,-0.377,-1.096,26.75,7.07881
2.829,10.214,-28.113,-82.100,7.446,-20.532,-59.891,0.136,-0.377,-1.096,26.75,7.07886
2.837,10.276,-28.285,-82.601,7.469,-20.595,-60.073,0.136,-0.377,-1.096,26.75,7.07891
2.846,10.339,-28.457,-83.103,7.492,-20.658,-60.256,0.136,-0.377,-1.096,26.75,7.07896
2.854,10.401,-28.630,-83.607,7.514,-20.721,-60.439,0.136,-0.377,-1.096,26.75,7.07901
2.862,10.464,-28.803,-84.112,7.537,-20.784,-60.621,0.136,-0.378,-1.096,26.75,7.07905
2.871,10.527,-28.977,-84.619,7.560,-20.847,-60.804,0.136,-0.378,-1.096,26.75,7.07910
2.879,10.590,-29.151,-85.127,7.582,-20.910,-60.987,0.136,-0.378,-1.096,26.74,7.07915
2.887,10.654,-29.326,-85.637,7.605,-20.973,-61.169,0.136,-0.378,-1.096,26.74,7.07920
2.896,10.717,-29.501,-86.148,7.628,-21.035,-61.352,0.136,-0.378,-1.096,26.74,7.07925
2.904,10.781,-29.677,-86.661,7.650,-21.098,-61.535,0.136,-0.378,-1.096,26.74,7.07930
2.912,10.845,-29.853,-87.175,7.673,-21.161,-61.717,0.136,-0.378,-1.096,26.74,7.07934
2.921,10.909,-30.030,-87.691,7.696,-21.224,-61.900,0.136,-0.378,-1.096,26.74,7.07939
2.929,10.973,-30.207,-88.208,7.718,-21.287,-62.082,0.136,-0.378,-1.096,26.74,7.07944
2.937,11.038,-30.385,-88.727,7.741,-21.350,-62.265,0.136,-0.378,-1.096,26.74,7.07949
2.946,11.103,-30.564,-89.248,7.763,-21.413,-62.448,0.136,-0.378,-1.096,26.74,7.07954
2.954,11.167,-30.743,-89.770,7.786,-21.476,-62.630,0.136,-0.378,-1.096,26.74,7.07959
2.962,11.233,-30.922,-90.293,7.809,-21.539,-62.813,0.136,-0.378,-1.096,26.73,7.07964
2.971,11.298,-31.102,-90.818,7.831,-21.602,-62.996,0.136,-0.378,-1.096,26.73,7.07969
2.979,11.363,-31.283,-91.344,7.854,-21.665,-63.178,0.136,-0.378,-1.096,26.73,7.07974
2.987,11.429,-31.464,-91.873,7.877,-21.728,-63.361,0.136,-0.378,-1.096,26.73,7.07979
2.996,11.495,-31.645,-92.402,7.899,-21.791,-63.544,0.136,-0.378,-1.096,26.73,7.07984
3.004,11.561,-31.827,-92.933,7.922,-21.854,-63.726,0.136,-0.378,-1.096,26.73,7.07989
3.012,11.627,-32.010,-93.466,7.945,-21.917,-63.909,0.136,-0.378,-1.096,26.73,7.07994
3.021,11.693,-32.193,-94.000,7.967,-21.980,-64.091,0.136,-0.378,-1.096,26.73,7.07999
3.029,11.760,-32.377,-94.535,7.990,-22.043,-64.274,0.136,-0.378,-1.096,26.73,7.08004
3.037,11.827,-32.561,-95.073,8.013,-22.106,-64.457,0.136,-0.378,-1.096,26.73,7.08009
3.046,11.894,-32.746,-95.611,8.035,-22.169,-64.639,0.136,-0.378,-1.096,26.72,7.08015
3.054,11.961,-32.931,-96.151,8.058,-22.232,-64.822,0.136,-0.378,-1.096,26.72,7.08020
3.062,12.028,-33.117,-96.693,8.080,-22.295,-65.005,0.136,-0.378,-1.096,26.72,7.08025
3.071,12.096,-33.303,-97.236,8.103,-22.358,-65.187,0.136,-0.378,-1.096,26.72,7.08030
3.079,12.163,-33.490,-97.781,8.126,-22.421,-65.370,0.136,-0.378,-1.096,26.72,7.08035
3.087,12.231,-33.678,-98.327,8.148,-22.484,-65.552,0.136,-0.378,-1.096,26.72,7.08040
3.096,12.299,-33.865,-98.875,8.171,-22.547,-65.735,0.136,-0.378,-1.096,26.72,7.08046
3.104,12.368,-34.054,-99.425,8.194,-22.610,-65.918,0.136,-0.378,-1.096,26.72,7.08051
3.112,12.436,-34.243,-99.975,8.216,-22.673,-66.100,0.136,-0.378,-1.096,26.72,7.08056
3.121,12.505,-34.432,-100.528,8.239,-22.736,-66.283,0.136,-0.378,-1.096,26.72,7.08061
3.129,12.574,-34.622,-101.082,8.262,-22.799,-66.466,0.136,-0.378,-1.096,26.71,7.08067
3.137,12.643,-34.813,-101.637,8.284,-22.862,-66.648,0.136,-0.378,-1.096,26.71,7.08072
3.146,12.712,-35.004,-102.194,8.307,-22.925,-66.831,0.136,-0.378,-1.096,26.71,7.08077
3.154,12.781,-35.195,-102.752,8.329,-22.988,-67.014,0.136,-0.378,-1.096,26.71,7.08082
3.162,12.851,-35.387,-103.312,8.352,-23.051,-67.196,0.136,-0.378,-1.096,26.71,7.08088
3.171,12.921,-35.580,-103.874,8.375,-23.114,-67.379,0.136,-0.378,-1.096,26.71,7.08093
3.179,12.991,-35.773,-104.437,8.397,-23.177,-67.561,0.136,-0.378,-1.096,26.71,7.08098
3.187,13.061,-35.967,-105.001,8.420,-23.240,-67.744,0.136,-0.378,-1.096,26.71,7.08104
3.196,13.131,-36.161,-105.568,8.443,-23.303,-67.927,0.136,-0.378,-1.096,26.71,7.08109
3.204,13.202,-36.356,-106.135,8.465,-23.366,-68.109,0.136,-0.378,-1.096,26.70,7.08115
3.212,13.273,-36.551,-106.704,8.488,-23.429,-68.292,0.136,-0.378,-1.096,26.70,7.08120
3.221,13.343,-36.747,-107.275,8.510,-23.492,-68.475,0.136,-0.378,-1.096,26.70,7.08125
3.229,13.415,-36.943,-107.847,8.533,-23.555,-68.657,0.136,-0.378,-1.096,26.70,7.08131
3.237,13.486,-37.140,-108.421,8.556,-23.618,-68.840,0.136,-0.378,-1.096,26.70,7.08136
3.246,13.557,-37.337,-108.996,8.578,-23.681,-69.023,0.136,-0.378,-1.096,26.70,7.08142
3.254,13.629,-37.535,-109.573,8.601,-23.744,-69.205,0.136,-0.378,-1.096,26.70,7.08147
3.262,13.701,-37.734,-110.151,8.624,-23.807,-69.388,0.136,-0.378,-1.096,26.70,7.08153
3.271,13.773,-37.932,-110.731,8.646,-23.870,-69.570,0.136,-0.378,-1.096,26.70,7.08158
3.279,13.845,-38.132,-111.312,8.669,-23.933,-69.753,0.136,-0.378,-1.096,26.69,7.08164
3.287,13.918,-38.332,-111.895,8.691,-23.996,-69.936,0.136,-0.378,-1.096,26.69,7.08169
3.296,13.990,-38.532,-112.479,8.714,-24.059,-70.118,0.136,-0.378,-1.096,26.69,7.08175
3.304,14.063,-38.733,-113.065,8.737,-24.122,-70.301,0.136,-0.378,-1.096,26.69,7.08180
3.312,14.136,-38.935,-113.652,8.759,-24.185,-70.484,0.136,-0.378,-1.096,26.69,7.08186
3.321,14.209,-39.137,-114.241,8.782,-24.248,-70.666,0.136,-0.378,-1.096,26.69,7.08192
3.329,14.283,-39.340,-114.832,8.805,-24.312,-70.849,0.136,-0.378,-1.096,26.69,7.08197
3.337,14.356,-39.543,-115.424,8.827,-24.375,-71.031,0.136,-0.379,-1.096,26.69,7.08203
3.346,14.430,-39.746,-116.017,8.850,-24.438,-71.214,0.136,-0.379,-1.096,26.69,7.08208
3.354,14.504,-39.951,-116.612,8.872,-24.501,-71.397,0.136,-0.379,-1.096,26.68,7.08214
3.362,14.578,-40.155,-117.208,8.895,-24.564,-71.579,0.136,-0.379,-1.096,26.68,7.08220
3.371,14.652,-40.360,-117.807,8.918,-24.627,-71.762,0.136,-0.379,-1.096,26.68,7.08225
3.379,14.727,-40.566,-118.406,8.940,-24.690,-71.945,0.136,-0.379,-1.096,26.68,7.08231
3.387,14.801,-40.773,-119.007,8.963,-24.753,-72.127,0.136,-0.379,-1.096,26.68,7.08237
3.396,14.876,-40.979,-119.610,8.985,-24.816,-72.310,0.136,-0.379,-1.096,26.68,7.08243
3.404,14.951,-41.187,-120.214,9.008,-24.879,-72.492,0.136,-0.379,-1.096,26.68,7.08248
3.412,15.027,-41.395,-120.819,9.031,-24.943,-72.675,0.136,-0.379,-1.096,26.68,7.08254
3.421,15.102,-41.603,-121.427,9.053,-25.006,-72.858,0.136,-0.379,-1.096,26.67,7.08260
3.429,15.178,-41.812,-122.035,9.076,-25.069,-73.040,0.136,-0.379,-1.096,26.67,7.08266
3.437,15.254,-42.021,-122.646,9.099,-25.132,-73.223,0.136,-0.379,-1.096,26.67,7.08271
3.446,15.330,-42.231,-123.257,9.121,-25.195,-73.406,0.136,-0.379,-1.096,26.67,7.08277
3.454,15.406,-42.442,-123.871,9.144,-25.258,-73.588,0.136,-0.379,-1.096,26.67,7.08283
3.462,15.482,-42.653,-124.485,9.166,-25.321,-73.771,0.136,-0.379,-1.096,26.67,7.08289
3.471,15.559,-42.864,-125.102,9.189,-25.384,-73.953,0.136,-0.379,-1.096,26.67,7.08295
3.479,15.635,-43.076,-125.719,9.212,-25.447,-74.136,0.136,-0.379,-1.096,26.67,7.08301
3.487,15.712,-43.289,-126.339,9.234,-25.511,-74.319,0.136,-0.379,-1.096,26.67,7.08307
3.496,15.790,-43.502,-126.960,9.257,-25.574,-74.501,0.136,-0.379,-1.096,26.66,7.08312
3.504,15.867,-43.716,-127.582,9.279,-25.637,-74.684,0.136,-0.379,-1.096,26.66,7.08318
3.512,15.944,-43.930,-128.206,9.302,-25.700,-74.867,0.136,-0.379,-1.096,26.66,7.08324
3.521,16.022,-44.145,-128.831,9.325,-25.763,-75.049,0.136,-0.379,-1.096,26.66,7.08330
3.529,16.100,-44.360,-129.458,9.347,-25.826,-75.232,0.136,-0.379,-1.096,26.66,7.08336
3.537,16.178,-44.576,-130.087,9.370,-25.890,-75.414,0.136,-0.379,-1.096,26.66,7.08342
3.546,16.256,-44.792,-130.717,9.392,-25.953,-75.597,0.136,-0.379,-1.096,26.66,7.08348
3.554,16.335,-45.009,-131.348,9.415,-26.016,-75.780,0.136,-0.379,-1.096,26.66,7.08354
3.562,16.413,-45.226,-131.981,9.438,-26.079,-75.962,0.136,-0.379,-1.096,26.65,7.08360
3.571,16.492,-45.444,-132.616,9.460,-26.142,-76.145,0.136,-0.379,-1.096,26.65,7.08366
3.579,16.571,-45.662,-133.252,9.483,-26.205,-76.328,0.136,-0.379,-1.096,26.65,7.08372
3.587,16.651,-45.881,-133.889,9.505,-26.269,-76.510,0.136,-0.379,-1.096,26.65,7.08378
3.596,16.730,-46.100,-134.529,9.528,-26.332,-76.693,0.136,-0.379,-1.096,26.65,7.08384
3.604,16.810,-46.320,-135.169,9.551,-26.395,-76.875,0.136,-0.379,-1.096,26.65,7.08390
3.612,16.889,-46.541,-135.811,9.573,-26.458,-77.058,0.136,-0.379,-1.096,26.65,7.08397
3.621,16.969,-46.762,-136.455,9.596,-26.521,-77.241,0.136,-0.379,-1.096,26.65,7.08403
3.629,17.049,-46.984,-137.100,9.618,-26.585,-77.423,0.136,-0.379,-1.096,26.64,7.08409
3.637,17.130,-47.206,-137.747,9.641,-26.648,-77.606,0.136,-0.379,-1.096,26.64,7.08415
3.646,17.210,-47.428,-138.395,9.664,-26.711,-77.789,0.136,-0.379,-1.096,26.64,7.08421
3.654,17.291,-47.651,-139.045,9.686,-26.774,-77.971,0.136,-0.379,-1.096,26.64,7.08427
3.662,17.372,-47.875,-139.696,9.709,-26.837,-78.154,0.136,-0.379,-1.096,26.64,7.08433
3.671,17.453,-48.099,-140.349,9.731,-26.901,-78.336,0.136,-0.379,-1.096,26.64,7.08440
3.679,17.534,-48.324,-141.003,9.754,-26.964,-78.519,0.136,-0.379,-1.096,26.64,7.08446
3.687,17.616,-48.549,-141.659,9.777,-27.027,-78.702,0.136,-0.379,-1.096,26.64,7.08452
3.696,17.697,-48.775,-142.317,9.799,-27.090,-78.884,0.136,-0.379,-1.096,26.63,7.08458
3.704,17.779,-49.001,-142.976,9.822,-27.153,-79.067,0.136,-0.379,-1.096,26.63,7.08465
3.712,17.861,-49.228,-143.636,9.844,-27.217,-79.250,0.136,-0.379,-1.096,26.63,7.08471
3.721,17.944,-49.455,-144.298,9.867,-27.280,-79.432,0.136,-0.379,-1.096,26.63,7.08477
3.729,18.026,-49.683,-144.961,9.889,-27.343,-79.615,0.136,-0.379,-1.096,26.63,7.08483
3.737,18.109,-49.911,-145.626,9.912,-27.406,-79.797,0.136,-0.379,-1.096,26.63,7.08490
3.746,18.191,-50.140,-146.293,9.935,-27.470,-79.980,0.136,-0.379,-1.096,26.63,7.08496
3.754,18.274,-50.370,-146.961,9.957,-27.533,-80.163,0.136,-0.380,-1.096,26.63,7.08502
3.762,18.358,-50.600,-147.631,9.980,-27.596,-80.345,0.135,-0.380,-1.096,26.62,7.08509
3.771,18.441,-50.830,-148.302,10.002,-27.659,-80.528,0.135,-0.380,-1.096,26.62,7.08515
3.779,18.524,-51.061,-148.974,10.025,-27.723,-80.711,0.135,-0.380,-1.096,26.62,7.08522
3.787,18.608,-51.293,-149.648,10.048,-27.786,-80.893,0.135,-0.380,-1.096,26.62,7.08528
3.796,18.692,-51.525,-150.324,10.070,-27.849,-81.076,0.135,-0.380,-1.096,26.62,7.08534
3.804,18.776,-51.758,-151.001,10.093,-27.912,-81.258,0.135,-0.380,-1.096,26.62,7.08541
3.812,18.860,-51.991,-151.680,10.115,-27.976,-81.441,0.135,-0.380,-1.096,26.62,7.08547
3.821,18.945,-52.224,-152.360,10.138,-28.039,-81.624,0.135,-0.380,-1.096,26.62,7.08554
3.829,19.030,-52.459,-153.042,10.160,-28.102,-81.806,0.135,-0.380,-1.096,26.61,7.08560
3.837,19.115,-52.693,-153.725,10.183,-28.166,-81.989,0.135,-0.380,-1.096,26.61,7.08567
3.846,19.200,-52.929,-154.410,10.206,-28.229,-82.171,0.135,-0.380,-1.096,26.61,7.08573
3.854,19.285,-53.164,-155.096,10.228,-28.292,-82.354,0.135,-0.380,-1.096,26.61,7.08580
3.862,19.370,-53.401,-155.784,10.251,-28.355,-82.537,0.135,-0.380,-1.096,26.61,7.08586
3.871,19.456,-53.637,-156.473,10.273,-28.419,-82.719,0.135,-0.380,-1.096,26.61,7.08593
3.879,19.542,-53.875,-157.164,10.296,-28.482,-82.902,0.135,-0.380,-1.096,26.61,7.08599
3.887,19.628,-54.113,-157.856,10.318,-28.545,-83.085,0.135,-0.380,-1.096,26.60,7.08606
3.896,19.714,-54.351,-158.550,10.341,-28.609,-83.267,0.135,-0.380,-1.096,26.60,7.08613
3.904,19.800,-54.590,-159.246,10.364,-28.672,-83.450,0.135,-0.380,-1.096,26.60,7.08619
3.912,19.887,-54.829,-159.943,10.386,-28.735,-83.632,0.135,-0.380,-1.096,26.60,7.08626
3.921,19.973,-55.069,-160.641,10.409,-28.799,-83.815,0.135,-0.380,-1.096,26.60,7.08633
3.929,20.060,-55.310,-161.341,10.431,-28.862,-83.998,0.135,-0.380,-1.096,26.60,7.08639
3.937,20.147,-55.551,-162.043,10.454,-28.925,-84.180,0.135,-0.380,-1.096,26.60,7.08646
3.946,20.235,-55.793,-162.746,10.476,-28.989,-84.363,0.135,-0.380,-1.096,26.60,7.08652
3.954,20.322,-56.035,-163.450,10.499,-29.052,-84.546,0.135,-0.380,-1.096,26.59,7.08659
3.962,20.410,-56.277,-164.156,10.522,-29.115,-84.728,0.135,-0.380,-1.096,26.59,7.08666
3.971,20.498,-56.520,-164.864,10.544,-29.179,-84.911,0.135,-0.380,-1.096,26.59,7.08673
3.979,20.586,-56.764,-165.573,10.567,-29.242,-85.093,0.135,-0.380,-1.096,26.59,7.08679
3.987,20.674,-57.008,-166.284,10.589,-29.305,-85.276,0.135,-0.380,-1.096,26.59,7.08686
3.996,20.763,-57.253,-166.996,10.612,-29.369,-85.459,0.135,-0.380,-1.096,26.59,7.08693
4.004,20.851,-57.498,-167.710,10.634,-29.432,-85.641,0.135,-0.380,-1.096,26.59,7.08700
4.012,20.940,-57.744,-168.425,10.657,-29.495,-85.824,0.135,-0.380,-1.096,26.58,7.08707
4.021,21.029,-57.991,-169.142,10.680,-29.559,-86.006,0.135,-0.380,-1.096,26.58,7.08713
4.029,21.118,-58.237,-169.860,10.702,-29.622,-86.189,0.135,-0.380,-1.096,26.58,7.08720
4.037,21.208,-58.485,-170.580,10.725,-29.685,-86.372,0.135,-0.380,-1.096,26.58,7.08727
4.046,21.297,-58.733,-171.301,10.747,-29.749,-86.554,0.135,-0.380,-1.096,26.58,7.08734
4.054,21.387,-58.981,-172.024,10.770,-29.812,-86.737,0.135,-0.380,-1.096,26.58,7.08741
4.062,21.477,-59.230,-172.748,10.792,-29.876,-86.920,0.135,-0.380,-1.096,26.58,7.08748
4.071,21.567,-59.480,-173.474,10.815,-29.939,-87.102,0.135,-0.380,-1.096,26.57,7.08754
4.079,21.657,-59.730,-174.201,10.837,-30.002,-87.285,0.135,-0.380,-1.096,26.57,7.08761
4.087,21.748,-59.980,-174.930,10.860,-30.066,-87.467,0.135,-0.380,-1.096,26.57,7.08768
4.096,21.838,-60.231,-175.661,10.883,-30.129,-87.650,0.135,-0.380,-1.096,26.57,7.08775
4.104,21.929,-60.483,-176.393,10.905,-30.193,-87.833,0.135,-0.380,-1.096,26.57,7.08782
4.112,22.020,-60.735,-177.126,10.928,-30.256,-88.015,0.135,-0.380,-1.096,26.57,7.08789
4.121,22.112,-60.988,-177.861,10.950,-30.319,-88.198,0.135,-0.380,-1.096,26.57,7.08796
4.129,22.203,-61.241,-178.598,10.973,-30.383,-88.380,0.135,-0.381,-1.096,26.56,7.08803
4.137,22.295,-61.495,-179.336,10.995,-30.446,-88.563,0.135,-0.381,-1.096,26.56,7.08810
4.146,22.387,-61.749,-180.075,11.018,-30.510,-88.746,0.135,-0.381,-1.096,26.56,7.08817
4.154,22.479,-62.004,-180.816,11.040,-30.573,-88.928,0.135,-0.381,-1.096,26.56,7.08824
4.162,22.571,-62.259,-181.559,11.063,-30.636,-89.111,0.135,-0.381,-1.096,26.56,7.08831
4.171,22.663,-62.515,-182.303,11.086,-30.700,-89.293,0.135,-0.381,-1.096,26.56,7.08838
4.179,22.756,-62.771,-183.049,11.108,-30.763,-89.476,0.135,-0.381,-1.096,26.56,7.08846
4.187,22.848,-63.028,-183.796,11.131,-30.827,-89.659,0.135,-0.381,-1.096,26.55,7.08853
4.196,22.941,-63.285,-184.544,11.153,-30.890,-89.841,0.135,-0.381,-1.096,26.55,7.08860
4.204,23.035,-63.543,-185.295,11.176,-30.954,-90.024,0.135,-0.381,-1.096,26.55,7.08867
4.212,23.128,-63.802,-186.046,11.198,-31.017,-90.206,0.135,-0.381,-1.096,26.55,7.08874
4.221,23.221,-64.061,-186.800,11.221,-31.081,-90.389,0.135,-0.381,-1.096,26.55,7.08881
4.229,23.315,-64.320,-187.554,11.243,-31.144,-90.572,0.135,-0.381,-1.096,26.55,7.08888
4.237,23.409,-64.580,-188.311,11.266,-31.208,-90.754,0.135,-0.381,-1.096,26.55,7.08896
4.246,23.503,-64.841,-189.069,11.288,-31.271,-90.937,0.135,-0.381,-1.096,26.54,7.08903
4.254,23.597,-65.102,-189.828,11.311,-31.334,-91.120,0.135,-0.381,-1.096,26.54,7.08910
4.262,23.692,-65.364,-190.589,11.333,-31.398,-91.302,0.135,-0.381,-1.096,26.54,7.08917
4.271,23.786,-65.626,-191.351,11.356,-31.461,-91.485,0.135,-0.381,-1.096,26.54,7.08924
4.279,23.881,-65.889,-192.115,11.379,-31.525,-91.667,0.135,-0.381,-1.096,26.54,7.08932
4.287,23.976,-66.152,-192.880,11.401,-31.588,-91.850,0.135,-0.381,-1.096,26.54,7.08939
4.296,24.071,-66.416,-193.647,11.424,-31.652,-92.033,0.135,-0.381,-1.096,26.54,7.08946
4.304,24.167,-66.680,-194.416,11.446,-31.715,-92.215,0.135,-0.381,-1.096,26.53,7.08954
4.312,24.262,-66.945,-195.186,11.469,-31.779,-92.398,0.135,-0.381,-1.096,26.53,7.08961
4.321,24.358,-67.210,-195.957,11.491,-31.842,-92.580,0.135,-0.381,-1.096,26.53,7.08968
4.329,24.454,-67.476,-196.730,11.514,-31.906,-92.763,0.135,-0.381,-1.096,26.53,7.08976
4.337,24.550,-67.743,-197.505,11.536,-31.969,-92.946,0.135,-0.381,-1.096,26.53,7.08983
4.346,24.646,-68.009,-198.281,11.559,-32.033,-93.128,0.135,-0.381,-1.096,26.53,7.08990
4.354,24.743,-68.277,-199.059,11.581,-32.096,-93.311,0.135,-0.381,-1.096,26.53,7.08998
4.362,24.840,-68.545,-199.838,11.604,-32.160,-93.493,0.135,-0.381,-1.096,26.52,7.09005
4.371,24.937,-68.813,-200.618,11.626,-32.224,-93.676,0.135,-0.381,-1.096,26.52,7.09013
4.379,25.034,-69.083,-201.401,11.649,-32.287,-93.859,0.135,-0.381,-1.096,26.52,7.09020
4.387,25.131,-69.352,-202.184,11.671,-32.351,-94.041,0.135,-0.381,-1.096,26.52,7.09027
4.396,25.228,-69.622,-202.970,11.694,-32.414,-94.224,0.135,-0.381,-1.096,26.52,7.09035
4.404,25.326,-69.893,-203.756,11.716,-32.478,-94.406,0.135,-0.381,-1.096,26.52,7.09042
4.412,25.424,-70.164,-204.545,11.739,-32.541,-94.589,0.135,-0.381,-1.096,26.51,7.09050
4.421,25.522,-70.436,-205.334,11.762,-32.605,-94.772,0.135,-0.381,-1.096,26.51,7.09057
4.429,25.620,-70.708,-206.126,11.784,-32.668,-94.954,0.135,-0.381,-1.096,26.51,7.09065
4.437,25.718,-70.981,-206.918,11.807,-32.732,-95.137,0.135,-0.381,-1.096,26.51,7.09073
4.446,25.817,-71.254,-207.713,11.829,-32.796,-95.319,0.135,-0.381,-1.096,26.51,7.09080
4.454,25.916,-71.528,-208.509,11.852,-32.859,-95.502,0.135,-0.381,-1.096,26.51,7.09088
4.462,26.015,-71.802,-209.306,11.874,-32.923,-95.685,0.135,-0.381,-1.096,26.51,7.09095
4.471,26.114,-72.077,-210.105,11.897,-32.986,-95.867,0.135,-0.382,-1.096,26.50,7.09103
4.479,26.213,-72.353,-210.905,11.919,-33.050,-96.050,0.135,-0.382,-1.096,26.50,7.09110
4.487,26.313,-72.629,-211.707,11.942,-33.113,-96.232,0.135,-0.382,-1.096,26.50,7.09118
4.496,26.412,-72.905,-212.511,11.964,-33.177,-96.415,0.135,-0.382,-1.096,26.50,7.09126
4.504,26.512,-73.182,-213.316,11.987,-33.241,-96.598,0.135,-0.382,-1.096,26.50,7.09133
4.512,26.612,-73.460,-214.122,12.009,-33.304,-96.780,0.135,-0.382,-1.096,26.50,7.09141
4.521,26.713,-73.738,-214.930,12.032,-33.368,-96.963,0.135,-0.382,-1.096,26.49,7.09149
4.529,26.813,-74.016,-215.740,12.054,-33.431,-97.146,0.135,-0.382,-1.096,26.49,7.09156
4.537,26.914,-74.295,-216.551,12.077,-33.495,-97.328,0.135,-0.382,-1.096,26.49,7.09164
4.546,27.015,-74.575,-217.364,12.099,-33.559,-97.511,0.135,-0.382,-1.096,26.49,7.09172
4.554,27.116,-74.855,-218.178,12.122,-33.622,-97.693,0.135,-0.382,-1.096,26.49,7.09180
4.562,27.217,-75.136,-218.993,12.144,-33.686,-97.876,0.135,-0.382,-1.096,26.49,7.09187
4.571,27.318,-75.417,-219.811,12.167,-33.750,-98.059,0.135,-0.382,-1.096,26.49,7.09195
4.579,27.420,-75.699,-220.629,12.189,-33.813,-98.241,0.135,-0.382,-1.096,26.48,7.09203
4.588,27.522,-75.981,-221.449,12.212,-33.877,-98.424,0.135,-0.382,-1.096,26.48,7.09211
4.596,27.633,-76.291,-222.348,12.236,-33.946,-98.623,0.135,-0.382,-1.096,26.48,7.09219
4.605,27.735,-76.574,-223.172,12.259,-34.010,-98.806,0.135,-0.382,-1.096,26.48,7.09227
4.613,27.838,-76.858,-223.997,12.281,-34.074,-98.989,0.135,-0.382,-1.096,26.48,7.09235
4.621,27.940,-77.143,-224.823,12.304,-34.137,-99.171,0.135,-0.382,-1.096,26.48,7.09243
4.630,28.043,-77.428,-225.651,12.326,-34.201,-99.354,0.135,-0.382,-1.096,26.47,7.09251
4.638,28.146,-77.713,-226.481,12.349,-34.265,-99.536,0.135,-0.382,-1.096,26.47,7.09259
4.646,28.249,-77.999,-227.312,12.371,-34.328,-99.719,0.135,-0.382,-1.096,26.47,7.09267
4.655,28.352,-78.286,-228.144,12.394,-34.392,-99.902,0.135,-0.382,-1.096,26.47,7.09274
4.663,28.456,-78.573,-228.978,12.416,-34.456,-100.084,0.135,-0.382,-1.096,26.47,7.09282
4.671,28.559,-78.861,-229.814,12.439,-34.519,-100.267,0.135,-0.382,-1.096,26.47,7.09290
4.680,28.663,-79.149,-230.651,12.461,-34.583,-100.449,0.135,-0.382,-1.096,26.46,7.09298
4.688,28.767,-79.438,-231.489,12.484,-34.647,-100.632,0.135,-0.382,-1.096,26.46,7.09306
4.696,28.871,-79.727,-232.330,12.506,-34.710,-100.815,0.135,-0.382,-1.096,26.46,7.09314
4.705,28.976,-80.017,-233.171,12.529,-34.774,-100.997,0.135,-0.382,-1.096,26.46,7.09322
4.713,29.080,-80.307,-234.014,12.551,-34.838,-101.180,0.135,-0.382,-1.096,26.46,7.09330
4.721,29.185,-80.598,-234.859,12.574,-34.902,-101.362,0.135,-0.382,-1.096,26.46,7.09338
4.730,29.290,-80.889,-235.705,12.596,-34.965,-101.545,0.135,-0.382,-1.096,26.45,7.09346
4.738,29.395,-81.181,-236.553,12.619,-35.029,-101.728,0.135,-0.382,-1.096,26.45,7.09354
4.746,29.501,-81.474,-237.402,12.641,-35.093,-101.910,0.135,-0.382,-1.096,26.45,7.09363
4.755,29.606,-81.767,-238.253,12.664,-35.156,-102.093,0.135,-0.382,-1.096,26.45,7.09371
4.763,29.712,-82.060,-239.105,12.686,-35.220,-102.275,0.135,-0.382,-1.096,26.45,7.09379
4.771,29.818,-82.354,-239.959,12.709,-35.284,-102.458,0.135,-0.382,-1.096,26.45,7.09387
4.780,29.924,-82.649,-240.815,12.731,-35.348,-102.641,0.135,-0.382,-1.096,26.44,7.09395
4.788,30.030,-82.944,-241.671,12.754,-35.411,-102.823,0.135,-0.382,-1.096,26.44,7.09403
4.796,30.137,-83.239,-242.530,12.776,-35.475,-103.006,0.135,-0.383,-1.096,26.44,7.09411
4.805,30.243,-83.536,-243.390,12.799,-35.539,-103.188,0.135,-0.383,-1.096,26.44,7.09419
4.813,30.350,-83.832,-244.251,12.821,-35.603,-103.371,0.135,-0.383,-1.096,26.44,7.09428
4.821,30.457,-84.129,-245.114,12.844,-35.666,-103.553,0.135,-0.383,-1.096,26.44,7.09436
4.830,30.564,-84.427,-245.979,12.866,-35.730,-103.736,0.135,-0.383,-1.096,26.43,7.09444
4.838,30.672,-84.725,-246.845,12.889,-35.794,-103.919,0.135,-0.383,-1.096,26.43,7.09452
4.846,30.779,-85.024,-247.712,12.911,-35.858,-104.101,0.135,-0.383,-1.096,26.43,7.09461
4.855,30.887,-85.324,-248.581,12.934,-35.922,-104.284,0.135,-0.383,-1.096,26.43,7.09469
4.863,30.995,-85.624,-249.452,12.956,-35.985,-104.466,0.135,-0.383,-1.096,26.43,7.09477
4.871,31.103,-85.924,-250.324,12.979,-36.049,-104.649,0.135,-0.383,-1.096,26.43,7.09485
4.880,31.212,-86.225,-251.198,13.001,-36.113,-104.832,0.135,-0.383,-1.096,26.42,7.09494
4.888,31.320,-86.526,-252.073,13.024,-36.177,-105.014,0.135,-0.383,-1.096,26.42,7.09502
4.896,31.429,-86.828,-252.949,13.046,-36.241,-105.197,0.135,-0.383,-1.096,26.42,7.09510
4.905,31.538,-87.131,-253.827,13.069,-36.304,-105.379,0.135,-0.383,-1.096,26.42,7.09519
4.913,31.647,-87.434,-254.707,13.091,-36.368,-105.562,0.135,-0.383,-1.096,26.42,7.09527
4.921,31.756,-87.738,-255.588,13.113,-36.432,-105.745,0.135,-0.383,-1.096,26.42,7.09536
4.930,31.866,-88.042,-256.471,13.136,-36.496,-105.927,0.135,-0.383,-1.095,26.41,7.09544
4.938,31.975,-88.346,-257.355,13.158,-36.560,-106.110,0.135,-0.383,-1.095,26.41,7.09552
4.946,32.085,-88.652,-258.241,13.181,-36.623,-106.292,0.135,-0.383,-1.095,26.41,7.09561
4.955,32.195,-88.957,-259.128,13.203,-36.687,-106.475,0.135,-0.383,-1.095,26.41,7.09569
4.963,32.305,-89.264,-260.017,13.226,-36.751,-106.657,0.135,-0.383,-1.095,26.41,7.09578
4.971,32.416,-89.570,-260.908,13.248,-36.815,-106.840,0.135,-0.383,-1.095,26.41,7.09586
4.980,32.526,-89.878,-261.800,13.271,-36.879,-107.023,0.135,-0.383,-1.095,26.40,7.09595
4.988,32.637,-90.186,-262.693,13.293,-36.943,-107.205,0.135,-0.383,-1.095,26.40,7.09603
4.996,32.748,-90.494,-263.588,13.316,-37.007,-107.388,0.135,-0.383,-1.095,26.40,7.09612
5.005,32.859,-90.803,-264.484,13.338,-37.070,-107.570,0.135,-0.383,-1.095,26.40,7.09620
5.013,32.971,-91.112,-265.382,13.361,-37.134,-107.753,0.135,-0.383,-1.095,26.40,7.09629
5.021,33.082,-91.422,-266.282,13.383,-37.198,-107.936,0.135,-0.383,-1.095,26.40,7.09637
5.030,33.194,-91.733,-267.183,13.405,-37.262,-108.118,0.135,-0.383,-1.095,26.39,7.09646
5.038,33.306,-92.044,-268.085,13.428,-37.326,-108.301,0.135,-0.383,-1.095,26.39,7.09654
5.046,33.418,-92.356,-268.989,13.450,-37.390,-108.483,0.135,-0.383,-1.095,26.39,7.09663
5.055,33.530,-92.668,-269.895,13.473,-37.454,-108.666,0.135,-0.383,-1.095,26.39,7.09672
5.063,33.643,-92.980,-270.802,13.495,-37.518,-108.848,0.135,-0.383,-1.095,26.39,7.09680
5.071,33.755,-93.293,-271.711,13.518,-37.582,-109.031,0.135,-0.383,-1.095,26.39,7.09689
5.080,33.868,-93.607,-272.621,13.540,-37.645,-109.214,0.135,-0.383,-1.095,26.38,7.09698
5.088,33.981,-93.921,-273.532,13.563,-37.709,-109.396,0.135,-0.384,-1.095,26.38,7.09706
5.096,34.094,-94.236,-274.445,13.585,-37.773,-109.579,0.135,-0.384,-1.095,26.38,7.09715
5.105,34.208,-94.552,-275.360,13.608,-37.837,-109.761,0.135,-0.384,-1.095,26.38,7.09724
5.113,34.321,-94.867,-276.276,13.630,-37.901,-109.944,0.135,-0.384,-1.095,26.38,7.09732
5.121,34.435,-95.184,-277.194,13.652,-37.965,-110.126,0.135,-0.384,-1.095,26.37,7.09741
5.130,34.549,-95.501,-278.113,13.675,-38.029,-110.309,0.135,-0.384,-1.095,26.37,7.09750
5.138,34.663,-95.818,-279.034,13.697,-38.093,-110.492,0.135,-0.384,-1.095,26.37,7.09759
5.146,34.778,-96.136,-279.956,13.720,-38.157,-110.674,0.135,-0.384,-1.095,26.37,7.09767
5.155,34.892,-96.455,-280.880,13.742,-38.221,-110.857,0.135,-0.384,-1.095,26.37,7.09776
5.163,35.007,-96.774,-281.806,13.765,-38.285,-111.039,0.135,-0.384,-1.095,26.37,7.09785
5.171,35.122,-97.093,-282.733,13.787,-38.349,-111.222,0.135,-0.384,-1.095,26.36,7.09794
5.180,35.237,-97.413,-283.661,13.810,-38.413,-111.405,0.135,-0.384,-1.095,26.36,7.09803
5.188,35.352,-97.734,-284.591,13.832,-38.477,-111.587,0.135,-0.384,-1.095,26.36,7.09812
5.196,35.467,-98.055,-285.522,13.854,-38.541,-111.770,0.135,-0.384,-1.095,26.36,7.09820
5.205,35.583,-98.377,-286.455,13.877,-38.605,-111.952,0.135,-0.384,-1.095,26.36,7.09829
5.213,35.699,-98.699,-287.390,13.899,-38.669,-112.135,0.135,-0.384,-1.095,26.36,7.09838
5.221,35.815,-99.022,-288.326,13.922,-38.733,-112.317,0.135,-0.384,-1.095,26.35,7.09847
5.230,35.931,-99.345,-289.263,13.944,-38.797,-112.500,0.135,-0.384,-1.095,26.35,7.09856
5.238,36.048,-99.669,-290.202,13.967,-38.861,-112.683,0.135,-0.384,-1.095,26.35,7.09865
5.246,36.164,-99.993,-291.143,13.989,-38.925,-112.865,0.135,-0.384,-1.095,26.35,7.09874
5.255,36.281,-100.318,-292.085,14.011,-38.989,-113.048,0.135,-0.384,-1.095,26.35,7.09883
5.263,36.398,-100.644,-293.028,14.034,-39.053,-113.230,0.135,-0.384,-1.095,26.34,7.09892
5.271,36.515,-100.970,-293.974,14.056,-39.117,-113.413,0.135,-0.384,-1.095,26.34,7.09901
5.280,36.632,-101.296,-294.920,14.079,-39.181,-113.595,0.135,-0.384,-1.095,26.34,7.09910
5.288,36.750,-101.623,-295.868,14.101,-39.245,-113.778,0.135,-0.384,-1.095,26.34,7.09919
5.296,36.868,-101.951,-296.818,14.124,-39.309,-113.961,0.135,-0.384,-1.095,26.34,7.09928
5.305,36.985,-102.279,-297.769,14.146,-39.373,-114.143,0.135,-0.384,-1.095,26.34,7.09937
5.313,37.103,-102.608,-298.722,14.168,-39.437,-114.326,0.135,-0.384,-1.095,26.33,7.09946
5.321,37.222,-102.937,-299.676,14.191,-39.501,-114.508,0.135,-0.384,-1.095,26.33,7.09955
5.330,37.340,-103.267,-300.632,14.213,-39.565,-114.691,0.135,-0.384,-1.095,26.33,7.09964
5.338,37.459,-103.597,-301.589,14.236,-39.629,-114.873,0.135,-0.384,-1.095,26.33,7.09973
5.346,37.578,-103.928,-302.548,14.258,-39.693,-115.056,0.135,-0.384,-1.095,26.33,7.09982
5.355,37.697,-104.259,-303.508,14.281,-39.757,-115.239,0.135,-0.384,-1.095,26.32,7.09992
5.363,37.816,-104.591,-304.470,14.303,-39.821,-115.421,0.135,-0.384,-1.095,26.32,7.10001
5.371,37.935,-104.923,-305.434,14.325,-39.885,-115.604,0.134,-0.385,-1.095,26.32,7.10010
5.380,38.055,-105.256,-306.399,14.348,-39.949,-115.786,0.134,-0.385,-1.095,26.32,7.10019
5.388,38.175,-105.590,-307.365,14.370,-40.014,-115.969,0.134,-0.385,-1.095,26.32,7.10028
5.396,38.294,-105.924,-308.333,14.393,-40.078,-116.151,0.134,-0.385,-1.095,26.32,7.10038
5.405,38.415,-106.258,-309.302,14.415,-40.142,-116.334,0.134,-0.385,-1.095,26.31,7.10047
5.413,38.535,-106.593,-310.273,14.437,-40.206,-116.517,0.134,-0.385,-1.095,26.31,7.10056
5.421,38.655,-106.929,-311.246,14.460,-40.270,-116.699,0.134,-0.385,-1.095,26.31,7.10065
5.430,38.776,-107.265,-312.220,14.482,-40.334,-116.882,0.134,-0.385,-1.095,26.31,7.10075
5.438,38.897,-107.601,-313.196,14.505,-40.398,-117.064,0.134,-0.385,-1.095,26.31,7.10084
5.446,39.018,-107.939,-314.173,14.527,-40.462,-117.247,0.134,-0.385,-1.095,26.30,7.10093
5.455,39.139,-108.276,-315.151,14.550,-40.526,-117.429,0.134,-0.385,-1.095,26.30,7.10102
5.463,39.261,-108.615,-316.131,14.572,-40.591,-117.612,0.134,-0.385,-1.095,26.30,7.10112
5.471,39.382,-108.953,-317.113,14.594,-40.655,-117.795,0.134,-0.385,-1.095,26.30,7.10121
5.480,39.504,-109.293,-318.096,14.617,-40.719,-117.977,0.134,-0.385,-1.095,26.30,7.10131
5.488,39.626,-109.633,-319.081,14.639,-40.783,-118.160,0.134,-0.385,-1.095,26.29,7.10140
5.496,39.748,-109.973,-320.067,14.662,-40.847,-118.342,0.134,-0.385,-1.095,26.29,7.10149
5.505,39.871,-110.314,-321.055,14.684,-40.911,-118.525,0.134,-0.385,-1.095,26.29,7.10159
5.513,39.993,-110.655,-322.044,14.706,-40.975,-118.707,0.134,-0.385,-1.095,26.29,7.10168
5.521,40.116,-110.997,-323.035,14.729,-41.040,-118.890,0.134,-0.385,-1.095,26.29,7.10178
5.530,40.239,-111.340,-324.027,14.751,-41.104,-119.072,0.134,-0.385,-1.095,26.29,7.10187
5.538,40.362,-111.683,-325.021,14.774,-41.168,-119.255,0.134,-0.385,-1.095,26.28,7.10196
5.546,40.485,-112.027,-326.016,14.796,-41.232,-119.438,0.134,-0.385,-1.095,26.28,7.10206
5.555,40.609,-112.371,-327.013,14.818,-41.296,-119.620,0.134,-0.385,-1.095,26.28,7.10215
5.563,40.733,-112.716,-328.011,14.841,-41.361,-119.803,0.134,-0.385,-1.095,26.28,7.10225
5.571,40.856,-113.061,-329.011,14.863,-41.425,-119.985,0.134,-0.385,-1.095,26.28,7.10234
5.580,40.980,-113.406,-330.013,14.885,-41.489,-120.168,0.134,-0.385,-1.095,26.27,7.10244
5.588,41.105,-113.753,-331.016,14.908,-41.553,-120.350,0.134,-0.385,-1.095,26.27,7.10254
5.596,41.229,-114.100,-332.020,14.930,-41.617,-120.533,0.134,-0.385,-1.095,26.27,7.10263
5.605,41.354,-114.447,-333.026,14.953,-41.682,-120.716,0.134,-0.385,-1.095,26.27,7.10273
5.613,41.478,-114.795,-334.034,14.975,-41.746,-120.898,0.134,-0.385,-1.095,26.27,7.10282
5.621,41.603,-115.143,-335.043,14.997,-41.810,-121.081,0.134,-0.385,-1.095,26.26,7.10292
5.630,41.729,-115.492,-336.053,15.020,-41.874,-121.263,0.134,-0.385,-1.095,26.26,7.10302
5.638,41.854,-115.842,-337.065,15.042,-41.939,-121.446,0.134,-0.385,-1.095,26.26,7.10311
5.646,41.980,-116.192,-338.079,15.065,-42.003,-121.628,0.134,-0.386,-1.095,26.26,7.10321
5.655,42.105,-116.542,-339.094,15.087,-42.067,-121.811,0.134,-0.386,-1.095,26.26,7.10330
5.663,42.231,-116.893,-340.111,15.109,-42.131,-121.993,0.134,-0.386,-1.095,26.25,7.10340
5.671,42.357,-117.245,-341.129,15.132,-42.196,-122.176,0.134,-0.386,-1.095,26.25,7.10350
5.680,42.484,-117.597,-342.149,15.154,-42.260,-122.359,0.134,-0.386,-1.095,26.25,7.10360
5.688,42.610,-117.950,-343.170,15.176,-42.324,-122.541,0.134,-0.386,-1.095,26.25,7.10369
5.696,42.737,-118.303,-344.192,15.199,-42.389,-122.724,0.134,-0.386,-1.095,26.25,7.10379
5.705,42.864,-118.657,-345.217,15.221,-42.453,-122.906,0.134,-0.386,-1.095,26.24,7.10389
5.713,42.991,-119.011,-346.242,15.244,-42.517,-123.089,0.134,-0.386,-1.095,26.24,7.10399
5.721,43.118,-119.366,-347.270,15.266,-42.581,-123.271,0.134,-0.386,-1.095,26.24,7.10408
5.730,43.245,-119.722,-348.299,15.288,-42.646,-123.454,0.134,-0.386,-1.095,26.24,7.10418
5.738,43.373,-120.077,-349.329,15.311,-42.710,-123.636,0.134,-0.386,-1.095,26.24,7.10428
5.746,43.501,-120.434,-350.361,15.333,-42.774,-123.819,0.134,-0.386,-1.095,26.23,7.10438
5.755,43.629,-120.791,-351.394,15.355,-42.839,-124.001,0.134,-0.386,-1.095,26.23,7.10448
5.763,43.757,-121.148,-352.429,15.378,-42.903,-124.184,0.134,-0.386,-1.095,26.23,7.10458
5.771,43.885,-121.506,-353.465,15.400,-42.967,-124.367,0.134,-0.386,-1.095,26.23,7.10467
5.780,44.014,-121.865,-354.503,15.423,-43.032,-124.549,0.134,-0.386,-1.095,26.23,7.10477
5.788,44.142,-122.224,-355.543,15.445,-43.096,-124.732,0.134,-0.386,-1.095,26.22,7.10487
5.796,44.271,-122.584,-356.584,15.467,-43.160,-124.914,0.134,-0.386,-1.095,26.22,7.10497
5.805,44.400,-122.944,-357.626,15.490,-43.225,-125.097,0.134,-0.386,-1.095,26.22,7.10507
5.813,44.530,-123.305,-358.670,15.512,-43.289,-125.279,0.134,-0.386,-1.095,26.22,7.10517
5.821,44.659,-123.666,-359.716,15.534,-43.353,-125.462,0.134,-0.386,-1.095,26.22,7.10527
5.830,44.789,-124.028,-360.763,15.557,-43.418,-125.644,0.134,-0.386,-1.095,26.21,7.10537
5.838,44.918,-124.390,-361.811,15.579,-43.482,-125.827,0.134,-0.386,-1.095,26.21,7.10547
5.846,45.048,-124.753,-362.861,15.601,-43.547,-126.010,0.134,-0.386,-1.095,26.21,7.10557
5.855,45.179,-125.117,-363.913,15.624,-43.611,-126.192,0.134,-0.386,-1.095,26.21,7.10567
5.863,45.309,-125.481,-364.966,15.646,-43.675,-126.375,0.134,-0.386,-1.095,26.21,7.10577
5.871,45.440,-125.845,-366.021,15.668,-43.740,-126.557,0.134,-0.386,-1.095,26.20,7.10587
5.880,45.570,-126.210,-367.077,15.691,-43.804,-126.740,0.134,-0.386,-1.095,26.20,7.10597
5.888,45.701,-126.576,-368.135,15.713,-43.869,-126.922,0.134,-0.386,-1.095,26.20,7.10607
5.896,45.832,-126.942,-369.194,15.736,-43.933,-127.105,0.134,-0.387,-1.095,26.20,7.10617
5.905,45.964,-127.309,-370.255,15.758,-43.997,-127.287,0.134,-0.387,-1.095,26.20,7.10627
5.913,46.095,-127.676,-371.317,15.780,-44.062,-127.470,0.134,-0.387,-1.095,26.19,7.10637
5.921,46.227,-128.043,-372.381,15.803,-44.126,-127.652,0.134,-0.387,-1.095,26.19,7.10648
5.930,46.359,-128.412,-373.446,15.825,-44.191,-127.835,0.134,-0.387,-1.095,26.19,7.10658
5.938,46.491,-128.780,-374.513,15.847,-44.255,-128.017,0.134,-0.387,-1.095,26.19,7.10668
5.946,46.623,-129.150,-375.581,15.870,-44.320,-128.200,0.134,-0.387,-1.095,26.19,7.10678
5.955,46.756,-129.520,-376.651,15.892,-44.384,-128.383,0.134,-0.387,-1.095,26.18,7.10688
5.963,46.888,-129.890,-377.723,15.914,-44.448,-128.565,0.134,-0.387,-1.095,26.18,7.10698
5.971,47.021,-130.261,-378.795,15.937,-44.513,-128.748,0.134,-0.387,-1.095,26.18,7.10709
5.980,47.154,-130.633,-379.870,15.959,-44.577,-128.930,0.134,-0.387,-1.095,26.18,7.10719
5.988,47.287,-131.005,-380.946,15.981,-44.642,-129.113,0.134,-0.387,-1.095,26.18,7.10729
5.996,47.421,-131.377,-382.023,16.004,-44.706,-129.295,0.134,-0.387,-1.095,26.17,7.10739
6.005,47.554,-131.750,-383.102,16.026,-44.771,-129.478,0.134,-0.387,-1.095,26.17,7.10750
6.013,47.688,-132.124,-384.183,16.048,-44.835,-129.660,0.134,-0.387,-1.095,26.17,7.10760
6.021,47.822,-132.498,-385.265,16.071,-44.900,-129.843,0.134,-0.387,-1.095,26.17,7.10770
6.030,47.956,-132.873,-386.348,16.093,-44.964,-130.025,0.134,-0.387,-1.095,26.17,7.10781
6.038,48.090,-133.248,-387.434,16.115,-45.029,-130.208,0.134,-0.387,-1.095,26.16,7.10791
6.046,48.225,-133.624,-388.520,16.138,-45.093,-130.391,0.134,-0.387,-1.095,26.16,7.10801
6.055,48.359,-134.000,-389.608,16.160,-45.158,-130.573,0.134,-0.387,-1.095,26.16,7.10812
6.063,48.494,-134.377,-390.698,16.182,-45.222,-130.756,0.134,-0.387,-1.095,26.16,7.10822
6.071,48.629,-134.754,-391.789,16.205,-45.287,-130.938,0.134,-0.387,-1.095,26.16,7.10833
6.080,48.764,-135.132,-392.882,16.227,-45.351,-131.121,0.134,-0.387,-1.095,26.15,7.10843
6.088,48.900,-135.511,-393.976,16.249,-45.416,-131.303,0.134,-0.387,-1.095,26.15,7.10853
6.096,49.035,-135.890,-395.072,16.272,-45.480,-131.486,0.134,-0.387,-1.095,26.15,7.10864
6.105,49.171,-136.269,-396.169,16.294,-45.545,-131.668,0.134,-0.387,-1.095,26.15,7.10874
6.113,49.307,-136.649,-397.268,16.316,-45.610,-131.851,0.134,-0.387,-1.095,26.14,7.10885
6.121,49.443,-137.030,-398.368,16.339,-45.674,-132.033,0.134,-0.387,-1.095,26.14,7.10895
6.130,49.580,-137.411,-399.470,16.361,-45.739,-132.216,0.134,-0.387,-1.095,26.14,7.10906
6.138,49.716,-137.793,-400.573,16.383,-45.803,-132.398,0.134,-0.387,-1.095,26.14,7.10916
6.146,49.853,-138.175,-401.678,16.405,-45.868,-132.581,0.134,-0.388,-1.095,26.14,7.10927
6.155,49.990,-138.558,-402.784,16.428,-45.932,-132.763,0.134,-0.388,-1.095,26.13,7.10937
6.163,50.127,-138.941,-403.892,16.450,-45.997,-132.946,0.134,-0.388,-1.095,26.13,7.10948
6.171,50.264,-139.325,-405.002,16.472,-46.062,-133.128,0.134,-0.388,-1.095,26.13,7.10958
6.180,50.402,-139.709,-406.113,16.495,-46.126,-133.311,0.134,-0.388,-1.095,26.13,7.10969
6.188,50.539,-140.094,-407.225,16.517,-46.191,-133.493,0.134,-0.388,-1.095,26.13,7.10980
6.196,50.677,-140.480,-408.339,16.539,-46.256,-133.676,0.134,-0.388,-1.095,26.12,7.10990
6.205,50.815,-140.866,-409.455,16.562,-46.320,-133.859,0.134,-0.388,-1.095,26.12,7.11001
6.213,50.953,-141.252,-410.572,16.584,-46.385,-134.041,0.134,-0.388,-1.095,26.12,7.11012
6.221,51.092,-141.640,-411.690,16.606,-46.449,-134.224,0.134,-0.388,-1.095,26.12,7.11022
6.230,51.230,-142.027,-412.810,16.629,-46.514,-134.406,0.134,-0.388,-1.095,26.11,7.11033
6.238,51.369,-142.415,-413.932,16.651,-46.579,-134.589,0.134,-0.388,-1.095,26.11,7.11044
6.246,51.508,-142.804,-415.055,16.673,-46.643,-134.771,0.134,-0.388,-1.095,26.11,7.11054
6.255,51.647,-143.193,-416.180,16.695,-46.708,-134.954,0.134,-0.388,-1.095,26.11,7.11065
6.263,51.786,-143.583,-417.306,16.718,-46.773,-135.136,0.134,-0.388,-1.095,26.11,7.11076
6.271,51.926,-143.973,-418.434,16.740,-46.837,-135.319,0.134,-0.388,-1.095,26.10,7.11086
6.280,52.066,-144.364,-419.563,16.762,-46.902,-135.501,0.134,-0.388,-1.095,26.10,7.11097
6.288,52.206,-144.756,-420.693,16.785,-46.967,-135.684,0.134,-0.388,-1.095,26.10,7.11108
6.296,52.346,-145.148,-421.826,16.807,-47.031,-135.866,0.134,-0.388,-1.095,26.10,7.11119
6.305,52.486,-145.540,-422.959,16.829,-47.096,-136.049,0.134,-0.388,-1.095,26.10,7.11130
6.313,52.626,-145.933,-424.095,16.852,-47.161,-136.231,0.134,-0.388,-1.095,26.09,7.11140
6.321,52.767,-146.327,-425.232,16.874,-47.225,-136.414,0.134,-0.388,-1.095,26.09,7.11151
6.330,52.908,-146.721,-426.370,16.896,-47.290,-136.596,0.134,-0.388,-1.095,26.09,7.11162
6.338,53.049,-147.115,-427.510,16.918,-47.355,-136.779,0.134,-0.388,-1.095,26.09,7.11173
6.346,53.190,-147.510,-428.651,16.941,-47.420,-136.961,0.134,-0.388,-1.095,26.08,7.11184
6.355,53.331,-147.906,-429.794,16.963,-47.484,-137.144,0.134,-0.388,-1.095,26.08,7.11195
6.363,53.473,-148.302,-430.938,16.985,-47.549,-137.326,0.134,-0.388,-1.095,26.08,7.11206
6.371,53.615,-148.699,-432.084,17.008,-47.614,-137.509,0.134,-0.388,-1.095,26.08,7.11217
6.380,53.756,-149.097,-433.232,17.030,-47.679,-137.691,0.134,-0.389,-1.095,26.08,7.11228
6.388,53.899,-149.494,-434.381,17.052,-47.743,-137.874,0.134,-0.389,-1.095,26.07,7.11238
6.396,54.041,-149.893,-435.531,17.074,-47.808,-138.056,0.134,-0.389,-1.095,26.07,7.11249
6.405,54.183,-150.292,-436.683,17.097,-47.873,-138.239,0.134,-0.389,-1.095,26.07,7.11260
6.413,54.326,-150.691,-437.837,17.119,-47.938,-138.421,0.134,-0.389,-1.095,26.07,7.11271
6.421,54.469,-151.091,-438.992,17.141,-48.002,-138.604,0.134,-0.389,-1.095,26.06,7.11282
6.430,54.612,-151.492,-440.148,17.163,-48.067,-138.786,0.134,-0.389,-1.095,26.06,7.11293
6.438,54.755,-151.893,-441.306,17.186,-48.132,-138.969,0.134,-0.389,-1.095,26.06,7.11304
6.446,54.898,-152.295,-442.466,17.208,-48.197,-139.151,0.134,-0.389,-1.095,26.06,7.11316
6.455,55.042,-152.697,-443.627,17.230,-48.262,-139.334,0.134,-0.389,-1.095,26.06,7.11327
6.463,55.186,-153.099,-444.790,17.253,-48.326,-139.516,0.134,-0.389,-1.095,26.05,7.11338
6.471,55.330,-153.503,-445.954,17.275,-48.391,-139.699,0.134,-0.389,-1.095,26.05,7.11349
6.480,55.474,-153.907,-447.120,17.297,-48.456,-139.881,0.134,-0.389,-1.095,26.05,7.11360
6.488,55.618,-154.311,-448.287,17.319,-48.521,-140.064,0.134,-0.389,-1.095,26.05,7.11371
6.496,55.763,-154.716,-449.456,17.342,-48.586,-140.246,0.134,-0.389,-1.095,26.04,7.11382
6.505,55.907,-155.121,-450.626,17.364,-48.650,-140.429,0.134,-0.389,-1.095,26.04,7.11393
6.513,56.052,-155.527,-451.798,17.386,-48.715,-140.611,0.134,-0.389,-1.095,26.04,7.11405
6.521,56.197,-155.934,-452.971,17.408,-48.780,-140.794,0.134,-0.389,-1.095,26.04,7.11416
6.530,56.343,-156.341,-454.146,17.431,-48.845,-140.976,0.134,-0.389,-1.095,26.04,7.11427
6.538,56.488,-156.748,-455.322,17.453,-48.910,-141.159,0.134,-0.389,-1.095,26.03,7.11438
6.546,56.634,-157.156,-456.500,17.475,-48.975,-141.341,0.134,-0.389,-1.095,26.03,7.11449
6.555,56.780,-157.565,-457.679,17.497,-49.040,-141.524,0.134,-0.389,-1.095,26.03,7.11461
6.563,56.926,-157.974,-458.860,17.520,-49.105,-141.706,0.134,-0.389,-1.095,26.03,7.11472
6.571,57.072,-158.384,-460.043,17.542,-49.169,-141.889,0.134,-0.389,-1.095,26.02,7.11483
6.580,57.218,-158.794,-461.227,17.564,-49.234,-142.071,0.133,-0.389,-1.095,26.02,7.11494
6.588,57.365,-159.205,-462.412,17.586,-49.299,-142.254,0.133,-0.389,-1.095,26.02,7.11506
6.596,57.511,-159.617,-463.599,17.609,-49.364,-142.436,0.133,-0.389,-1.095,26.02,7.11517
6.605,57.658,-160.029,-464.788,17.631,-49.429,-142.619,0.133,-0.389,-1.095,26.02,7.11528
6.613,57.805,-160.441,-465.978,17.653,-49.494,-142.801,0.133,-0.390,-1.095,26.01,7.11540
6.621,57.953,-160.854,-467.169,17.675,-49.559,-142.984,0.133,-0.390,-1.095,26.01,7.11551
6.630,58.100,-161.268,-468.362,17.698,-49.624,-143.166,0.133,-0.390,-1.095,26.01,7.11562
6.638,58.248,-161.682,-469.557,17.720,-49.689,-143.349,0.133,-0.390,-1.095,26.01,7.11574
6.646,58.396,-162.096,-470.753,17.742,-49.754,-143.531,0.133,-0.390,-1.095,26.00,7.11585
6.655,58.544,-162.511,-471.951,17.764,-49.819,-143.714,0.133,-0.390,-1.095,26.00,7.11597
6.663,58.692,-162.927,-473.150,17.787,-49.884,-143.896,0.133,-0.390,-1.095,26.00,7.11608
6.671,58.841,-163.344,-474.352,17.809,-49.949,-144.079,0.133,-0.390,-1.095,26.00,7.11620
6.680,58.989,-163.761,-475.554,17.831,-50.014,-144.262,0.133,-0.390,-1.095,25.99,7.11631
6.688,59.138,-164.178,-476.758,17.853,-50.079,-144.444,0.133,-0.390,-1.095,25.99,7.11643
6.696,59.287,-164.596,-477.963,17.876,-50.143,-144.627,0.133,-0.390,-1.095,25.99,7.11654
6.705,59.436,-165.014,-479.170,17.898,-50.208,-144.809,0.133,-0.390,-1.095,25.99,7.11666
6.713,59.585,-165.433,-480.378,17.920,-50.273,-144.992,0.133,-0.390,-1.095,25.99,7.11677
6.721,59.735,-165.853,-481.588,17.942,-50.338,-145.174,0.133,-0.390,-1.095,25.98,7.11689
6.730,59.885,-166.273,-482.799,17.964,-50.403,-145.357,0.133,-0.390,-1.095,25.98,7.11700
6.738,60.035,-166.693,-484.012,17.987,-50.468,-145.539,0.133,-0.390,-1.095,25.98,7.11712
6.746,60.185,-167.114,-485.227,18.009,-50.533,-145.722,0.133,-0.390,-1.095,25.98,7.11723
6.755,60.335,-167.536,-486.443,18.031,-50.599,-145.904,0.133,-0.390,-1.095,25.97,7.11735
6.763,60.485,-167.958,-487.660,18.053,-50.664,-146.087,0.133,-0.390,-1.095,25.97,7.11747
6.771,60.636,-168.381,-488.879,18.076,-50.729,-146.269,0.133,-0.390,-1.095,25.97,7.11758
6.780,60.787,-168.804,-490.099,18.098,-50.794,-146.451,0.133,-0.390,-1.095,25.97,7.11770
6.788,60.938,-169.228,-491.321,18.120,-50.859,-146.634,0.133,-0.390,-1.095,25.96,7.11781
6.796,61.089,-169.653,-492.545,18.142,-50.924,-146.816,0.133,-0.390,-1.095,25.96,7.11793
6.805,61.240,-170.077,-493.770,18.164,-50.989,-146.999,0.133,-0.390,-1.095,25.96,7.11805
6.813,61.392,-170.503,-494.996,18.187,-51.054,-147.181,0.133,-0.390,-1.095,25.96,7.11817
6.821,61.544,-170.929,-496.224,18.209,-51.119,-147.364,0.133,-0.390,-1.095,25.96,7.11828
6.830,61.696,-171.355,-497.454,18.231,-51.184,-147.546,0.133,-0.391,-1.095,25.95,7.11840
6.838,61.848,-171.783,-498.685,18.253,-51.249,-147.729,0.133,-0.391,-1.095,25.95,7.11852
6.846,62.000,-172.210,-499.918,18.276,-51.314,-147.911,0.133,-0.391,-1.095,25.95,7.11863
6.855,62.152,-172.638,-501.152,18.298,-51.379,-148.094,0.133,-0.391,-1.095,25.95,7.11875
6.863,62.305,-173.067,-502.387,18.320,-51.444,-148.276,0.133,-0.391,-1.095,25.94,7.11887
6.871,62.458,-173.496,-503.625,18.342,-51.509,-148.459,0.133,-0.391,-1.095,25.94,7.11899
6.880,62.611,-173.926,-504.863,18.364,-51.575,-148.641,0.133,-0.391,-1.095,25.94,7.11911
6.888,62.764,-174.356,-506.104,18.387,-51.640,-148.824,0.133,-0.391,-1.095,25.94,7.11923
6.896,62.918,-174.787,-507.345,18.409,-51.705,-149.006,0.133,-0.391,-1.095,25.93,7.11934
6.905,63.071,-175.219,-508.589,18.431,-51.770,-149.189,0.133,-0.391,-1.095,25.93,7.11946
6.913,63.225,-175.651,-509.833,18.453,-51.835,-149.371,0.133,-0.391,-1.095,25.93,7.11958
6.921,63.379,-176.083,-511.080,18.475,-51.900,-149.554,0.133,-0.391,-1.095,25.93,7.11970
6.930,63.533,-176.516,-512.327,18.498,-51.965,-149.736,0.133,-0.391,-1.095,25.92,7.11982
6.938,63.687,-176.950,-513.577,18.520,-52.031,-149.919,0.133,-0.391,-1.095,25.92,7.11994
6.946,63.842,-177.384,-514.828,18.542,-52.096,-150.101,0.133,-0.391,-1.095,25.92,7.12006
6.955,63.997,-177.819,-516.080,18.564,-52.161,-150.283,0.133,-0.391,-1.095,25.92,7.12018
6.963,64.152,-178.254,-517.334,18.586,-52.226,-150.466,0.133,-0.391,-1.095,25.92,7.12030
6.971,64.307,-178.690,-518.589,18.608,-52.291,-150.648,0.133,-0.391,-1.095,25.91,7.12042
6.980,64.462,-179.126,-519.846,18.631,-52.356,-150.831,0.133,-0.391,-1.095,25.91,7.12054
6.988,64.617,-179.563,-521.105,18.653,-52.422,-151.013,0.133,-0.391,-1.095,25.91,7.12066
6.996,64.773,-180.000,-522.365,18.675,-52.487,-151.196,0.133,-0.391,-1.095,25.91,7.12078
7.005,64.929,-180.438,-523.626,18.697,-52.552,-151.378,0.133,-0.391,-1.095,25.90,7.12090
7.013,65.085,-180.877,-524.889,18.719,-52.617,-151.561,0.133,-0.391,-1.095,25.90,7.12102
7.021,65.241,-181.316,-526.154,18.742,-52.683,-151.743,0.133,-0.391,-1.095,25.90,7.12114
7.030,65.397,-181.755,-527.420,18.764,-52.748,-151.926,0.133,-0.391,-1.095,25.90,7.12126
7.038,65.554,-182.195,-528.688,18.786,-52.813,-152.108,0.133,-0.391,-1.095,25.89,7.12138
7.046,65.711,-182.636,-529.957,18.808,-52.878,-152.291,0.133,-0.392,-1.095,25.89,7.12150
7.055,65.868,-183.077,-531.227,18.830,-52.944,-152.473,0.133,-0.392,-1.095,25.89,7.12162
7.063,66.025,-183.519,-532.500,18.852,-53.009,-152.655,0.133,-0.392,-1.095,25.89,7.12174
7.071,66.182,-183.961,-533.773,18.875,-53.074,-152.838,0.133,-0.392,-1.095,25.88,7.12187
7.080,66.339,-184.404,-535.048,18.897,-53.139,-153.020,0.133,-0.392,-1.095,25.88,7.12199
7.088,66.497,-184.848,-536.325,18.919,-53.205,-153.203,0.133,-0.392,-1.095,25.88,7.12211
7.096,66.655,-185.291,-537.603,18.941,-53.270,-153.385,0.133,-0.392,-1.095,25.88,7.12223
7.105,66.813,-185.736,-538.883,18.963,-53.335,-153.568,0.133,-0.392,-1.095,25.87,7.12235
7.113,66.971,-186.181,-540.164,18.985,-53.400,-153.750,0.133,-0.392,-1.095,25.87,7.12248
7.121,67.130,-186.626,-541.447,19.008,-53.466,-153.933,0.133,-0.392,-1.095,25.87,7.12260
7.130,67.288,-187.073,-542.731,19.030,-53.531,-154.115,0.133,-0.392,-1.095,25.87,7.12272
7.138,67.447,-187.519,-544.017,19.052,-53.596,-154.298,0.133,-0.392,-1.095,25.86,7.12284
7.146,67.606,-187.966,-545.305,19.074,-53.662,-154.480,0.133,-0.392,-1.095,25.86,7.12297
7.155,67.765,-188.414,-546.594,19.096,-53.727,-154.662,0.133,-0.392,-1.095,25.86,7.12309
7.163,67.924,-188.862,-547.884,19.118,-53.792,-154.845,0.133,-0.392,-1.095,25.86,7.12321
7.171,68.084,-189.311,-549.176,19.141,-53.858,-155.027,0.133,-0.392,-1.095,25.85,7.12334
7.180,68.244,-189.761,-550.469,19.163,-53.923,-155.210,0.133,-0.392,-1.095,25.85,7.12346
7.188,68.403,-190.211,-551.764,19.185,-53.988,-155.392,0.133,-0.392,-1.095,25.85,7.12358
7.196,68.564,-190.661,-553.061,19.207,-54.054,-155.575,0.133,-0.392,-1.095,25.85,7.12371
7.205,68.724,-191.112,-554.359,19.229,-54.119,-155.757,0.133,-0.392,-1.095,25.84,7.12383
7.213,68.884,-191.564,-555.658,19.251,-54.185,-155.940,0.133,-0.392,-1.095,25.84,7.12395
7.221,69.045,-192.016,-556.959,19.274,-54.250,-156.122,0.133,-0.392,-1.095,25.84,7.12408
7.230,69.206,-192.468,-558.262,19.296,-54.315,-156.305,0.133,-0.392,-1.095,25.84,7.12420
7.238,69.367,-192.921,-559.566,19.318,-54.381,-156.487,0.133,-0.392,-1.095,25.83,7.12433
7.246,69.528,-193.375,-560.872,19.340,-54.446,-156.669,0.133,-0.392,-1.095,25.83,7.12445
7.255,69.689,-193.829,-562.179,19.362,-54.512,-156.852,0.133,-0.393,-1.095,25.83,7.12458
7.263,69.851,-194.284,-563.487,19.384,-54.577,-157.034,0.133,-0.393,-1.095,25.83,7.12470
7.271,70.012,-194.740,-564.798,19.406,-54.642,-157.217,0.133,-0.393,-1.095,25.82,7.12483
7.280,70.174,-195.196,-566.109,19.428,-54.708,-157.399,0.133,-0.393,-1.095,25.82,7.12495
7.288,70.336,-195.652,-567.422,19.451,-54.773,-157.582,0.133,-0.393,-1.095,25.82,7.12508
7.296,70.499,-196.109,-568.737,19.473,-54.839,-157.764,0.133,-0.393,-1.095,25.82,7.12520
7.305,70.661,-196.567,-570.053,19.495,-54.904,-157.946,0.133,-0.393,-1.095,25.81,7.12533
7.313,70.824,-197.025,-571.371,19.517,-54.970,-158.129,0.133,-0.393,-1.095,25.81,7.12545
7.321,70.987,-197.483,-572.690,19.539,-55.035,-158.311,0.133,-0.393,-1.095,25.81,7.12558
7.330,71.150,-197.942,-574.011,19.561,-55.101,-158.494,0.133,-0.393,-1.095,25.81,7.12571
7.338,71.313,-198.402,-575.334,19.583,-55.166,-158.676,0.133,-0.393,-1.095,25.80,7.12583
7.346,71.476,-198.862,-576.657,19.606,-55.232,-158.859,0.133,-0.393,-1.095,25.80,7.12596
7.355,71.640,-199.323,-577.983,19.628,-55.297,-159.041,0.133,-0.393,-1.095,25.80,7.12609
7.363,71.804,-199.785,-579.310,19.650,-55.363,-159.224,0.133,-0.393,-1.095,25.80,7.12621
7.371,71.967,-200.247,-580.638,19.672,-55.428,-159.406,0.133,-0.393,-1.095,25.79,7.12634
7.380,72.132,-200.709,-581.968,19.694,-55.494,-159.588,0.133,-0.393,-1.095,25.79,7.12647
7.388,72.296,-201.172,-583.299,19.716,-55.559,-159.771,0.133,-0.393,-1.095,25.79,7.12659
7.396,72.460,-201.636,-584.632,19.738,-55.625,-159.953,0.133,-0.393,-1.095,25.79,7.12672
7.405,72.625,-202.100,-585.967,19.760,-55.690,-160.136,0.133,-0.393,-1.095,25.78,7.12685
7.413,72.790,-202.564,-587.303,19.782,-55.756,-160.318,0.133,-0.393,-1.095,25.78,7.12698
7.421,72.955,-203.029,-588.640,19.805,-55.821,-160.501,0.133,-0.393,-1.095,25.78,7.12710
7.430,73.120,-203.495,-589.980,19.827,-55.887,-160.683,0.133,-0.393,-1.095,25.78,7.12723
7.438,73.286,-203.961,-591.320,19.849,-55.952,-160.865,0.133,-0.393,-1.095,25.77,7.12736
7.446,73.451,-204.428,-592.662,19.871,-56.018,-161.048,0.133,-0.393,-1.095,25.77,7.12749
7.455,73.617,-204.896,-594.006,19.893,-56.084,-161.230,0.133,-0.393,-1.095,25.77,7.12762
7.463,73.783,-205.364,-595.351,19.915,-56.149,-161.413,0.133,-0.394,-1.095,25.77,7.12774
7.471,73.949,-205.832,-596.698,19.937,-56.215,-161.595,0.133,-0.394,-1.095,25.76,7.12787
7.480,74.115,-206.301,-598.046,19.959,-56.280,-161.777,0.133,-0.394,-1.095,25.76,7.12800
7.488,74.282,-206.771,-599.395,19.981,-56.346,-161.960,0.133,-0.394,-1.094,25.76,7.12813
7.496,74.449,-207.241,-600.747,20.004,-56.412,-162.142,0.133,-0.394,-1.094,25.76,7.12826
7.505,74.615,-207.711,-602.099,20.026,-56.477,-162.325,0.133,-0.394,-1.094,25.75,7.12839
7.513,74.783,-208.183,-603.454,20.048,-56.543,-162.507,0.133,-0.394,-1.094,25.75,7.12852
7.521,74.950,-208.654,-604.809,20.070,-56.608,-162.690,0.133,-0.394,-1.094,25.75,7.12865
7.530,75.117,-209.127,-606.167,20.092,-56.674,-162.872,0.133,-0.394,-1.094,25.75,7.12878
7.538,75.285,-209.599,-607.525,20.114,-56.740,-163.054,0.133,-0.394,-1.094,25.74,7.12891
7.546,75.453,-210.073,-608.886,20.136,-56.805,-163.237,0.133,-0.394,-1.094,25.74,7.12904
7.555,75.621,-210.547,-610.248,20.158,-56.871,-163.419,0.133,-0.394,-1.094,25.74,7.12917
7.563,75.789,-211.021,-611.611,20.180,-56.937,-163.602,0.133,-0.394,-1.094,25.74,7.12930
7.571,75.957,-211.496,-612.976,20.202,-57.002,-163.784,0.133,-0.394,-1.094,25.73,7.12943
7.580,76.126,-211.972,-614.342,20.224,-57.068,-163.966,0.132,-0.394,-1.094,25.73,7.12956
7.588,76.294,-212.448,-615.710,20.247,-57.134,-164.149,0.132,-0.394,-1.094,25.73,7.12969
7.596,76.463,-212.925,-617.080,20.269,-57.199,-164.331,0.132,-0.394,-1.094,25.73,7.12982
7.605,76.632,-213.402,-618.451,20.291,-57.265,-164.514,0.132,-0.394,-1.094,25.72,7.12995
7.613,76.802,-213.880,-619.823,20.313,-57.331,-164.696,0.132,-0.394,-1.094,25.72,7.13008
7.621,76.971,-214.358,-621.197,20.335,-57.397,-164.878,0.132,-0.394,-1.094,25.72,7.13021
7.630,77.141,-214.837,-622.573,20.357,-57.462,-165.061,0.132,-0.394,-1.094,25.71,7.13034
7.638,77.311,-215.316,-623.950,20.379,-57.528,-165.243,0.132,-0.394,-1.094,25.71,7.13048
7.646,77.481,-215.796,-625.328,20.401,-57.594,-165.426,0.132,-0.394,-1.094,25.71,7.13061
7.655,77.651,-216.277,-626.708,20.423,-57.659,-165.608,0.132,-0.394,-1.094,25.71,7.13074
7.663,77.821,-216.758,-628.090,20.445,-57.725,-165.791,0.132,-0.395,-1.094,25.70,7.13087
7.671,77.992,-217.239,-629.473,20.467,-57.791,-165.973,0.132,-0.395,-1.094,25.70,7.13100
7.680,78.163,-217.721,-630.858,20.489,-57.857,-166.155,0.132,-0.395,-1.094,25.70,7.13114
7.688,78.334,-218.204,-632.244,20.511,-57.922,-166.338,0.132,-0.395,-1.094,25.70,7.13127
7.696,78.505,-218.687,-633.632,20.533,-57.988,-166.520,0.132,-0.395,-1.094,25.69,7.13140
7.705,78.676,-219.171,-635.021,20.556,-58.054,-166.703,0.132,-0.395,-1.094,25.69,7.13153
7.713,78.847,-219.656,-636.412,20.578,-58.120,-166.885,0.132,-0.395,-1.094,25.69,7.13167
7.721,79.019,-220.140,-637.804,20.600,-58.186,-167.067,0.132,-0.395,-1.094,25.69,7.13180
7.730,79.191,-220.626,-639.198,20.622,-58.251,-167.250,0.132,-0.395,-1.094,25.68,7.13193
7.738,79.363,-221.112,-640.593,20.644,-58.317,-167.432,0.132,-0.395,-1.094,25.68,7.13207
7.746,79.535,-221.598,-641.990,20.666,-58.383,-167.614,0.132,-0.395,-1.094,25.68,7.13220
7.755,79.708,-222.085,-643.388,20.688,-58.449,-167.797,0.132,-0.395,-1.094,25.68,7.13233
7.763,79.880,-222.573,-644.788,20.710,-58.515,-167.979,0.132,-0.395,-1.094,25.67,7.13247
7.771,80.053,-223.061,-646.189,20.732,-58.581,-168.162,0.132,-0.395,-1.094,25.67,7.13260
7.780,80.226,-223.550,-647.592,20.754,-58.646,-168.344,0.132,-0.395,-1.094,25.67,7.13273
7.788,80.399,-224.039,-648.997,20.776,-58.712,-168.526,0.132,-0.395,-1.094,25.66,7.13287
7.796,80.572,-224.529,-650.403,20.798,-58.778,-168.709,0.132,-0.395,-1.094,25.66,7.13300
7.805,80.746,-225.020,-651.810,20.820,-58.844,-168.891,0.132,-0.395,-1.094,25.66,7.13314
7.813,80.920,-225.510,-653.219,20.842,-58.910,-169.074,0.132,-0.395,-1.094,25.66,7.13327
7.821,81.093,-226.002,-654.630,20.864,-58.976,-169.256,0.132,-0.395,-1.094,25.65,7.13341
7.830,81.268,-226.494,-656.042,20.886,-59.042,-169.438,0.132,-0.395,-1.094,25.65,7.13354
7.838,81.442,-226.987,-657.456,20.908,-59.108,-169.621,0.132,-0.395,-1.094,25.65,7.13368
7.846,81.616,-227.480,-658.871,20.930,-59.174,-169.803,0.132,-0.395,-1.094,25.65,7.13381
7.855,81.791,-227.974,-660.287,20.952,-59.239,-169.986,0.132,-0.396,-1.094,25.64,7.13395
7.863,81.966,-228.468,-661.705,20.974,-59.305,-170.168,0.132,-0.396,-1.094,25.64,7.13408
7.871,82.141,-228.962,-663.125,20.996,-59.371,-170.350,0.132,-0.396,-1.094,25.64,7.13422
7.880,82.316,-229.458,-664.546,21.019,-59.437,-170.533,0.132,-0.396,-1.094,25.63,7.13435
7.888,82.491,-229.954,-665.969,21.041,-59.503,-170.715,0.132,-0.396,-1.094,25.63,7.13449
7.896,82.667,-230.450,-667.393,21.063,-59.569,-170.897,0.132,-0.396,-1.094,25.63,7.13463
7.905,82.842,-230.947,-668.819,21.085,-59.635,-171.080,0.132,-0.396,-1.094,25.63,7.13476
7.913,83.018,-231.445,-670.246,21.107,-59.701,-171.262,0.132,-0.396,-1.094,25.62,7.13490
7.921,83.194,-231.943,-671.675,21.129,-59.767,-171.445,0.132,-0.396,-1.094,25.62,7.13504
7.930,83.371,-232.441,-673.105,21.151,-59.833,-171.627,0.132,-0.396,-1.094,25.62,7.13517
7.938,83.547,-232.940,-674.537,21.173,-59.899,-171.809,0.132,-0.396,-1.094,25.62,7.13531
7.946,83.724,-233.440,-675.970,21.195,-59.965,-171.992,0.132,-0.396,-1.094,25.61,7.13545
7.955,83.900,-233.940,-677.405,21.217,-60.031,-172.174,0.132,-0.396,-1.094,25.61,7.13558
7.963,84.077,-234.441,-678.841,21.239,-60.097,-172.356,0.132,-0.396,-1.094,25.61,7.13572
7.971,84.255,-234.943,-680.279,21.261,-60.163,-172.539,0.132,-0.396,-1.094,25.60,7.13586
7.980,84.432,-235.445,-681.718,21.283,-60.229,-172.721,0.132,-0.396,-1.094,25.60,7.13600
7.988,84.609,-235.947,-683.159,21.305,-60.295,-172.904,0.132,-0.396,-1.094,25.60,7.13613
7.996,84.787,-236.450,-684.602,21.327,-60.361,-173.086,0.132,-0.396,-1.094,25.60,7.13627
8.005,84.965,-236.954,-686.045,21.349,-60.427,-173.268,0.132,-0.396,-1.094,25.59,7.13641
8.013,85.143,-237.458,-687.491,21.371,-60.493,-173.451,0.132,-0.396,-1.094,25.59,7.13655
8.021,85.321,-237.962,-688.938,21.393,-60.559,-173.633,0.132,-0.396,-1.094,25.59,7.13669
8.030,85.500,-238.468,-690.386,21.415,-60.625,-173.815,0.132,-0.396,-1.094,25.59,7.13682
8.038,85.679,-238.973,-691.836,21.437,-60.691,-173.998,0.132,-0.396,-1.094,25.58,7.13696
8.046,85.857,-239.480,-693.288,21.459,-60.758,-174.180,0.132,-0.397,-1.094,25.58,7.13710
8.055,86.036,-239.987,-694.741,21.481,-60.824,-174.362,0.132,-0.397,-1.094,25.58,7.13724
8.063,86.216,-240.494,-696.196,21.503,-60.890,-174.545,0.132,-0.397,-1.094,25.57,7.13738
8.071,86.395,-241.002,-697.652,21.525,-60.956,-174.727,0.132,-0.397,-1.094,25.57,7.13752
8.080,86.575,-241.510,-699.109,21.547,-61.022,-174.910,0.132,-0.397,-1.094,25.57,7.13766
8.088,86.754,-242.020,-700.568,21.569,-61.088,-175.092,0.132,-0.397,-1.094,25.57,7.13780
8.096,86.934,-242.529,-702.029,21.591,-61.154,-175.274,0.132,-0.397,-1.094,25.56,7.13794
8.105,87.114,-243.039,-703.491,21.613,-61.220,-175.457,0.132,-0.397,-1.094,25.56,7.13808
8.113,87.295,-243.550,-704.955,21.635,-61.286,-175.639,0.132,-0.397,-1.094,25.56,7.13822
8.121,87.475,-244.061,-706.420,21.657,-61.353,-175.821,0.132,-0.397,-1.094,25.56,7.13836
8.130,87.656,-244.573,-707.887,21.679,-61.419,-176.004,0.132,-0.397,-1.094,25.55,7.13850
8.138,87.837,-245.086,-709.355,21.701,-61.485,-176.186,0.132,-0.397,-1.094,25.55,7.13864
8.146,88.018,-245.599,-710.825,21.723,-61.551,-176.368,0.132,-0.397,-1.094,25.55,7.13878
8.155,88.199,-246.112,-712.296,21.745,-61.617,-176.551,0.132,-0.397,-1.094,25.54,7.13892
8.163,88.380,-246.626,-713.769,21.767,-61.683,-176.733,0.132,-0.397,-1.094,25.54,7.13906
8.171,88.562,-247.141,-715.243,21.789,-61.750,-176.915,0.132,-0.397,-1.094,25.54,7.13920
8.180,88.744,-247.656,-716.719,21.811,-61.816,-177.098,0.132,-0.397,-1.094,25.54,7.13934
8.188,88.925,-248.171,-718.196,21.833,-61.882,-177.280,0.132,-0.397,-1.094,25.53,7.13948
8.196,89.108,-248.688,-719.675,21.854,-61.948,-177.462,0.132,-0.397,-1.094,25.53,7.13962
8.205,89.290,-249.205,-721.156,21.876,-62.015,-177.645,0.132,-0.397,-1.094,25.53,7.13977
8.213,89.472,-249.722,-722.638,21.898,-62.081,-177.827,0.132,-0.397,-1.094,25.52,7.13991
8.221,89.655,-250.240,-724.121,21.920,-62.147,-178.009,0.132,-0.397,-1.094,25.52,7.14005
8.230,89.838,-250.758,-725.606,21.942,-62.213,-178.192,0.132,-0.398,-1.094,25.52,7.14019
8.238,90.021,-251.277,-727.092,21.964,-62.280,-178.374,0.132,-0.398,-1.094,25.52,7.14033
8.246,90.204,-251.797,-728.580,21.986,-62.346,-178.556,0.132,-0.398,-1.094,25.51,7.14048
8.255,90.388,-252.317,-730.070,22.008,-62.412,-178.739,0.132,-0.398,-1.094,25.51,7.14062
8.263,90.571,-252.838,-731.561,22.030,-62.478,-178.921,0.132,-0.398,-1.094,25.51,7.14076
8.271,90.755,-253.359,-733.054,22.052,-62.545,-179.103,0.132,-0.398,-1.094,25.50,7.14090
8.280,90.939,-253.881,-734.548,22.074,-62.611,-179.286,0.132,-0.398,-1.094,25.50,7.14105
8.288,91.123,-254.403,-736.043,22.096,-62.677,-179.468,0.132,-0.398,-1.094,25.50,7.14119
8.296,91.307,-254.926,-737.540,22.118,-62.744,-179.650,0.132,-0.398,-1.094,25.50,7.14133
8.305,91.492,-255.449,-739.039,22.140,-62.810,-179.833,0.132,-0.398,-1.094,25.49,7.14148
8.313,91.677,-255.973,-740.539,22.162,-62.876,-180.015,0.132,-0.398,-1.094,25.49,7.14162
8.321,91.861,-256.498,-742.041,22.184,-62.943,-180.197,0.132,-0.398,-1.094,25.49,7.14176
8.330,92.046,-257.023,-743.544,22.206,-63.009,-180.380,0.132,-0.398,-1.094,25.48,7.14191
8.338,92.232,-257.548,-745.049,22.228,-63.075,-180.562,0.132,-0.398,-1.094,25.48,7.14205
8.346,92.417,-258.075,-746.555,22.250,-63.142,-180.744,0.132,-0.398,-1.094,25.48,7.14220
8.355,92.603,-258.601,-748.063,22.272,-63.208,-180.927,0.132,-0.398,-1.094,25.48,7.14234
8.363,92.789,-259.129,-749.572,22.294,-63.274,-181.109,0.132,-0.398,-1.094,25.47,7.14248
8.371,92.974,-259.656,-751.083,22.315,-63.341,-181.291,0.132,-0.398,-1.094,25.47,7.14263
8.380,93.161,-260.185,-752.595,22.337,-63.407,-181.474,0.132,-0.398,-1.094,25.47,7.14277
8.388,93.347,-260.714,-754.109,22.359,-63.473,-181.656,0.132,-0.398,-1.094,25.46,7.14292
8.396,93.533,-261.243,-755.624,22.381,-63.540,-181.838,0.132,-0.398,-1.094,25.46,7.14306
8.405,93.720,-261.773,-757.141,22.403,-63.606,-182.021,0.132,-0.398,-1.094,25.46,7.14321
8.413,93.907,-262.304,-758.659,22.425,-63.673,-182.203,0.132,-0.399,-1.094,25.46,7.14335
8.421,94.094,-262.835,-760.179,22.447,-63.739,-182.385,0.132,-0.399,-1.094,25.45,7.14350
8.430,94.281,-263.367,-761.701,22.469,-63.806,-182.568,0.132,-0.399,-1.094,25.45,7.14364
8.438,94.469,-263.899,-763.224,22.491,-63.872,-182.750,0.132,-0.399,-1.094,25.45,7.14379
8.446,94.656,-264.432,-764.748,22.513,-63.938,-182.932,0.132,-0.399,-1.094,25.44,7.14394
8.455,94.844,-264.965,-766.274,22.535,-64.005,-183.114,0.131,-0.399,-1.094,25.44,7.14408
8.463,95.032,-265.499,-767.802,22.557,-64.071,-183.297,0.131,-0.399,-1.094,25.44,7.14423
8.471,95.220,-266.034,-769.331,22.579,-64.138,-183.479,0.131,-0.399,-1.094,25.44,7.14437
8.480,95.409,-266.569,-770.861,22.600,-64.204,-183.661,0.131,-0.399,-1.094,25.43,7.14452
8.488,95.597,-267.104,-772.393,22.622,-64.271,-183.844,0.131,-0.399,-1.094,25.43,7.14467
8.496,95.786,-267.641,-773.927,22.644,-64.337,-184.026,0.131,-0.399,-1.094,25.43,7.14481
8.505,95.975,-268.177,-775.462,22.666,-64.404,-184.208,0.131,-0.399,-1.094,25.42,7.14496
8.513,96.164,-268.715,-776.999,22.688,-64.470,-184.391,0.131,-0.399,-1.094,25.42,7.14511
8.521,96.353,-269.252,-778.537,22.710,-64.537,-184.573,0.131,-0.399,-1.094,25.42,7.14526
8.530,96.543,-269.791,-780.076,22.732,-64.603,-184.755,0.131,-0.399,-1.094,25.42,7.14540
8.538,96.732,-270.330,-781.618,22.754,-64.670,-184.937,0.131,-0.399,-1.094,25.41,7.14555
8.546,96.922,-270.869,-783.160,22.776,-64.736,-185.120,0.131,-0.399,-1.094,25.41,7.14570
8.555,97.112,-271.409,-784.704,22.798,-64.803,-185.302,0.131,-0.399,-1.094,25.41,7.14584
8.563,97.302,-271.950,-786.250,22.820,-64.870,-185.484,0.131,-0.399,-1.094,25.40,7.14599
8.571,97.492,-272.491,-787.797,22.841,-64.936,-185.667,0.131,-0.399,-1.094,25.40,7.14614
8.580,97.683,-273.033,-789.346,22.863,-65.003,-185.849,0.131,-0.399,-1.094,25.40,7.14629
8.588,97.874,-273.575,-790.896,22.885,-65.069,-186.031,0.131,-0.400,-1.094,25.40,7.14644
8.596,98.065,-274.118,-792.448,22.907,-65.136,-186.214,0.131,-0.400,-1.094,25.39,7.14659
8.605,98.256,-274.661,-794.002,22.929,-65.202,-186.396,0.131,-0.400,-1.094,25.39,7.14673
8.613,98.447,-275.205,-795.556,22.951,-65.269,-186.578,0.131,-0.400,-1.094,25.39,7.14688
8.621,98.638,-275.749,-797.113,22.973,-65.336,-186.760,0.131,-0.400,-1.094,25.38,7.14703
8.630,98.830,-276.294,-798.671,22.995,-65.402,-186.943,0.131,-0.400,-1.094,25.38,7.14718
8.638,99.022,-276.840,-800.230,23.016,-65.469,-187.125,0.131,-0.400,-1.094,25.38,7.14733
8.646,99.214,-277.386,-801.791,23.038,-65.536,-187.307,0.131,-0.400,-1.094,25.37,7.14748
8.655,99.406,-277.933,-803.354,23.060,-65.602,-187.490,0.131,-0.400,-1.094,25.37,7.14763
8.663,99.598,-278.480,-804.917,23.082,-65.669,-187.672,0.131,-0.400,-1.094,25.37,7.14778
8.671,99.791,-279.028,-806.483,23.104,-65.735,-187.854,0.131,-0.400,-1.094,25.37,7.14793
8.680,99.984,-279.576,-808.050,23.126,-65.802,-188.036,0.131,-0.400,-1.094,25.36,7.14808
8.688,100.176,-280.125,-809.618,23.148,-65.869,-188.219,0.131,-0.400,-1.094,25.36,7.14823
8.696,100.370,-280.675,-811.189,23.170,-65.936,-188.401,0.131,-0.400,-1.094,25.36,7.14838
8.705,100.563,-281.225,-812.760,23.191,-66.002,-188.583,0.131,-0.400,-1.094,25.35,7.14853
8.713,100.756,-281.775,-814.333,23.213,-66.069,-188.765,0.131,-0.400,-1.094,25.35,7.14868
8.721,100.950,-282.326,-815.908,23.235,-66.136,-188.948,0.131,-0.400,-1.094,25.35,7.14883
8.730,101.144,-282.878,-817.484,23.257,-66.202,-189.130,0.131,-0.400,-1.094,25.34,7.14898
8.738,101.338,-283.430,-819.061,23.279,-66.269,-189.312,0.131,-0.400,-1.094,25.34,7.14913
8.746,101.532,-283.984,-820.644,23.301,-66.336,-189.495,0.131,-0.400,-1.094,25.34,7.14928
8.755,101.727,-284.538,-822.225,23.323,-66.403,-189.677,0.131,-0.400,-1.094,25.34,7.14944
8.763,101.921,-285.092,-823.807,23.345,-66.469,-189.859,0.131,-0.401,-1.094,25.33,7.14959
8.771,102.116,-285.646,-825.390,23.366,-66.536,-190.042,0.131,-0.401,-1.094,25.33,7.14974
8.780,102.311,-286.201,-826.976,23.388,-66.603,-190.224,0.131,-0.401,-1.094,25.33,7.14989
8.788,102.506,-286.757,-828.562,23.410,-66.670,-190.406,0.131,-0.401,-1.094,25.32,7.15004
8.796,102.701,-287.313,-830.151,23.432,-66.736,-190.588,0.131,-0.401,-1.094,25.32,7.15019
8.805,102.897,-287.870,-831.741,23.454,-66.803,-190.771,0.131,-0.401,-1.094,25.32,7.15035
8.813,103.092,-288.427,-833.332,23.476,-66.870,-190.953,0.131,-0.401,-1.094,25.31,7.15050
8.821,103.288,-288.985,-834.925,23.497,-66.937,-191.135,0.131,-0.401,-1.094,25.31,7.15065
8.830,103.484,-289.543,-836.519,23.519,-67.004,-191.317,0.131,-0.401,-1.093,25.31,7.15080
8.838,103.680,-290.102,-838.115,23.541,-67.070,-191.500,0.131,-0.401,-1.093,25.31,7.15096
8.846,103.877,-290.661,-839.712,23.563,-67.137,-191.682,0.131,-0.401,-1.093,25.30,7.15111
8.855,104.073,-291.222,-841.311,23.585,-67.204,-191.864,0.131,-0.401,-1.093,25.30,7.15126
8.863,104.270,-291.782,-842.911,23.607,-67.271,-192.046,0.131,-0.401,-1.093,25.30,7.15142
8.871,104.467,-292.343,-844.513,23.629,-67.338,-192.229,0.131,-0.401,-1.093,25.29,7.15157
8.880,104.664,-292.905,-846.117,23.650,-67.405,-192.411,0.131,-0.401,-1.093,25.29,7.15172
8.888,104.861,-293.467,-847.722,23.672,-67.472,-192.593,0.131,-0.401,-1.093,25.29,7.15188
8.896,105.059,-294.030,-849.328,23.694,-67.538,-192.775,0.131,-0.401,-1.093,25.28,7.15203
8.905,105.256,-294.593,-850.936,23.716,-67.605,-192.958,0.131,-0.401,-1.093,25.28,7.15218
8.913,105.454,-295.157,-852.546,23.738,-67.672,-193.140,0.131,-0.401,-1.093,25.28,7.15234
8.921,105.652,-295.722,-854.157,23.759,-67.739,-193.322,0.131,-0.401,-1.093,25.28,7.15249
8.930,105.850,-296.287,-855.770,23.781,-67.806,-193.504,0.131,-0.401,-1.093,25.27,7.15265
8.938,106.049,-296.853,-857.384,23.803,-67.873,-193.687,0.131,-0.402,-1.093,25.27,7.15280
8.946,106.247,-297.419,-858.999,23.825,-67.940,-193.869,0.131,-0.402,-1.093,25.27,7.15296
8.955,106.446,-297.986,-860.616,23.847,-68.007,-194.051,0.131,-0.402,-1.093,25.26,7.15311
8.963,106.645,-298.553,-862.235,23.869,-68.074,-194.233,0.131,-0.402,-1.093,25.26,7.15327
8.971,106.844,-299.121,-863.855,23.890,-68.141,-194.416,0.131,-0.402,-1.093,25.26,7.15342
8.980,107.043,-299.689,-865.477,23.912,-68.208,-194.598,0.131,-0.402,-1.093,25.25,7.15358
8.988,107.243,-300.258,-867.100,23.934,-68.275,-194.780,0.131,-0.402,-1.093,25.25,7.15373
8.996,107.442,-300.828,-868.725,23.956,-68.342,-194.962,0.131,-0.402,-1.093,25.25,7.15389
9.005,107.642,-301.398,-870.351,23.978,-68.409,-195.145,0.131,-0.402,-1.093,25.24,7.15404
9.013,107.842,-301.968,-871.979,23.999,-68.476,-195.327,0.131,-0.402,-1.093,25.24,7.15420
9.021,108.042,-302.539,-873.608,24.021,-68.543,-195.509,0.131,-0.402,-1.093,25.24,7.15436
9.030,108.243,-303.111,-875.239,24.043,-68.610,-195.691,0.131,-0.402,-1.093,25.24,7.15451
9.038,108.443,-303.684,-876.871,24.065,-68.677,-195.873,0.131,-0.402,-1.093,25.23,7.15467
9.046,108.644,-304.256,-878.505,24.087,-68.744,-196.056,0.131,-0.402,-1.093,25.23,7.15483
9.055,108.845,-304.830,-880.140,24.108,-68.811,-196.238,0.131,-0.402,-1.093,25.23,7.15498
9.063,109.046,-305.404,-881.777,24.130,-68.878,-196.420,0.131,-0.402,-1.093,25.22,7.15514
9.071,109.247,-305.978,-883.415,24.152,-68.945,-196.602,0.131,-0.402,-1.093,25.22,7.15530
9.080,109.449,-306.553,-885.055,24.174,-69.012,-196.785,0.131,-0.402,-1.093,25.22,7.15545
9.088,109.650,-307.129,-886.697,24.196,-69.079,-196.967,0.131,-0.402,-1.093,25.21,7.15561
9.096,109.852,-307.705,-888.340,24.217,-69.146,-197.149,0.131,-0.402,-1.093,25.21,7.15577
9.105,110.054,-308.282,-889.984,24.239,-69.213,-197.331,0.131,-0.403,-1.093,25.21,7.15592
9.113,110.256,-308.860,-891.630,24.261,-69.280,-197.513,0.131,-0.403,-1.093,25.20,7.15608
9.121,110.459,-309.437,-893.278,24.283,-69.347,-197.696,0.131,-0.403,-1.093,25.20,7.15624
9.130,110.661,-310.016,-894.927,24.304,-69.414,-197.878,0.131,-0.403,-1.093,25.20,7.15640
9.138,110.864,-310.595,-896.577,24.326,-69.481,-198.060,0.131,-0.403,-1.093,25.20,7.15656
9.146,111.067,-311.174,-898.229,24.348,-69.549,-198.242,0.131,-0.403,-1.093,25.19,7.15671
9.155,111.270,-311.755,-899.883,24.370,-69.616,-198.424,0.131,-0.403,-1.093,25.19,7.15687
9.163,111.473,-312.335,-901.538,24.391,-69.683,-198.607,0.131,-0.403,-1.093,25.19,7.15703
9.171,111.677,-312.917,-903.194,24.413,-69.750,-198.789,0.131,-0.403,-1.093,25.18,7.15719
9.180,111.880,-313.498,-904.853,24.435,-69.817,-198.971,0.131,-0.403,-1.093,25.18,7.15735
9.188,112.084,-314.081,-906.512,24.457,-69.884,-199.153,0.131,-0.403,-1.093,25.18,7.15751
9.196,112.288,-314.664,-908.173,24.479,-69.951,-199.335,0.131,-0.403,-1.093,25.17,7.15767
9.205,112.492,-315.247,-909.836,24.500,-70.019,-199.518,0.131,-0.403,-1.093,25.17,7.15783
9.213,112.697,-315.831,-911.500,24.522,-70.086,-199.700,0.131,-0.403,-1.093,25.17,7.15799
9.221,112.901,-316.416,-913.166,24.544,-70.153,-199.882,0.131,-0.403,-1.093,25.16,7.15815
9.230,113.106,-317.001,-914.833,24.566,-70.220,-200.064,0.131,-0.403,-1.093,25.16,7.15831
9.238,113.311,-317.587,-916.502,24.587,-70.287,-200.246,0.131,-0.403,-1.093,25.16,7.15847
9.246,113.516,-318.173,-918.172,24.609,-70.355,-200.429,0.130,-0.403,-1.093,25.15,7.15863
9.255,113.721,-318.760,-919.844,24.631,-70.422,-200.611,0.130,-0.403,-1.093,25.15,7.15879
9.263,113.926,-319.347,-921.517,24.653,-70.489,-200.793,0.130,-0.403,-1.093,25.15,7.15895
9.271,114.132,-319.935,-923.192,24.674,-70.556,-200.975,0.130,-0.404,-1.093,25.15,7.15911
9.280,114.338,-320.524,-924.869,24.696,-70.624,-201.157,0.130,-0.404,-1.093,25.14,7.15927
9.288,114.544,-321.113,-926.546,24.718,-70.691,-201.339,0.130,-0.404,-1.093,25.14,7.15943
9.297,114.750,-321.703,-928.226,24.740,-70.758,-201.522,0.130,-0.404,-1.093,25.14,7.15959
9.305,114.956,-322.293,-929.907,24.761,-70.825,-201.704,0.130,-0.404,-1.093,25.13,7.15975
9.313,115.163,-322.884,-931.589,24.783,-70.893,-201.886,0.130,-0.404,-1.093,25.13,7.15991
9.322,115.370,-323.475,-933.273,24.805,-70.960,-202.068,0.130,-0.404,-1.093,25.13,7.16007
9.330,115.576,-324.067,-934.959,24.826,-71.027,-202.250,0.130,-0.404,-1.093,25.12,7.16023
9.338,115.784,-324.659,-936.646,24.848,-71.095,-202.432,0.130,-0.404,-1.093,25.12,7.16040
9.347,115.991,-325.252,-938.334,24.870,-71.162,-202.615,0.130,-0.404,-1.093,25.12,7.16056
9.355,116.198,-325.846,-940.024,24.892,-71.229,-202.797,0.130,-0.404,-1.093,25.11,7.16072
9.363,116.406,-326.440,-941.716,24.913,-71.297,-202.979,0.130,-0.404,-1.093,25.11,7.16088
9.372,116.614,-327.035,-943.409,24.935,-71.364,-203.161,0.130,-0.404,-1.093,25.11,7.16104
9.380,116.822,-327.630,-945.103,24.957,-71.431,-203.343,0.130,-0.404,-1.093,25.10,7.16121
9.388,117.030,-328.226,-946.799,24.979,-71.499,-203.525,0.130,-0.404,-1.093,25.10,7.16137
9.397,117.238,-328.822,-948.497,25.000,-71.566,-203.708,0.130,-0.404,-1.093,25.10,7.16153
9.405,117.447,-329.419,-950.196,25.022,-71.633,-203.890,0.130,-0.404,-1.093,25.09,7.16169
9.413,117.655,-330.017,-951.897,25.044,-71.701,-204.072,0.130,-0.404,-1.093,25.09,7.16186
9.422,117.864,-330.615,-953.599,25.065,-71.768,-204.254,0.130,-0.404,-1.093,25.09,7.16202
9.430,118.073,-331.214,-955.302,25.087,-71.836,-204.436,0.130,-0.404,-1.093,25.08,7.16218
9.438,118.283,-331.813,-957.008,25.109,-71.903,-204.618,0.130,-0.405,-1.093,25.08,7.16235
9.447,118.492,-332.413,-958.714,25.131,-71.971,-204.801,0.130,-0.405,-1.093,25.08,7.16251
9.455,118.702,-333.013,-960.423,25.152,-72.038,-204.983,0.130,-0.405,-1.093,25.07,7.16267
9.463,118.911,-333.614,-962.132,25.174,-72.105,-205.165,0.130,-0.405,-1.093,25.07,7.16284
9.472,119.121,-334.215,-963.844,25.196,-72.173,-205.347,0.130,-0.405,-1.093,25.07,7.16300
9.480,119.331,-334.817,-965.556,25.217,-72.240,-205.529,0.130,-0.405,-1.093,25.07,7.16317
9.488,119.542,-335.420,-967.271,25.239,-72.308,-205.711,0.130,-0.405,-1.093,25.06,7.16333
9.497,119.752,-336.023,-968.986,25.261,-72.375,-205.893,0.130,-0.405,-1.093,25.06,7.16350
9.505,119.963,-336.627,-970.704,25.282,-72.443,-206.076,0.130,-0.405,-1.093,25.06,7.16366
9.513,120.174,-337.231,-972.423,25.304,-72.510,-206.258,0.130,-0.405,-1.093,25.05,7.16383
9.522,120.385,-337.836,-974.143,25.326,-72.578,-206.440,0.130,-0.405,-1.093,25.05,7.16399
9.530,120.596,-338.441,-975.865,25.347,-72.645,-206.622,0.130,-0.405,-1.093,25.05,7.16416
9.538,120.808,-339.047,-977.588,25.369,-72.713,-206.804,0.130,-0.405,-1.093,25.04,7.16432
9.547,121.019,-339.654,-979.313,25.391,-72.780,-206.986,0.130,-0.405,-1.093,25.04,7.16449
9.555,121.231,-340.262,-981.042,25.413,-72.848,-207.169,0.130,-0.405,-1.093,25.04,7.16465
9.563,121.443,-340.869,-982.770,25.434,-72.916,-207.351,0.130,-0.405,-1.093,25.03,7.16482
9.572,121.655,-341.478,-984.500,25.456,-72.983,-207.533,0.130,-0.405,-1.093,25.03,7.16498
9.580,121.868,-342.086,-986.231,25.478,-73.051,-207.715,0.130,-0.405,-1.093,25.03,7.16515
9.588,122.080,-342.696,-987.963,25.499,-73.118,-207.897,0.130,-0.405,-1.093,25.02,7.16532
9.597,122.293,-343.306,-989.697,25.521,-73.186,-208.079,0.130,-0.406,-1.093,25.02,7.16548
9.605,122.506,-343.917,-991.434,25.543,-73.253,-208.262,0.130,-0.406,-1.093,25.02,7.16565
9.613,122.719,-344.528,-993.171,25.564,-73.321,-208.444,0.130,-0.406,-1.093,25.01,7.16581
9.622,122.932,-345.139,-994.910,25.586,-73.389,-208.626,0.130,-0.406,-1.093,25.01,7.16598
9.630,123.146,-345.751,-996.650,25.608,-73.456,-208.808,0.130,-0.406,-1.093,25.01,7.16615
9.638,123.359,-346.364,-998.392,25.629,-73.524,-208.990,0.130,-0.406,-1.093,25.00,7.16632
9.647,123.573,-346.977,-1000.135,25.651,-73.591,-209.172,0.130,-0.406,-1.093,25.00,7.16648
9.655,123.787,-347.591,-1001.879,25.673,-73.659,-209.354,0.130,-0.406,-1.093,25.00,7.16665
9.663,124.001,-348.205,-1003.626,25.694,-73.727,-209.536,0.130,-0.406,-1.093,24.99,7.16682
9.672,124.215,-348.820,-1005.373,25.716,-73.794,-209.719,0.130,-0.406,-1.093,24.99,7.16699
9.680,124.430,-349.436,-1007.123,25.738,-73.862,-209.901,0.130,-0.406,-1.093,24.99,7.16715
9.688,124.644,-350.052,-1008.873,25.759,-73.930,-210.083,0.130,-0.406,-1.093,24.98,7.16732
9.697,124.859,-350.669,-1010.625,25.781,-73.997,-210.265,0.130,-0.406,-1.093,24.98,7.16749
9.705,125.074,-351.286,-1012.379,25.803,-74.065,-210.447,0.130,-0.406,-1.093,24.98,7.16766
9.713,125.290,-351.904,-1014.134,25.824,-74.133,-210.629,0.130,-0.406,-1.093,24.97,7.16783
9.722,125.505,-352.522,-1015.891,25.846,-74.201,-210.811,0.130,-0.406,-1.093,24.97,7.16799
9.730,125.720,-353.141,-1017.650,25.867,-74.268,-210.993,0.130,-0.406,-1.093,24.97,7.16816
9.738,125.936,-353.760,-1019.409,25.889,-74.336,-211.175,0.130,-0.406,-1.093,24.96,7.16833
9.747,126.152,-354.381,-1021.171,25.911,-74.404,-211.357,0.130,-0.406,-1.093,24.96,7.16850
9.755,126.368,-355.001,-1022.934,25.932,-74.472,-211.540,0.130,-0.407,-1.093,24.96,7.16867
9.763,126.585,-355.622,-1024.698,25.954,-74.539,-211.722,0.130,-0.407,-1.093,24.95,7.16884
9.772,126.801,-356.244,-1026.464,25.976,-74.607,-211.904,0.130,-0.407,-1.093,24.95,7.16901
9.780,127.018,-356.866,-1028.231,25.997,-74.675,-212.086,0.130,-0.407,-1.093,24.95,7.16918
9.788,127.234,-357.489,-1030.000,26.019,-74.743,-212.268,0.130,-0.407,-1.092,24.94,7.16935
9.797,127.451,-358.113,-1031.771,26.040,-74.810,-212.450,0.130,-0.407,-1.092,24.94,7.16952
9.805,127.669,-358.737,-1033.543,26.062,-74.878,-212.632,0.130,-0.407,-1.092,24.94,7.16969
9.813,127.886,-359.361,-1035.316,26.084,-74.946,-212.814,0.130,-0.407,-1.092,24.93,7.16986
9.822,128.104,-359.986,-1037.091,26.105,-75.014,-212.996,0.130,-0.407,-1.092,24.93,7.17003
9.830,128.321,-360.612,-1038.868,26.127,-75.082,-213.178,0.130,-0.407,-1.092,24.93,7.17020
9.838,128.539,-361.238,-1040.646,26.149,-75.149,-213.360,0.130,-0.407,-1.092,24.92,7.17037
9.847,128.757,-361.865,-1042.425,26.170,-75.217,-213.543,0.130,-0.407,-1.092,24.92,7.17054
9.855,128.976,-362.492,-1044.206,26.192,-75.285,-213.725,0.130,-0.407,-1.092,24.92,7.17071
9.863,129.194,-363.120,-1045.989,26.213,-75.353,-213.907,0.130,-0.407,-1.092,24.91,7.17088
9.872,129.413,-363.749,-1047.773,26.235,-75.421,-214.089,0.130,-0.407,-1.092,24.91,7.17105
9.880,129.631,-364.378,-1049.559,26.257,-75.489,-214.271,0.130,-0.407,-1.092,24.91,7.17122
9.888,129.850,-365.008,-1051.346,26.278,-75.557,-214.453,0.130,-0.407,-1.092,24.90,7.17140
9.897,130.070,-365.638,-1053.135,26.300,-75.625,-214.635,0.130,-0.407,-1.092,24.90,7.17157
9.905,130.289,-366.269,-1054.925,26.321,-75.692,-214.817,0.130,-0.407,-1.092,24.90,7.17174
9.913,130.509,-366.900,-1056.716,26.343,-75.760,-214.999,0.130,-0.408,-1.092,24.89,7.17191
9.922,130.728,-367.532,-1058.510,26.365,-75.828,-215.181,0.130,-0.408,-1.092,24.89,7.17208
9.930,130.948,-368.164,-1060.304,26.386,-75.896,-215.363,0.130,-0.408,-1.092,24.89,7.17225
9.938,131.168,-368.797,-1062.101,26.408,-75.964,-215.545,0.130,-0.408,-1.092,24.88,7.17243
9.947,131.388,-369.431,-1063.898,26.429,-76.032,-215.727,0.130,-0.408,-1.092,24.88,7.17260
9.955,131.609,-370.065,-1065.698,26.451,-76.100,-215.909,0.129,-0.408,-1.092,24.88,7.17277
9.963,131.829,-370.700,-1067.498,26.473,-76.168,-216.091,0.129,-0.408,-1.092,24.87,7.17295
9.972,132.050,-371.335,-1069.301,26.494,-76.236,-216.273,0.129,-0.408,-1.092,24.87,7.17312
9.980,132.271,-371.971,-1071.105,26.516,-76.304,-216.456,0.129,-0.408,-1.092,24.87,7.17329
9.988,132.492,-372.608,-1072.910,26.537,-76.372,-216.638,0.129,-0.408,-1.092,24.86,7.17346
9.997,132.714,-373.245,-1074.717,26.559,-76.440,-216.820,0.129,-0.408,-1.092,24.86,7.17364
10.005,132.935,-373.882,-1076.525,26.580,-76.508,-217.002,0.129,-0.408,-1.092,24.86,7.17381
10.013,133.157,-374.520,-1078.335,26.602,-76.576,-217.184,0.129,-0.408,-1.092,24.85,7.17399
10.022,133.379,-375.159,-1080.146,26.624,-76.644,-217.366,0.129,-0.408,-1.092,24.85,7.17416
10.030,133.601,-375.798,-1081.959,26.645,-76.712,-217.548,0.129,-0.408,-1.092,24.85,7.17433
10.038,133.823,-376.438,-1083.774,26.667,-76.780,-217.730,0.129,-0.408,-1.092,24.84,7.17451
10.047,134.045,-377.079,-1085.590,26.688,-76.848,-217.912,0.129,-0.408,-1.092,24.84,7.17468
10.055,134.268,-377.720,-1087.407,26.710,-76.916,-218.094,0.129,-0.408,-1.092,24.84,7.17486
10.063,134.491,-378.361,-1089.226,26.731,-76.984,-218.276,0.129,-0.409,-1.092,24.83,7.17503
10.072,134.714,-379.003,-1091.047,26.753,-77.052,-218.458,0.129,-0.409,-1.092,24.83,7.17521
10.080,134.937,-379.646,-1092.869,26.774,-77.121,-218.640,0.129,-0.409,-1.092,24.83,7.17538
10.088,135.160,-380.289,-1094.692,26.796,-77.189,-218.822,0.129,-0.409,-1.092,24.82,7.17556
10.097,135.384,-380.933,-1096.518,26.818,-77.257,-219.004,0.129,-0.409,-1.092,24.82,7.17573
10.105,135.607,-381.577,-1098.344,26.839,-77.325,-219.186,0.129,-0.409,-1.092,24.82,7.17591
10.113,135.831,-382.222,-1100.172,26.861,-77.393,-219.368,0.129,-0.409,-1.092,24.81,7.17608
10.122,136.055,-382.868,-1102.002,26.882,-77.461,-219.550,0.129,-0.409,-1.092,24.81,7.17626
10.130,136.279,-383.514,-1103.833,26.904,-77.529,-219.732,0.129,-0.409,-1.092,24.81,7.17643
10.138,136.504,-384.161,-1105.666,26.925,-77.597,-219.914,0.129,-0.409,-1.092,24.80,7.17661
10.147,136.728,-384.808,-1107.500,26.947,-77.666,-220.096,0.129,-0.409,-1.092,24.80,7.17678
10.155,136.953,-385.456,-1109.335,26.968,-77.734,-220.278,0.129,-0.409,-1.092,24.79,7.17696
10.163,137.178,-386.104,-1111.173,26.990,-77.802,-220.460,0.129,-0.409,-1.092,24.79,7.17714
10.172,137.403,-386.753,-1113.011,27.011,-77.870,-220.642,0.129,-0.409,-1.092,24.79,7.17731
10.180,137.628,-387.402,-1114.852,27.033,-77.938,-220.824,0.129,-0.409,-1.092,24.78,7.17749
10.188,137.854,-388.053,-1116.693,27.055,-78.007,-221.006,0.129,-0.409,-1.092,24.78,7.17767
10.197,138.079,-388.703,-1118.537,27.076,-78.075,-221.188,0.129,-0.409,-1.092,24.78,7.17784
10.205,138.305,-389.354,-1120.381,27.098,-78.143,-221.370,0.129,-0.409,-1.092,24.77,7.17802
10.213,138.531,-390.006,-1122.228,27.119,-78.211,-221.552,0.129,-0.409,-1.092,24.77,7.17820
10.222,138.757,-390.659,-1124.075,27.141,-78.280,-221.734,0.129,-0.410,-1.092,24.77,7.17838
10.230,138.984,-391.311,-1125.925,27.162,-78.348,-221.916,0.129,-0.410,-1.092,24.76,7.17855
10.238,139.210,-391.965,-1127.776,27.184,-78.416,-222.098,0.129,-0.410,-1.092,24.76,7.17873
10.247,139.437,-392.619,-1129.628,27.205,-78.484,-222.280,0.129,-0.410,-1.092,24.76,7.17891
10.255,139.664,-393.274,-1131.482,27.227,-78.553,-222.462,0.129,-0.410,-1.092,24.75,7.17909
10.263,139.891,-393.929,-1133.337,27.248,-78.621,-222.644,0.129,-0.410,-1.092,24.75,7.17927
10.272,140.118,-394.585,-1135.194,27.270,-78.689,-222.826,0.129,-0.410,-1.092,24.75,7.17944
10.280,140.346,-395.241,-1137.053,27.291,-78.758,-223.008,0.129,-0.410,-1.092,24.74,7.17962
10.288,140.573,-395.898,-1138.913,27.313,-78.826,-223.190,0.129,-0.410,-1.092,24.74,7.17980
10.297,140.801,-396.555,-1140.774,27.334,-78.894,-223.372,0.129,-0.410,-1.092,24.74,7.17998
10.305,141.029,-397.213,-1142.637,27.356,-78.963,-223.554,0.129,-0.410,-1.092,24.73,7.18016
10.313,141.257,-397.872,-1144.502,27.377,-79.031,-223.736,0.129,-0.410,-1.092,24.73,7.18034
